{
  "title": "\"전기세 부담 덜겠네\"…에너지 절감 입증한 삼성 세탁기 기능",
  "description": "전기세 부담 덜겠네…에너지 절감 입증한 삼성 세탁기 기능, 삼성전자 스마트싱스 AI 절약모드 에너지 소비량 30% 절감 실증 글로벌 탄소 검증 기관과 협업 18.7만대 세탁기 실측…5.02GWh 절감 업계 최초 DUCD 측정 기준 따라 실측",
  "content": "[IMG]\n\n                            \n                        \n                        스마트싱스로 '비스포크 AI 콤보'의 에너지 사용량을 확인하고 있다. 사진=삼성전자 제공\n                    \n                삼성전자가 스마트싱스(SmartThings) 'AI 절약모드' 기능을 통해 고효율 세탁기 에너지 사용량이 약 30% 절감되는 것을 실증했다.\n\n삼성전자는 글로벌 탄소 검증 기관 카본 트러스트와 지난해 7월부터 올해 6월까지 1년간 126개 국가에서 실사용 중인 약 18만 7000대의 삼성전자 고효율 세탁기를 대상으로 에너지 사용량을 실측했다고 14일 밝혔다.\n\n이번 실측은 AI 절약모드 에너지 절감 효과를 검증하기 위해 진행됐다. 이 모드는 스마트싱스에 연결된 가전 기기의 에너지 사용량을 관리하고 절감해 주는 기능이다.\n\n실측 결과 AI 절약모드를 통해 전체 에너지 사용량의 30% 수준인 약 5.02GWh의 에너지가 절감된 것을 확인했다. 5.02GWh는 서울시의 1만 4000가구가 여름철 한 달 동안 쓰는 전기량과 맞먹는 양이다.\n\n이번 검증은 AI 절약모드를 자유롭게 설정해 사용하는 조건으로 진행됐다. AI 절약모드의 사용이 많아질수록 절감효과는 30%보다 더 커질 것으로 기대된다.\n\n이번 검증은 업계 최초로 '연결형 기기의 사용 단계 탈탄소화 협의체(DUCD)'의 탄소 배출량과 절감량 측정 기준에 따라 실제 사용 중인 제품에서 탄소 감축 효과를 실측해 냈다는 점에서 의미가 크다.\n\nDUCD는 카본트러스트가 주도하는 협의체로 연결형 기기의 에너지 사용량과 절감량 측정법의 표준화를 목표로 한다. 삼성전자를 비롯해 여러 글로벌 IT기업들이 참여하고 있다.\n\n삼성전자는 가전제품 사용 시 발생하는 탄소 배출량과 감축량을 정확히 측정·관리함으로써 에너지 효율이 높은 제품을 기획·개발하고 소비자에게 객관적인 정보를 제공해 신뢰성을 높여갈 예정이다.\n\n문종승 삼성전자 DA사업부 부사장은 \"가전 제품과 서비스를 기획하는 단계부터 AI 절약모드를 비롯한 사용 단계까지 환경에 미치는 영향을 면밀히 고려하고 있다\"며 \"이번 국제 검증을 바탕으로 고효율 가전 리더십 강화하고 에너지 효율을 높이는 기능 개발에 더욱 매진할 것\"이라고 말했다.\n\n최수진 한경닷컴 기자 naive@hankyung.com",
  "published_at": "2025-12-14T10:44:40+09:00",
  "author": "최수진",
  "image_urls": [
    "https://img.hankyung.com/photo/202512/01.39060180.1.jpg"
  ],
  "thumbnail_url": "https://img.hankyung.com/photo/202512/01.39060180.1.jpg",
  "content_url": "https://www.hankyung.com/article/2025121421827",
  "publisher": "한국경제",
  "analysis": {
    "companies": {
      "삼성전자": {
        "original_mention": "삼성전자",
        "mapped_name": "삼성전자",
        "listing_status": "상장",
        "exchange": "KRX",
        "country": "Korea",
        "sentiment": "긍정",
        "sentiment_reason": "에너지 절감 기능을 통해 전기세 부담을 줄일 수 있는 긍정적인 효과를 입증함",
        "stock_code": "005930"
      },
      "카본 트러스트": {
        "original_mention": "카본 트러스트",
        "mapped_name": "카본 트러스트",
        "listing_status": "비상장",
        "exchange": "",
        "country": "Other",
        "sentiment": "중립",
        "sentiment_reason": "삼성전자의 에너지 절감 효과 검증에 참여",
        "stock_code": null
      }
    },
    "relations": [
      {
        "source": "삼성전자",
        "target": "카본 트러스트",
        "relation_type": "파트너",
        "relation_reason": "에너지 절감 효과 검증을 위한 협력",
        "source_is_listed": true,
        "source_country": "Korea",
        "source_ticker": "005930",
        "target_is_listed": false,
        "target_country": "Other",
        "target_ticker": null
      }
    ]
  }
}