{
  "title": "TSMC 점유율 71% 독주...삼성전자와 격차 벌려",
  "description": "TSMC 점유율 71% 독주...삼성전자와 격차 벌려, 트렌드포스 3분기 파운드리 점유율",
  "content": "[IMG]\n\n                            \n                        \n                        글로벌 파운드리 3분기 점유율. 트렌드포스\n                    \n                올해 3분기 글로벌 파운드리(반도체 수탁생산) 시장에서 대만 TSMC가 71%의 점유율을 기록하며 독주를 이어갔다. 2위인 삼성전자는 전 분기 대비 매출은 소폭 늘었지만 시장 점유율은 6%대로 하락하며 1위와의 격차가 더 벌어졌다.\n\n12일 시장조사업체 트렌드포스에 따르면, 올해 3분기 글로벌 파운드리 시장 상위 10개 기업의 매출은 전 분기 대비 8.1% 증가한 총 451억 달러를 기록했다. 고성능 컴퓨팅(HPC) 분야의 인공지능(AI) 칩과 신규 소비자용 전자칩·IC기기 수요가 유지됐고, 7나노미터 이하의 첨단 공정과 고부가가치 웨이퍼 공정이 전체 매출 성장을 견인했다고 트렌드포스는 분석했다.\n\n업체별로 TSMC는 올해 3분기 330억6300만 달러의 매출을 올리며 시장 점유율 71%를 차지했다. 점유율은 전 분기보다 0.8%포인트 상승했다. 트렌드포스는 \"TSMC는 애플의 신형 아이폰을 위한 공격적인 재고 확보와 엔비디아 블랙웰 플랫폼의 본격 양산이 맞물리며 웨이퍼 출하량과 평균판매단가(ASP)가 모두 전 분기 대비 증가했다\"고 밝혔다.\n\n같은 기간 삼성전자는 전 분기 대비 0.5%포인트 감소한 6.8%의 점유율을 기록했다. 전 분기 대비 가동률이 소폭 반등하면서 매출은 31억8400만 달러를 기록했다. 이로써 양사의 시장 점유율 격차는 2분기 62.9%포인트에서 3분기 64.2%포인트로 늘어났다.\n\n3위인 중국 SMIC는 전 분기와 동일한 5.1%의 점유율을 기록했다. 트렌드포스는 \"2026년 수요 전망은 지정학적 리스크로 인해 더 신중해지고 있다\"며 \"올해 4분기 파운드리 가동률 상승 폭은 제한적일 전망이며, 이에 따라 상위 10대 업체의 4분기 매출 증가 폭은 크게 둔화할 것으로 예상된다\"고 분석했다.\n\n황정수 기자 hjs@hankyung.com",
  "published_at": "2025-12-14T10:11:41+09:00",
  "author": "황정수",
  "image_urls": [
    "https://img.hankyung.com/photo/202512/01.42675649.1.jpg"
  ],
  "thumbnail_url": "https://img.hankyung.com/photo/202512/01.42675649.1.jpg",
  "content_url": "https://www.hankyung.com/article/202512142133i",
  "publisher": "한국경제",
  "analysis": {
    "companies": {
      "TSMC": {
        "original_mention": "TSMC",
        "mapped_name": "TSMC",
        "listing_status": "상장",
        "exchange": "NYSE",
        "country": "USA",
        "sentiment": "긍정",
        "sentiment_reason": "TSMC는 3분기 점유율 71%로 독주를 이어가며 매출 증가를 기록했다.",
        "stock_code": "TSM"
      },
      "삼성전자": {
        "original_mention": "삼성전자",
        "mapped_name": "삼성전자",
        "listing_status": "상장",
        "exchange": "KOSPI",
        "country": "Korea",
        "sentiment": "부정",
        "sentiment_reason": "삼성전자는 점유율이 하락하며 TSMC와의 격차가 벌어졌다.",
        "stock_code": "005930"
      },
      "SMIC": {
        "original_mention": "SMIC",
        "mapped_name": "SMIC",
        "listing_status": "상장",
        "exchange": "HKEX",
        "country": "Other",
        "sentiment": "중립",
        "sentiment_reason": "SMIC는 점유율이 전 분기와 동일하게 유지되었다.",
        "stock_code": "0981.HK"
      }
    },
    "relations": [
      {
        "source": "TSMC",
        "target": "삼성전자",
        "relation_type": "경쟁사",
        "relation_reason": "TSMC와 삼성전자는 글로벌 파운드리 시장에서 점유율 경쟁을 하고 있다.",
        "source_is_listed": true,
        "source_country": "USA",
        "source_ticker": "TSM",
        "target_is_listed": true,
        "target_country": "Korea",
        "target_ticker": "005930"
      }
    ]
  }
}