{
  "title": "SK하이닉스·삼성 아니었다…구직자·직장인 가고 싶은 기업 1위는",
  "description": "SK하이닉스·삼성 아니었다…구직자·직장인 가고 싶은 기업 1위는, 김소연 기자, 사회",
  "content": "[IMG]\n\n                            \n                        \n                        리브영N 성수 매장/사진=CJ올리브영 \n                    \n                구직자와 직장인이 가장 일하고 싶은 기업으로 CJ올리브영이 꼽혔다.\n\n13일 진학사 캐치에 따르면 구직자 및 직장인 3079명을 대상으로 실시한 '2025 올해의 기업' 조사 결과 CJ올리브영(20%)이 SK하이닉스와 삼성전자를 제치고 1위에 올랐다. 해당 조사는 매년 캐치 사이트 내 기업 콘텐츠 조회수가 높은 40개 기업을 대상으로 투표해 순위를 매긴다.\n\nCJ올리브영은 작년에 3위를 기록했지만, K-뷰티 인기에 힘입어 글로벌 경쟁력이 강화된 이점 등으로 조사 이래 처음으로 1위를 차지했다는 평가다.\n\n지난해 1위였던 SK하이닉스(15%)는 한 계단 밀려 2위, 네이버(8%)가 3위를 차지했다. 현대자동차와 삼성전자(이상 7%)가 공동 4위에 자리했으며, CJ제일제당(5%·6위), 카카오페이·아모레퍼시픽(이상 2%·공동 7위), 삼성바이오로직스(2%·9위), 한화에어로스페이스(2%·10위) 순이었다.\n\n응답자들은 기업을 선택할 때 연봉·보상(48%)을 가장 중요하게 따지는 것으로 나타났다. 이어 브랜드 인지도(21%), 전공·관심 분야 부합(11%), 워라밸(10%), 조직 문화·분위기(5%), 고용 안정성(4%), 사회적 가치·ESG(1%) 순으로 조사됐다.\n\n'올해의 기업'은 매년 캐치 사이트 내 기업 콘텐츠 조회수가 높은 40개 기업을 대상으로 구직자 및 직장인의 투표를 통해 선정된다.\n\n김소연 한경닷컴 기자 sue123@hankyung.com",
  "published_at": "2025-12-13T18:45:38+09:00",
  "author": "김소연",
  "image_urls": [
    "https://img.hankyung.com/photo/202512/01.42565533.1.jpg"
  ],
  "thumbnail_url": "https://img.hankyung.com/photo/202512/01.42565533.1.jpg",
  "content_url": "https://www.hankyung.com/article/2025121316857",
  "publisher": "한국경제",
  "analysis": {
    "companies": {
      "CJ올리브영": {
        "original_mention": "CJ올리브영",
        "mapped_name": "CJ올리브영",
        "listing_status": "비상장",
        "exchange": "",
        "country": "Korea",
        "sentiment": "긍정",
        "sentiment_reason": "구직자와 직장인이 가장 일하고 싶은 기업으로 선정됨",
        "stock_code": null
      },
      "SK하이닉스": {
        "original_mention": "SK하이닉스",
        "mapped_name": "SK하이닉스",
        "listing_status": "상장",
        "exchange": "KRX",
        "country": "Korea",
        "sentiment": "중립",
        "sentiment_reason": "지난해 1위에서 2위로 밀려남",
        "stock_code": "000660"
      },
      "삼성전자": {
        "original_mention": "삼성전자",
        "mapped_name": "삼성전자",
        "listing_status": "상장",
        "exchange": "KRX",
        "country": "Korea",
        "sentiment": "중립",
        "sentiment_reason": "구직자와 직장인이 가고 싶은 기업 순위에서 공동 4위",
        "stock_code": "005930"
      },
      "네이버": {
        "original_mention": "네이버",
        "mapped_name": "NAVER",
        "listing_status": "상장",
        "exchange": "KRX",
        "country": "Korea",
        "sentiment": "중립",
        "sentiment_reason": "구직자와 직장인이 가고 싶은 기업 순위에서 3위",
        "stock_code": "035420"
      },
      "현대자동차": {
        "original_mention": "현대자동차",
        "mapped_name": "현대자동차",
        "listing_status": "상장",
        "exchange": "KRX",
        "country": "Korea",
        "sentiment": "중립",
        "sentiment_reason": "구직자와 직장인이 가고 싶은 기업 순위에서 공동 4위",
        "stock_code": "005380"
      },
      "CJ제일제당": {
        "original_mention": "CJ제일제당",
        "mapped_name": "CJ제일제당",
        "listing_status": "상장",
        "exchange": "KRX",
        "country": "Korea",
        "sentiment": "중립",
        "sentiment_reason": "구직자와 직장인이 가고 싶은 기업 순위에서 6위",
        "stock_code": "097950"
      },
      "카카오페이": {
        "original_mention": "카카오페이",
        "mapped_name": "카카오페이",
        "listing_status": "상장",
        "exchange": "KRX",
        "country": "Korea",
        "sentiment": "중립",
        "sentiment_reason": "구직자와 직장인이 가고 싶은 기업 순위에서 공동 7위",
        "stock_code": "377300"
      },
      "아모레퍼시픽": {
        "original_mention": "아모레퍼시픽",
        "mapped_name": "아모레퍼시픽",
        "listing_status": "상장",
        "exchange": "KRX",
        "country": "Korea",
        "sentiment": "중립",
        "sentiment_reason": "구직자와 직장인이 가고 싶은 기업 순위에서 공동 7위",
        "stock_code": "090430"
      },
      "삼성바이오로직스": {
        "original_mention": "삼성바이오로직스",
        "mapped_name": "삼성바이오로직스",
        "listing_status": "상장",
        "exchange": "KRX",
        "country": "Korea",
        "sentiment": "중립",
        "sentiment_reason": "구직자와 직장인이 가고 싶은 기업 순위에서 9위",
        "stock_code": "207940"
      },
      "한화에어로스페이스": {
        "original_mention": "한화에어로스페이스",
        "mapped_name": "한화에어로스페이스",
        "listing_status": "상장",
        "exchange": "KRX",
        "country": "Korea",
        "sentiment": "중립",
        "sentiment_reason": "구직자와 직장인이 가고 싶은 기업 순위에서 10위",
        "stock_code": "012450"
      }
    },
    "relations": []
  }
}