{
  "title": "삼성바이오로직스, CDP 평가서 수자원관리 부문 최고 등급 'A등급' 획득",
  "description": "삼성바이오로직스, CDP 평가서 수자원관리 부문 최고 등급 A등급 획득, 글로벌 리더 수준의 투명성·실천력 입증 받아",
  "content": "[IMG]\n\n                            \n                        \n                        \n                    \n                삼성바이오로직스는 글로벌 지속가능경영 평가기관인 탄소정보공개프로젝트(CDP)로부터 수자원관리(Water Security) 부문에서 최상위 등급인 'A등급'을 받았다고 11일 밝혔다. 이는 지난해 A-등급에서 한 단계 상승한 결과다.\n\n삼성바이오로직스는 CDP 평가 참여 2년만에 수자원관리 부문에서 처음으로 최고등급인 A등급을 획득함에 따라 'A리스트(A-List)' 기업으로 선정됐다. A리스트는 각 분야에서 최고 수준의 평가를 받은 상위 기업의 명단으로 글로벌 리더 수준의 투명성과 실행력을 공식적으로 인정받은 기업들이 포함돼 있다. 통상 CDP 평가 참여 기업 중 단 2% 가량만이 A리스트에 등재되는 것으로 알려져 있다.\n\nCDP는 2000년 영국에서 설립된 이후 전 세계 주요 상장기업을 대상으로 환경 이슈 대응과 관련한 정보 공개 요청 프로젝트를 수행 중이다. 글락소스미스클라인(GSK), 아스트라제네카(AZ), 노바티스(Norvatis) 등 주요 글로벌 빅파마들과 투자자들도 기업의 기후변화 대응 수준을 파악하기 위해 CDP 평가 참여를 적극적으로 독려하고 있다. 전략·목표·활동 등 다양한 분야에서 고르게 높은 점수를 받아야 상위 등급을 받을 수 있어 대외 신인도가 높다.\n\n삼성바이오로직스는 이번 평가에서 자연자본전략 및 수질 오염 관리, 수자원 재이용률 등 구체적인 목표 설정, 수자원의 취수·방류·소비 데이터의 정확도와 신뢰성 확보 등의 활동을 통해 우수한 ESG 역량을 인정 받았다.\n\n아울러 삼성바이오로직스는 지속가능한 CDMO 파트너를 목표로 ESG 경영에도 전사적 역량을 집중해오고 있다. 글로벌 주요 이니셔티브인 지속가능한 시장 이니셔티브(SMI)에서는 존 림 대표가 헬스시스템 태스크포스(TF)의 공급망 분야 의장을 맡는 등 ESG 분야에서 글로벌 리더십을 강화하고 있다. SMI는 2020년 세계경제포럼(WEF) 이후 영국 찰스 3세 국왕 주관으로 출범한 글로벌 기후변화 대응 이니셔티브다.\n\n삼성바이오로직스는 지속가능한 미래를 위한 노력을 인정받아 지난 2023년 탄소 중립을 위한 구체적이고 혁신적인 로드맵을 제시한 기업에만 수여되는 SMI의 '테라 카르타 실(Terra Carta Seal)'도 수상한 바 있다.\n\n존 림 삼성바이오로직스 대표는 \"이번 평가는 글로벌 고객사가 요구하는 ESG 환경 전략에 부합하는 활동을 충실히 이행해 온 결과\"라며 \"삼성바이오로직스는 앞으로도 탄소중립 목표 달성과 수자원 관리 강화를 위한 노력을 꾸준히 이어갈 것\"이라고 말했다.\n\n김유림 기자 youforest@hankyung.com",
  "published_at": "2025-12-11T08:38:20+09:00",
  "author": "김유림",
  "image_urls": [
    "https://img.hankyung.com/photo/202512/01.42646336.1.png"
  ],
  "thumbnail_url": "https://img.hankyung.com/photo/202512/01.42646336.1.png",
  "content_url": "https://www.hankyung.com/article/202512116587i",
  "publisher": "한국경제",
  "analysis": {
    "companies": {
      "삼성바이오로직스": {
        "original_mention": "삼성바이오로직스",
        "mapped_name": "삼성바이오로직스",
        "listing_status": "상장",
        "exchange": "KOSPI",
        "country": "Korea",
        "sentiment": "긍정",
        "sentiment_reason": "CDP 평가에서 수자원관리 부문 최고 등급 'A등급' 획득",
        "stock_code": "207940"
      },
      "글락소스미스클라인": {
        "original_mention": "글락소스미스클라인",
        "mapped_name": "글락소스미스클라인",
        "listing_status": "상장",
        "exchange": "LSE",
        "country": "Other",
        "sentiment": "중립",
        "sentiment_reason": "CDP 평가 참여 독려",
        "stock_code": "GSK"
      },
      "아스트라제네카": {
        "original_mention": "아스트라제네카",
        "mapped_name": "아스트라제네카",
        "listing_status": "상장",
        "exchange": "LSE",
        "country": "Other",
        "sentiment": "중립",
        "sentiment_reason": "CDP 평가 참여 독려",
        "stock_code": "AZN"
      },
      "노바티스": {
        "original_mention": "노바티스",
        "mapped_name": "노바티스",
        "listing_status": "상장",
        "exchange": "SIX",
        "country": "Other",
        "sentiment": "중립",
        "sentiment_reason": "CDP 평가 참여 독려",
        "stock_code": "NOVN"
      }
    },
    "relations": [
      {
        "source": "삼성바이오로직스",
        "target": "글락소스미스클라인",
        "relation_type": "고객사",
        "relation_reason": "글로벌 고객사가 요구하는 ESG 환경 전략에 부합하는 활동",
        "source_is_listed": true,
        "source_country": "Korea",
        "source_ticker": "207940",
        "target_is_listed": true,
        "target_country": "Other",
        "target_ticker": "GSK"
      },
      {
        "source": "삼성바이오로직스",
        "target": "아스트라제네카",
        "relation_type": "고객사",
        "relation_reason": "글로벌 고객사가 요구하는 ESG 환경 전략에 부합하는 활동",
        "source_is_listed": true,
        "source_country": "Korea",
        "source_ticker": "207940",
        "target_is_listed": true,
        "target_country": "Other",
        "target_ticker": "AZN"
      },
      {
        "source": "삼성바이오로직스",
        "target": "노바티스",
        "relation_type": "고객사",
        "relation_reason": "글로벌 고객사가 요구하는 ESG 환경 전략에 부합하는 활동",
        "source_is_listed": true,
        "source_country": "Korea",
        "source_ticker": "207940",
        "target_is_listed": true,
        "target_country": "Other",
        "target_ticker": "NOVN"
      }
    ]
  }
}