{
  "title": "단기 변동성은 기회…제약·바이오 톱픽은 한미약품·삼성바이오로직스",
  "description": "단기 변동성은 기회…제약·바이오 톱픽은 한미약품·삼성바이오로직스, 증권",
  "content": "증권가는 제약·바이오 섹터에 대해 내년 상반기까지의 중장기 투자 관점에서 접근할 것을 권고했다. 기술이전 이벤트 가능성이 열려 있고, 코스피 이전 상장을 앞둔 알테오젠이나 저평가된 삼성바이오로직스 등은 매력적인 투자 대상으로 꼽았다. 최근의 주가 하락은 펀더멘털보다 타 섹터 수익률 확정에 따른 수급 영향이 크기 때문에 이를 매수 기회로 삼는 전략이 유효하다고 분석했다.\n\n2024년 톱픽으로는 R&amp;D 이벤트와 실적 기대가 뚜렷한 한미약품, 분할 이슈와 환율 호재가 기대되는 삼성바이오로직스, 후기 임상 성과와 ADC 시장 확대에 주목할 리가켐바이오, 에피스와의 협력 성과가 기대되는 인터셀 등이 선정됐다. 다만 제네릭 매출 비중이 높은 전통 제약사는 이달 예정된 약가제도 개편에 따른 리스크에 노출돼 있어 주의가 필요하다고 강조했다.\n\n한편, 스탁론에 대한 관심이 날로높아지고 있다. 모처럼 잡은 투자기회를 놓치지 않으려는 투자자들이 주식매입을 위해 더 많은 자금을 활용할 수 있는 스탁론으로 눈길을 돌리고 있기 때문이다. 현 주가는 실적을 따라가지 못하고 있는 상황으로, 밸류에이션 리레이팅이 필요한 시기라는 평가도 나오고 있다.\n\n\n                    \n                        \n                            \n[IMG]\n\n                            \n                        \n                         \n                    \n                \n\n◆ 하이스탁론, 연 4%대 업계 최저금리로 추가 투자금은 물론 신용미수 대환까지!\n\n&lt;하이스탁론&gt;에서 누구나 부담 없이 스탁론을 경험할 수 있도록 연 4%대 최저금리 상품을 출시했다. 주식매입 용도는 물론 증권사 미수/신용 대환도 가능하며 신용등급 차등 없이 자기자본 포함 최대 4배까지 활용할 수 있다.\n\n이와 함께 DSR 한도 때문에 기존 스탁론 이용이 어려웠던 투자자들은 위한 DSR 무관 상품도 취급 중이다. 또한 장중 거래가 어려웠던 투자자를 위한 대체거래소(NXT) 거래도 가능해졌다.\n\n&lt;하이스탁론&gt;의 새로운 상품에 대해 자세히 알고 싶은 투자자는 고객상담센터(1599-0313)로 연락하면 대출 여부와 상관없이 24시간 언제든 전문상담원과 편리한 상담이 가능하다.\n\n○ 연 4%대 업계 최저금리 상품 출시\n\n○ 대체거래소(NXT) 거래 가능!\n\n○ 21년 연속 시장 점유율 1위, 16년 연속 대한민국퍼스트브랜드 대상\n\n○ 증권사 신용/미수 실시간 상환, 한종목 100% 집중 투자\n\n○ 믿을 수 있는 상담품질보증제\n\n※하이스탁론상담센터 : 1599-0313\n\n:https://www.hisl.co.kr/0313\n\n◆ 현 시각 관심종목 Top 10 : SK하이닉스, NAVER, 에코프로비엠, 삼성에피스홀딩스, HL만도, 한올바이오파마, HD현대일렉트릭, 기아, 링크솔루션, 한국전력\n\n무료상담",
  "published_at": "2025-12-04T11:25:01+09:00",
  "author": "한국경제",
  "image_urls": [
    "https://img.hankyung.com/photo/202512/0D.42563157.1.jpg"
  ],
  "thumbnail_url": "https://img.hankyung.com/photo/202512/0D.42563157.1.jpg",
  "content_url": "https://www.hankyung.com/article/202512030666a",
  "publisher": "한국경제",
  "analysis": {
    "companies": {
      "한미약품": {
        "original_mention": "한미약품",
        "mapped_name": "한미약품",
        "listing_status": "상장",
        "exchange": "KOSPI",
        "country": "Korea",
        "sentiment": "긍정",
        "sentiment_reason": "R&D 이벤트와 실적 기대가 뚜렷함",
        "stock_code": "128940"
      },
      "삼성바이오로직스": {
        "original_mention": "삼성바이오로직스",
        "mapped_name": "삼성바이오로직스",
        "listing_status": "상장",
        "exchange": "KOSPI",
        "country": "Korea",
        "sentiment": "긍정",
        "sentiment_reason": "분할 이슈와 환율 호재 기대",
        "stock_code": "207940"
      },
      "알테오젠": {
        "original_mention": "알테오젠",
        "mapped_name": "알테오젠",
        "listing_status": "상장",
        "exchange": "KOSDAQ",
        "country": "Korea",
        "sentiment": "긍정",
        "sentiment_reason": "코스피 이전 상장 기대",
        "stock_code": "196170"
      },
      "리가켐바이오": {
        "original_mention": "리가켐바이오",
        "mapped_name": "리가켐바이오",
        "listing_status": "비상장",
        "exchange": "",
        "country": "Korea",
        "sentiment": "긍정",
        "sentiment_reason": "후기 임상 성과와 ADC 시장 확대 주목",
        "stock_code": null
      },
      "인터셀": {
        "original_mention": "인터셀",
        "mapped_name": "인터셀",
        "listing_status": "비상장",
        "exchange": "",
        "country": "Korea",
        "sentiment": "긍정",
        "sentiment_reason": "에피스와의 협력 성과 기대",
        "stock_code": null
      },
      "SK하이닉스": {
        "original_mention": "SK하이닉스",
        "mapped_name": "SK하이닉스",
        "listing_status": "상장",
        "exchange": "KOSPI",
        "country": "Korea",
        "sentiment": "중립",
        "sentiment_reason": "관심 종목으로 언급됨",
        "stock_code": "000660"
      },
      "NAVER": {
        "original_mention": "NAVER",
        "mapped_name": "NAVER",
        "listing_status": "상장",
        "exchange": "KOSPI",
        "country": "Korea",
        "sentiment": "중립",
        "sentiment_reason": "관심 종목으로 언급됨",
        "stock_code": "035420"
      },
      "에코프로비엠": {
        "original_mention": "에코프로비엠",
        "mapped_name": "에코프로비엠",
        "listing_status": "상장",
        "exchange": "KOSDAQ",
        "country": "Korea",
        "sentiment": "중립",
        "sentiment_reason": "관심 종목으로 언급됨",
        "stock_code": "247540"
      },
      "삼성에피스홀딩스": {
        "original_mention": "삼성에피스홀딩스",
        "mapped_name": "삼성에피스홀딩스",
        "listing_status": "비상장",
        "exchange": "",
        "country": "Korea",
        "sentiment": "중립",
        "sentiment_reason": "관심 종목으로 언급됨",
        "stock_code": null
      },
      "HL만도": {
        "original_mention": "HL만도",
        "mapped_name": "HL만도",
        "listing_status": "상장",
        "exchange": "KOSPI",
        "country": "Korea",
        "sentiment": "중립",
        "sentiment_reason": "관심 종목으로 언급됨",
        "stock_code": "204320"
      },
      "한올바이오파마": {
        "original_mention": "한올바이오파마",
        "mapped_name": "한올바이오파마",
        "listing_status": "상장",
        "exchange": "KOSPI",
        "country": "Korea",
        "sentiment": "중립",
        "sentiment_reason": "관심 종목으로 언급됨",
        "stock_code": "009420"
      },
      "HD현대일렉트릭": {
        "original_mention": "HD현대일렉트릭",
        "mapped_name": "HD현대일렉트릭",
        "listing_status": "상장",
        "exchange": "KOSPI",
        "country": "Korea",
        "sentiment": "중립",
        "sentiment_reason": "관심 종목으로 언급됨",
        "stock_code": "267260"
      },
      "기아": {
        "original_mention": "기아",
        "mapped_name": "기아",
        "listing_status": "상장",
        "exchange": "KOSPI",
        "country": "Korea",
        "sentiment": "중립",
        "sentiment_reason": "관심 종목으로 언급됨",
        "stock_code": "000270"
      },
      "링크솔루션": {
        "original_mention": "링크솔루션",
        "mapped_name": "링크솔루션",
        "listing_status": "비상장",
        "exchange": "",
        "country": "Korea",
        "sentiment": "중립",
        "sentiment_reason": "관심 종목으로 언급됨",
        "stock_code": null
      },
      "한국전력": {
        "original_mention": "한국전력",
        "mapped_name": "한국전력",
        "listing_status": "상장",
        "exchange": "KOSPI",
        "country": "Korea",
        "sentiment": "중립",
        "sentiment_reason": "관심 종목으로 언급됨",
        "stock_code": "015760"
      }
    },
    "relations": []
  }
}