{
  "title": "28일, 기관 거래소에서 KODEX 레버리지(-2.85%), LG에너지솔루션(-6.85%) 등 순매도",
  "description": "28일, 기관 거래소에서 KODEX 레버리지(-2.85%), LG에너지솔루션(-6.85%) 등 순매도, 증권",
  "content": "기관 투자자는 28일 거래소에서 KODEX 레버리지, LG에너지솔루션, NAVER 등을 중점적으로 매도한 것으로 나타났다.\n\n기관 투자자의 순매도 상위 20개 종목은 KODEX 레버리지, LG에너지솔루션, NAVER, KODEX 200, KODEX 코스닥150선물인버스, HD현대중공업, KODEX 200타겟위클리커버드콜, 한화에어로스페이스, 현대로템, 삼성 인버스 2X 코스닥150 선물 ETN등이다.\n\n이중에 전기,전자 업종에 속한 종목이 4개 포함되어 있다.\n\nTIGER 미국S&amp;P500, KODEX 코스닥150, TIMEFOLIO K바이오액티브 등은 전일 대비 주가가 상승했고, KODEX 레버리지, LG에너지솔루션, NAVER 등은 주가가 하락했다.\n\n[11월28일]거래소 기관 순매도 상위 종목\n\n\n\n\n\n한경로보뉴스\n\n이 기사는 한국경제신문과 금융 AI 전문기업 씽크풀이 공동 개발한 기사 자동생성 알고리즘에 의해 실시간으로 작성된 것입니다.",
  "published_at": "2025-11-28T18:35:15+09:00",
  "author": "한경로보뉴스",
  "image_urls": [],
  "thumbnail_url": "https://static.hankyung.com/img/logo/logo-news-sns.png?v=20201130",
  "content_url": "https://www.hankyung.com/article/202511282725L",
  "publisher": "한국경제",
  "analysis": {
    "companies": {
      "KODEX 레버리지": {
        "original_mention": "KODEX 레버리지",
        "mapped_name": "KODEX 레버리지",
        "listing_status": "상장",
        "exchange": "",
        "country": "Korea",
        "sentiment": "부정",
        "sentiment_reason": "기관 투자자의 순매도 상위 종목에 포함",
        "stock_code": null
      },
      "LG에너지솔루션": {
        "original_mention": "LG에너지솔루션",
        "mapped_name": "LG에너지솔루션",
        "listing_status": "상장",
        "exchange": "",
        "country": "Korea",
        "sentiment": "부정",
        "sentiment_reason": "기관 투자자의 순매도 상위 종목에 포함",
        "stock_code": "373220"
      },
      "NAVER": {
        "original_mention": "NAVER",
        "mapped_name": "NAVER",
        "listing_status": "상장",
        "exchange": "",
        "country": "Korea",
        "sentiment": "부정",
        "sentiment_reason": "기관 투자자의 순매도 상위 종목에 포함",
        "stock_code": "035420"
      },
      "HD현대중공업": {
        "original_mention": "HD현대중공업",
        "mapped_name": "HD현대중공업",
        "listing_status": "상장",
        "exchange": "",
        "country": "Korea",
        "sentiment": "중립",
        "sentiment_reason": "기관 투자자의 순매도 상위 종목에 포함",
        "stock_code": "329180"
      },
      "한화에어로스페이스": {
        "original_mention": "한화에어로스페이스",
        "mapped_name": "한화에어로스페이스",
        "listing_status": "상장",
        "exchange": "",
        "country": "Korea",
        "sentiment": "중립",
        "sentiment_reason": "기관 투자자의 순매도 상위 종목에 포함",
        "stock_code": "012450"
      },
      "현대로템": {
        "original_mention": "현대로템",
        "mapped_name": "현대로템",
        "listing_status": "상장",
        "exchange": "",
        "country": "Korea",
        "sentiment": "중립",
        "sentiment_reason": "기관 투자자의 순매도 상위 종목에 포함",
        "stock_code": "064350"
      }
    },
    "relations": []
  }
}