{
  "title": "테이블링, 네이버 검색 통해 빈자리 확인·좌석 확보 기능 개편",
  "description": "테이블링, 네이버 검색 통해 빈자리 확인·좌석 확보 기능 개편, 경제",
  "content": "[IMG]\n\n                            \n                        \n                        테이블링 제공\n                    \n                테이블링이 빈자리 확인 및 좌석 확보 기능을 네이버 검색에서 바로 사용할 수 있게 개편했다고 12일 밝혔다. 이를 통해 소비자는 어플 전환이나 직접 방문 없이 원하는 맛집의 실시간 빈자리 정보를 확인하고 좌석을 확보할 수 있게 됐다. \n\n회사에 따르면, 그동안 외식 계획을 세우기 위해 여러 앱을 번갈아 확인하거나, 현장에 가서 좌석이 있는지 살펴봐야 하는 불편이 있었다. 이번 기능 제공은 이러한 과정을 줄여주며, 외식 계획 단계에서 고객이 느끼는 시간적 부담을 낮춘다.\n\n특히 짧은 점심시간을 활용해야 하는 직장인, 이동 중 식사 장소를 빠르게 선택해야 하는 고객, 아이와 함께 외출하는 가족 단위 이용자 등에게 실질적 도움이 된다. 검색만으로 빈자리 여부를 확인하고 바로 확보할 수 있어 발품과 이동 스트레스가 줄어들기 때문이다.\n\n매장에서도 빈자리 정보가 더 넓은 채널에서 노출되면서 고객 접근성이 높아지고, 공실을 줄일 수 있는 긍정적인 효과를 기대할 수 있다.\n\n테이블링 관계자는 “고객이 가장 자주 사용하는 검색 화면에서 필요한 정보를 제공하는 것이 핵심”이라며 “빈자리 정보를 빠르게 확인할 수 있어 고객의 외식 선택이 훨씬 쉬워질 것”이라고 말했다.\n\n한경닷컴 뉴스룸 open@hankyung.com",
  "published_at": "2025-12-12T10:02:16+09:00",
  "author": "한국경제",
  "image_urls": [
    "https://img.hankyung.com/photo/202512/0D.42660439.1.jpg"
  ],
  "thumbnail_url": "https://img.hankyung.com/photo/202512/0D.42660439.1.jpg",
  "content_url": "https://www.hankyung.com/article/202512129504O",
  "publisher": "한국경제",
  "analysis": {
    "companies": {
      "테이블링": {
        "original_mention": "테이블링",
        "mapped_name": "테이블링",
        "listing_status": "비상장",
        "exchange": "",
        "country": "Korea",
        "sentiment": "긍정",
        "sentiment_reason": "네이버 검색을 통해 빈자리 확인 및 좌석 확보 기능을 제공하여 고객의 외식 선택이 쉬워짐",
        "stock_code": null
      },
      "네이버": {
        "original_mention": "네이버",
        "mapped_name": "네이버",
        "listing_status": "상장",
        "exchange": "KOSPI",
        "country": "Korea",
        "sentiment": "중립",
        "sentiment_reason": "테이블링의 기능 개편에 플랫폼을 제공",
        "stock_code": "035420"
      }
    },
    "relations": [
      {
        "source": "테이블링",
        "target": "네이버",
        "relation_type": "파트너",
        "relation_reason": "테이블링이 네이버 검색을 통해 빈자리 확인 및 좌석 확보 기능을 제공",
        "source_is_listed": false,
        "source_country": "Korea",
        "source_ticker": null,
        "target_is_listed": true,
        "target_country": "Korea",
        "target_ticker": "035420"
      }
    ]
  }
}