{
  "title": "[부고] 이준영(현대자동차 상무)씨 부친상",
  "description": "이준영(현대자동차 상무)씨 부친상, 사회",
  "content": "▲ 이낙일(향년 86세)씨 별세, 한희진씨 남편상, 이준영(현대자동차 상무)·이은경·이선아씨 부친상 = 9일 오전 11시20분, 서울아산병원 장례식장 35호실, 발인 12일 오전 8시20분, 장지 동화경묘공원. ☎ 02-3010-2000\n\n    ※ 부고 게재 문의는 팩스 02-398-3111, 전화 02-398-3000, 카톡 okjebo, 이메일 (확인용 유족 연락처 필수)\n\n /연합뉴스",
  "published_at": "2025-12-10T10:01:35+09:00",
  "author": "YONHAP",
  "image_urls": [],
  "thumbnail_url": "https://static.hankyung.com/img/logo/logo-news-sns.png?v=20201130",
  "content_url": "https://www.hankyung.com/article/202512104381Y",
  "publisher": "한국경제",
  "analysis": {
    "companies": {
      "현대자동차": {
        "original_mention": "현대자동차",
        "mapped_name": "현대자동차",
        "listing_status": "상장",
        "exchange": "KOSPI",
        "country": "Korea",
        "sentiment": "중립",
        "sentiment_reason": "부고 기사로 인해 기업에 대한 직접적인 긍정 또는 부정적 영향 없음",
        "stock_code": "005380"
      }
    },
    "relations": []
  }
}