{
  "title": "'현대모비스' 52주 신고가 경신, 전일 외국인 대량 순매수",
  "description": "현대모비스 52주 신고가 경신, 전일 외국인 대량 순매수, 증권",
  "content": "[IMG]\n\n                            \n                        \n                        \n                    \n                \n\n◆ 주체별 매매동향\n- 전일 외국인 대량 순매수\n지난 한달을 기준으로 보면 외국인이 43.2만주를 순매수했고, 기관도 45.6만주를 순매수했다. 반면 개인들은 88.3만주를 순매도한 것으로 나타났다. 같은 기간 이 종목의 거래 비중은 외국인과 기관이 각각 42.6%, 30.7%로 비중이 높다.\n더욱이 전일 외국인이 대량 순매수를 하고 있어 투자자들의 관심이 집중되고 있다.\n\n[그래프]현대모비스 외국인/기관 매매동향\n\n                    \n                        \n                            \n[IMG]\n\n                            \n                        \n                        \n                    \n                \n                    \n                        \n                            \n[IMG]\n\n                            \n                        \n                        \n                    \n                \n\n◆ 최근 애널리스트 분석의견\n- 안정적 본업과 로보틱스 모멘텀의 조화 - 신한투자증권, 매수\n12월 11일 신한투자증권의 박광래 애널리스트는 현대모비스에 대해 \"로봇·전동화·주주환원 3박자의 시너지: 로보틱스/AI 신사업 진행 과정에서 단기적으로 주가 변동성이 발생할 수 있겠으나 확실한 주주환원 정책이 변동 폭을 줄여주는 역할을 할 전망\"이라고 분석하며, 투자의견 '매수', 목표주가 '460,000원'을 제시했다.\n\n한경로보뉴스\n\n이 기사는 한국경제신문과 금융 AI 전문기업 씽크풀이 공동 개발한 기사 자동생성 알고리즘에 의해 실시간으로 작성된 것입니다.",
  "published_at": "2025-12-12T09:34:16+09:00",
  "author": "한경로보뉴스",
  "image_urls": [
    "https://img.hankyung.com/photo/202512/mod_stk_20251212_6413.jpg",
    "https://img.hankyung.com/photo/202512/AF012330.jpg",
    "https://img.hankyung.com/photo/202512/AO012330.jpg"
  ],
  "thumbnail_url": "https://img.hankyung.com/photo/202512/mod_stk_20251212_6413.jpg",
  "content_url": "https://www.hankyung.com/article/202512129448L",
  "publisher": "한국경제",
  "analysis": {
    "companies": {
      "현대모비스": {
        "original_mention": "현대모비스",
        "mapped_name": "현대모비스",
        "listing_status": "상장",
        "exchange": "KOSPI",
        "country": "Korea",
        "sentiment": "긍정",
        "sentiment_reason": "52주 신고가 경신 및 외국인 대량 순매수",
        "stock_code": "012330"
      },
      "신한지주": {
        "original_mention": "신한투자증권",
        "mapped_name": "신한지주",
        "listing_status": "상장",
        "exchange": "KOSPI",
        "country": "Korea",
        "sentiment": "긍정",
        "sentiment_reason": "현대모비스에 대한 긍정적 분석 의견",
        "stock_code": "055550"
      }
    },
    "relations": [
      {
        "source": "신한지주",
        "target": "현대모비스",
        "relation_type": "고객사",
        "relation_reason": "신한투자증권의 현대모비스에 대한 매수 의견",
        "source_is_listed": true,
        "source_country": "Korea",
        "source_ticker": "055550",
        "target_is_listed": true,
        "target_country": "Korea",
        "target_ticker": "012330"
      }
    ]
  }
}