{
  "title": "'현대모비스' 52주 신고가 경신, 전일 외국인 대량 순매수",
  "description": "현대모비스 52주 신고가 경신, 전일 외국인 대량 순매수, 증권",
  "content": "[IMG]\n\n                            \n                        \n                        \n                    \n                \n\n◆ 주체별 매매동향\n- 전일 외국인 대량 순매수\n지난 한달을 기준으로 보면 외국인이 50.8만주를 순매수했고, 기관도 40.2만주를 순매수했다. 반면 개인들은 90.4만주를 순매도한 것으로 나타났다. 같은 기간 이 종목의 거래 비중은 외국인과 기관이 각각 44.0%, 29.5%로 비중이 높다.\n더욱이 전일 외국인이 대량 순매수를 하고 있어 투자자들의 관심이 집중되고 있다.\n\n[그래프]현대모비스 외국인/기관 매매동향\n\n                    \n                        \n                            \n[IMG]\n\n                            \n                        \n                        \n                    \n                \n                    \n                        \n                            \n[IMG]\n\n                            \n                        \n                        \n                    \n                \n\n◆ 최근 애널리스트 분석의견\n- 업종 New Top Pick - 대신증권, BUY\n12월 08일 대신증권의 김귀연 애널리스트는 현대모비스에 대해 \"1) 로봇 액츄에이터, 2) 기존 사업과 추가 연계, 3) BD밸류 수혜 가능성. 휴머노이드 액츄에이터 원가비중은 61%. 사업진출에 따른 성장성 뚜렷. 자동차 업종 신규 Top Pick으로 제시\"라고 분석하며, 투자의견 'BUY', 목표주가 '480,000원'을 제시했다.\n\n한경로보뉴스\n\n이 기사는 한국경제신문과 금융 AI 전문기업 씽크풀이 공동 개발한 기사 자동생성 알고리즘에 의해 실시간으로 작성된 것입니다.",
  "published_at": "2025-12-10T15:41:06+09:00",
  "author": "한경로보뉴스",
  "image_urls": [
    "https://img.hankyung.com/photo/202512/mod_stk_20251210_33108.jpg",
    "https://img.hankyung.com/photo/202512/AF012330.jpg",
    "https://img.hankyung.com/photo/202512/AO012330.jpg"
  ],
  "thumbnail_url": "https://img.hankyung.com/photo/202512/mod_stk_20251210_33108.jpg",
  "content_url": "https://www.hankyung.com/article/202512105413L",
  "publisher": "한국경제",
  "analysis": {
    "companies": {
      "현대모비스": {
        "original_mention": "현대모비스",
        "mapped_name": "현대모비스",
        "listing_status": "상장",
        "exchange": "KOSPI",
        "country": "Korea",
        "sentiment": "긍정",
        "sentiment_reason": "52주 신고가 경신 및 외국인 대량 순매수",
        "stock_code": "012330"
      },
      "대신증권": {
        "original_mention": "대신증권",
        "mapped_name": "대신증권",
        "listing_status": "상장",
        "exchange": "KOSPI",
        "country": "Korea",
        "sentiment": "중립",
        "sentiment_reason": "현대모비스에 대한 긍정적 분석 의견 제공",
        "stock_code": "003540"
      }
    },
    "relations": [
      {
        "source": "대신증권",
        "target": "현대모비스",
        "relation_type": "고객사",
        "relation_reason": "대신증권이 현대모비스에 대한 분석 의견을 제공",
        "source_is_listed": true,
        "source_country": "Korea",
        "source_ticker": "003540",
        "target_is_listed": true,
        "target_country": "Korea",
        "target_ticker": "012330"
      }
    ]
  }
}