{
  "title": "KB국민은행, 대학생활 플랫폼 ‘에브리타임’과 업무 제휴",
  "description": "KB국민은행, 대학생활 플랫폼 에브리타임’과 업무 제휴, KB국민은행, 대학생활 플랫폼 에브리타임’ 기반 캠퍼스 금융·생활 플랫폼 협력 확대 2026년 신학기 시즌 겨냥 에브리유니즈’ 내 계좌 간편결제 첫 선보일 예정",
  "content": "[IMG]\n\n                            \n                        \n                        \n                    \n                \n                    \n                        \n                            \n[IMG]\n\n                            \n                        \n                        \n                    \n                KB국민은행은 지난 12일 국내 대표 대학생활 플랫폼 ‘에브리타임’을 운영하는 비누랩스 주식회사와 업무협약을 체결했다.\n\n이 날 서울 여의도 KB국민은행 신관에서 열린 협약식에는 김한이 비누랩스 주식회사 대표이사와 이환주 KB국민은행장 및 양사 관계자들이 참석했다.\n\n‘에브리타임’은 강의 시간표 작성, 강의평 확인 등 대학생활 전반에 유용한 기능을 제공하는 대학생활 플랫폼이다. 누적 가입자 785만명, 월간활성사용자(MAU) 290만명을 보유하고 있으며, 전국 377개 대학 캠퍼스와 제휴해 ‘대학생 필수 앱’으로 자리잡았다.\n\n이번 협약을 통해 양사는 대학생을 위한 제휴상품 및 서비스 출시, 금융·비금융 제휴 콘텐츠 기획 및 마케팅, 캠퍼스 생활 편의 향상을 위한 플랫폼 협력 사업 등을 공동으로 전개한다.\n\n양사의 첫 협업 사례로는 2026년 신학기 시즌에 맞춰 에브리타임 앱과 연결된 Z세대 전문 커머스 플랫폼 '에브리유니즈' 내 계좌 간편결제 서비스를 선보일 예정이다.\n\nKB국민은행 관계자는 이번 협약으로 대학생들이 일상적인 캠퍼스 생활에서 자연스럽게 금융을 접할 수 있길 바란다며, 앞으로도 대학생의 생활 편의를 높이는 맞춤형 서비스를 지속적으로 제공해 나가겠다고 말했다.",
  "published_at": "2025-12-14T09:02:11+09:00",
  "author": "WISEPRESS_AI",
  "image_urls": [
    "https://img.hankyung.com/photo/202512/44519070b0e32702e22be8ab84ec8484.png",
    "https://img.hankyung.com/photo/202512/0ef9e93af9ef10952b2c613cb4c9dbba.png"
  ],
  "thumbnail_url": "https://img.hankyung.com/photo/202512/44519070b0e32702e22be8ab84ec8484.png",
  "content_url": "https://www.hankyung.com/article/202512142040P",
  "publisher": "한국경제",
  "analysis": {
    "companies": {
      "KB금융": {
        "original_mention": "KB국민은행",
        "mapped_name": "KB금융",
        "listing_status": "상장",
        "exchange": "Korea Exchange",
        "country": "Korea",
        "sentiment": "긍정",
        "sentiment_reason": "대학생을 위한 제휴상품 및 서비스 출시로 긍정적인 이미지 강화",
        "stock_code": "105560"
      },
      "비누랩스 주식회사": {
        "original_mention": "비누랩스 주식회사",
        "mapped_name": "비누랩스 주식회사",
        "listing_status": "비상장",
        "exchange": "",
        "country": "Korea",
        "sentiment": "긍정",
        "sentiment_reason": "KB국민은행과의 업무협약 체결로 사업 확장 기회",
        "stock_code": null
      }
    },
    "relations": [
      {
        "source": "KB금융",
        "target": "비누랩스 주식회사",
        "relation_type": "파트너",
        "relation_reason": "대학생을 위한 제휴상품 및 서비스 출시, 플랫폼 협력 사업 공동 전개",
        "source_is_listed": true,
        "source_country": "Korea",
        "source_ticker": "105560",
        "target_is_listed": false,
        "target_country": "Korea",
        "target_ticker": null
      }
    ]
  }
}