{
  "title": "한전KPS, 인적자원개발 ‘HRD 프로그램’ 대상 수상",
  "description": "한전KPS, 인적자원개발 HRD 프로그램’ 대상 수상, WISE 보도자료",
  "content": "한전KPS는 12월 10일 열린 ‘2025 대한민국 인적자원개발 종합대회’에서 HRD 프로그램 부문 대상을 수상했다.\n\n전력설비 정비 전문기업인 한전KPS가 ‘2025 대한민국 인적자원개발 종합대회’에서 HRD(Human Resource Development‧인적자원개발) 프로그램 부문 대상을 수상했다.\n\n한국HRD협회가 주최하고 고용노동부가 후원하는 ‘대한민국 인적자원개발 대상’은 국내 HRD 분야 발전과 교육문화진흥에 기여한 기업 및 기관을 선정해 시상하는 국내 최고 권위의 상이다.\n\n평가에서 한전KPS는 독자적인 자격체계이자 경력‧교육‧검정‧갱신까지 아우르는 사내자격 프로그램을 통해 발전·원전 정비기술 전문성을 체계적으로 인증하고, 이를 기술력 향상과 전력설비 안정성 강화로 연결한 점을 인정 받아 대상 수상기관으로 선정됐다.\n\n한전KPS는 실제 전력설비 정비 분야 고유기술의 유지‧발전을 위해 기술수준을 4개 등급으로 분류해 자격을 부여하는 사내자격 제도를 운영하고 있으며, 자격별 유효기간을 설정해 일정기간이 경과하면 자격수준을 검증하는 갱신제를 도입하는 한편 인사, 급여, 교육훈련 분야와 연계해 운영하고 있다.\n\n이는 기술직 직원의 자발적 학습으로 이어져 현재 1인당 평균 7.2개의 사내자격을 보유하고 있으며, 결과적으로 국내 전력의 안정적 공급과 해외사업 진출의 토대가 되고 있다.\n\n한전KPS 관계자는 “대한민국 인적자원개발 분야 국내 최고 권위의 상을 수상하게 되어 무척 영광”이라며 “사내자격제도가 산업 내 기술표준으로 자리잡도록 하는 등 지속적인 발전을 위해 노력하겠다”고 말했다.",
  "published_at": "2025-12-12T11:36:49+09:00",
  "author": "WISEPRESS_AI",
  "image_urls": [],
  "thumbnail_url": "https://static.hankyung.com/img/logo/logo-news-sns.png?v=20201130",
  "content_url": "https://www.hankyung.com/article/202512129932P",
  "publisher": "한국경제",
  "analysis": {
    "companies": {
      "한전KPS": {
        "original_mention": "한전KPS",
        "mapped_name": "한전KPS",
        "listing_status": "상장",
        "exchange": "KOSPI",
        "country": "Korea",
        "sentiment": "긍정",
        "sentiment_reason": "HRD 프로그램 부문 대상을 수상하여 긍정적인 평가를 받음",
        "stock_code": "051600"
      }
    },
    "relations": []
  }
}