{
  "title": "두산에너빌리티, 美 SMR기업에 핵심 소재 공급",
  "description": "두산에너빌리티, 美 SMR기업에 핵심 소재 공급, 엑스에너지에 16대 분량 주기기",
  "content": "두산에너빌리티가 미국 워싱턴DC에서 미국 소형모듈원전(SMR) 개발사인 엑스에너지와 핵심 소재에 대한 예약 계약을 체결했다고 12일 발표했다.\n\n이번 계약은 두산에너빌리티가 엑스에너지의 SMR ‘Xe-100’ 16대에 들어갈 단조품을 공급하는 내용이다. 단조품은 SMR 주기기 제작에 필요한 중대형 소재로 생산하는 데 오랜 시간이 걸린다.\n\n엑스에너지는 미국 에너지부(DOE)의 지원을 받는 차세대 SMR 개발사다. 물을 냉각재로 사용하는 기존 경수로와 달리 헬륨가스를 냉각재로 사용하는 방식으로 SMR 건설을 추진하고 있다.\n\n엑스에너지는 미국 워싱턴주 전력 기업인 에너지노스웨스트에 12대의 Xe-100을 공급할 예정이다. 에너지노스웨스트와 엑스에너지는 세계 1위 클라우드 서비스 기업 아마존웹서비스(AWS)와 함께 인공지능(AI) 데이터센터 구동에 필요한 전력을 확보하기 위해 2039년까지 총 5GW(기가와트) 규모, Xe-100 60대 건설 사업을 추진하고 있다.\n\n두산에너빌리티는 2021년 엑스에너지와 SMR 주기기 제작을 위한 설계 용역을 맺었고 2023년에는 엑스에너지의 지분 투자에 참여하며 파트너십을 강화했다. 지난 8월에는 두산에너빌리티와 엑스에너지, AWS, 한국수력원자력이 SMR 사업 협력을 위한 4자 간 업무협약(MOU)을 체결했다. 두산에너빌리티는 늘어나는 SMR 수주에 대비해 본격적인 투자에 나설 예정이다.\n\n김우섭 기자 duter@hankyung.com",
  "published_at": "2025-12-12T17:58:29+09:00",
  "author": "김우섭",
  "image_urls": [],
  "thumbnail_url": "https://static.hankyung.com/img/logo/logo-news-sns.png?v=20201130",
  "content_url": "https://www.hankyung.com/article/2025121209141",
  "publisher": "한국경제",
  "analysis": {
    "companies": {
      "두산에너빌리티": {
        "original_mention": "두산에너빌리티",
        "mapped_name": "두산에너빌리티",
        "listing_status": "상장",
        "exchange": "Korea Exchange",
        "country": "Korea",
        "sentiment": "긍정",
        "sentiment_reason": "엑스에너지와의 계약 체결 및 파트너십 강화로 긍정적인 사업 전망",
        "stock_code": "034020"
      },
      "엑스에너지": {
        "original_mention": "엑스에너지",
        "mapped_name": "엑스에너지",
        "listing_status": "비상장",
        "exchange": "",
        "country": "USA",
        "sentiment": "긍정",
        "sentiment_reason": "두산에너빌리티와의 계약 체결 및 SMR 개발 사업 추진",
        "stock_code": null
      },
      "에너지노스웨스트": {
        "original_mention": "에너지노스웨스트",
        "mapped_name": "에너지노스웨스트",
        "listing_status": "비상장",
        "exchange": "",
        "country": "USA",
        "sentiment": "중립",
        "sentiment_reason": "엑스에너지와의 협력으로 SMR 공급 예정",
        "stock_code": null
      },
      "아마존웹서비스": {
        "original_mention": "아마존웹서비스",
        "mapped_name": "아마존웹서비스",
        "listing_status": "상장",
        "exchange": "NASDAQ",
        "country": "USA",
        "sentiment": "중립",
        "sentiment_reason": "엑스에너지와의 협력으로 AI 데이터센터 전력 확보 예정",
        "stock_code": "AMZN"
      },
      "한국수력원자력": {
        "original_mention": "한국수력원자력",
        "mapped_name": "한국수력원자력",
        "listing_status": "비상장",
        "exchange": "",
        "country": "Korea",
        "sentiment": "중립",
        "sentiment_reason": "SMR 사업 협력을 위한 MOU 체결",
        "stock_code": null
      }
    },
    "relations": [
      {
        "source": "두산에너빌리티",
        "target": "엑스에너지",
        "relation_type": "파트너",
        "relation_reason": "SMR 주기기 제작 및 지분 투자로 파트너십 강화",
        "source_is_listed": true,
        "source_country": "Korea",
        "source_ticker": "034020",
        "target_is_listed": false,
        "target_country": "USA",
        "target_ticker": null
      },
      {
        "source": "엑스에너지",
        "target": "에너지노스웨스트",
        "relation_type": "파트너",
        "relation_reason": "Xe-100 공급 예정",
        "source_is_listed": false,
        "source_country": "USA",
        "source_ticker": null,
        "target_is_listed": false,
        "target_country": "USA",
        "target_ticker": null
      },
      {
        "source": "엑스에너지",
        "target": "아마존웹서비스",
        "relation_type": "파트너",
        "relation_reason": "AI 데이터센터 전력 확보를 위한 협력",
        "source_is_listed": false,
        "source_country": "USA",
        "source_ticker": null,
        "target_is_listed": true,
        "target_country": "USA",
        "target_ticker": "AMZN"
      },
      {
        "source": "두산에너빌리티",
        "target": "한국수력원자력",
        "relation_type": "파트너",
        "relation_reason": "SMR 사업 협력을 위한 MOU 체결",
        "source_is_listed": true,
        "source_country": "Korea",
        "source_ticker": "034020",
        "target_is_listed": false,
        "target_country": "Korea",
        "target_ticker": null
      }
    ]
  }
}