{
  "title": "원전·가스터빈·신재생까지…두산에너빌리티, 에너지 패러다임 전환의 중심에 다시 섰다",
  "description": "원전·가스터빈·신재생까지…두산에너빌리티, 에너지 패러다임 전환의 중심에 다시 섰다, 증권",
  "content": "[IMG]\n\n                            \n                        \n                         \n                    \n                \n\n국내 대표 플랜트 기업 두산에너빌리티가 최근 일련의 수주, 수출, 기술인증 등 가시적 성과를 잇달아 쏟아내며 ‘에너지 밸류 체인’ 전반에서 존재감을 키우고 있다. 단순 수주 중심의 건설회사 이미지를 넘어, 원자력·가스터빈·풍력 등 다양한 에너지 분야를 포트폴리오로 재구축하면서 회사의 체질이 과감하게 변화하고 있다는 평가다. 최근 움직임은 과거 ‘탈원전’이라는 환경 속에서 고전했던 회사가, 글로벌 에너지 트렌드 변화에 맞춰 재도약하는 신호로 해석된다.\n\n우선 원자력 분야에서 두산에너빌리티의 움직임이 두드러진다. 회사는 최근 국내 최초 상업 원전이었던 고리 1호기의 해체 프로젝트를 맡으며 ‘원전 해체 + 원전 주기기 제작’이라는 생애주기(full-cycle 솔루션 제공자로서의 입지를 과시했다. 뿐만 아니라, 올해 11월 기준 전략물자 수출통제 관리체계 인증인 ‘AAA’ 등급을 재지정받아 기술력뿐 아니라 공급망 통제 역량까지 공식 인정받았다. 최근 금융시장에서는 4분기부터 원자력 수주가 본격화될 것이라는 증권사 보고서가 나왔고, 목표주가도 상향 조정된 바 있어 향후 원전 관련 실적 가시화 기대가 커지고 있다.\n\n가스터빈 및 발전 플랜트 부문에서도 의미 있는 진전이 있었다. 두산에너빌리티는 최근 자체 개발한 380 MW급 가스터빈을 미국 시장에 처음 수출하는 계약을 체결했다. 이는 한국 업체가 가스터빈을 수출한 첫 사례로, 과거 발전 장비 수입에 의존하던 구조에서 탈피했다는 점에서 의미가 크다. 특히 글로벌 IT·데이터센터의 전력 수요 증가에 맞춰, 고효율·고출력 가스터빈에 대한 수요가 커지고 있어, 두산에너빌리티는 향후 해외 발전시장에서도 본격적인 수혜가 예상된다.\n\n신재생 및 친환경 에너지 영역으로의 확장도 병행되고 있다. 회사는 올해 제주에 ‘풍력 사업의 중앙 제어 센터’인 ‘Wind Power Center’를 개소하며, 국내 풍력 생태계 구축에 나섰다. 또한 국내외에서 풍력, 수소, 가스터빈, 원전, 수처리 등 다양한 에너지 및 물분야 사업을 수행하는 종합 에너지 솔루션 기업으로의 전환을 공식화했다.\n\n이번 사업 다각화와 기술 인증, 해외 수출 성과가 맞물리면서 시장의 평가도 변화하고 있다. 실제로 최근 수주 예상액이 크게 불리며 목표주가를 상향한 증권사 보고서가 나오는 등 투자 심리도 긍정적으로 돌아서는 분위기다.\n\n물론 ‘과제’가 없는 것은 아니다. 아직 원전과 신재생, 가스터빈 수주가 본격 궤도에 오른 것은 일부이고, 글로벌 경기와 에너지 정책 변화, 경쟁국과의 기술 경쟁에서의 우위 유지 여부가 실적 실현의 관건이라는 시선도 존재한다. 그럼에도 불구하고, 두산에너빌리티가 지난 몇 년간의 구조조정과 포트폴리오 재편을 통해 단순 건설회사에서 ‘글로벌 에너지 솔루션 기업’으로 변신 중이라는 점은 부정하기 어렵다.\n\n두산에너빌리티, 에스투더블유, 에스피지, 이노테크, 큐렉소\n\n무료상담",
  "published_at": "2025-12-03T11:03:02+09:00",
  "author": "한국경제",
  "image_urls": [
    "https://img.hankyung.com/photo/202512/0D.42562260.1.png"
  ],
  "thumbnail_url": "https://img.hankyung.com/photo/202512/0D.42562260.1.png",
  "content_url": "https://www.hankyung.com/article/202512030344a",
  "publisher": "한국경제",
  "analysis": {
    "companies": {
      "두산에너빌리티": {
        "original_mention": "두산에너빌리티",
        "mapped_name": "두산에너빌리티",
        "listing_status": "상장",
        "exchange": "KOSPI",
        "country": "Korea",
        "sentiment": "긍정",
        "sentiment_reason": "다양한 에너지 분야에서의 성과와 기술 인증, 해외 수출 성과로 긍정적인 평가를 받고 있음.",
        "stock_code": "034020"
      },
      "에스투더블유": {
        "original_mention": "에스투더블유",
        "mapped_name": "에스투더블유",
        "listing_status": "비상장",
        "exchange": "",
        "country": "Korea",
        "sentiment": "중립",
        "sentiment_reason": "기사에서 구체적인 언급이 없어 중립적인 평가.",
        "stock_code": null
      },
      "에스피지": {
        "original_mention": "에스피지",
        "mapped_name": "에스피지",
        "listing_status": "비상장",
        "exchange": "",
        "country": "Korea",
        "sentiment": "중립",
        "sentiment_reason": "기사에서 구체적인 언급이 없어 중립적인 평가.",
        "stock_code": null
      },
      "이노테크": {
        "original_mention": "이노테크",
        "mapped_name": "이노테크",
        "listing_status": "비상장",
        "exchange": "",
        "country": "Korea",
        "sentiment": "중립",
        "sentiment_reason": "기사에서 구체적인 언급이 없어 중립적인 평가.",
        "stock_code": null
      },
      "큐렉소": {
        "original_mention": "큐렉소",
        "mapped_name": "큐렉소",
        "listing_status": "비상장",
        "exchange": "",
        "country": "Korea",
        "sentiment": "중립",
        "sentiment_reason": "기사에서 구체적인 언급이 없어 중립적인 평가.",
        "stock_code": null
      }
    },
    "relations": []
  }
}