{
  "title": "우리금융지주, 금리 안정·수익 구조 개선·지주 체계 강화로 재평가 흐름 본격화",
  "description": "우리금융지주, 금리 안정·수익 구조 개선·지주 체계 강화로 재평가 흐름 본격화, 증권",
  "content": "[IMG]\n\n                            \n                        \n                         \n                    \n                \n\n우리금융지주가 최근 국내 금융섹터 전반의 재평가 흐름 속에서 투자자들의 관심을 다시 끌어올리고 있다. 과거 단순 은행업 중심의 보수적 이미지를 벗고, 이자이익 안정화·수수료 기반 강화·디지털 금융 전환·지주사 역량 강화 등 여러 요소가 동시에 작용하면서 ‘구조적 개선’ 국면에 들어섰다는 평가가 나온다. 특히 금융시장 불확실성이 커진 상황에서, 우리금융지주의 안정성과 체질 개선이 시장에 신뢰를 주고 있다는 분석이 힘을 얻고 있다.\n\n우선, 금리 환경의 변화가 긍정적으로 작용했다. 기준금리가 정체 국면에 들어서면서 은행권의 조달 비용 부담이 완화됐고, 예금 금리 경쟁도 다소 조정되며 수익성 안정화 효과가 반영되고 있다. 변동성이 극단적으로 확대되던 시기를 지나 금리 흐름이 일정 수준에서 안정되자, 시장은 우리금융지주가 보유한 예대 운용 기반이 다시 안정적인 수익 구조를 만들 수 있다는 점을 높게 평가하는 분위기다.\n\n둘째, 비이자이익(수수료·자산관리·기업 서비스 등) 기반 강화가 시장의 시선을 끌고 있다. 자산관리(WM) 서비스, 퇴직연금, 디지털 금융 플랫폼 등에서의 고객 기반 확대는 장기적으로 안정적인 수익을 창출하는 구조다. 금융지주 체제 특성상 계열사 간 시너지를 활용할 수 있고, 개별 금융환경 변화에 따른 충격도 분산할 수 있다는 점이 경쟁력으로 부각된다. 특히 수수료 기반 역량은 금리·경제 사이클의 변화에 덜 민감해, 시장에서 선호도가 상승하는 흐름이다.\n\n셋째, 리스크 관리와 건전성 유지에 대한 평가가 긍정적이다. 금융환경이 복잡해지고 변동성이 확대된 시기에도 자산 건전성 지표를 안정적으로 유지해왔다는 점이 시장 신뢰도를 높이고 있다. 최근 금융권을 둘러싼 규제·감독 강화 흐름 속에서도 보수적 리스크 관리 기조를 유지한 점은 밸류에이션 안정에 도움이 되고 있다. 시장에서는 “불확실성 국면에서 오히려 안정성이 부각되는 금융지주”라는 평가가 나온다.\n\n넷째, 지주사 체계 강화와 내부 조직 효율화가 중기적 성장 가능성으로 연결되고 있다는 시각이다. 우리금융지주는 출범 이후 비은행 부문 강화를 지속적으로 추진해 왔으며, 보험·증권·자산운용 등 포트폴리오로 점차 확장하고 있다. 이 같은 비은행 영역 확대는 금융지주에게 중요한 성장 축으로, 단일 수익원 의존도를 낮추는 구조적 개선 효과가 있다.\n\n다섯째, 디지털 금융 전환 전략이 투자자 관점에서 점차 매력적인 요소로 부각되고 있다. 금융업은 단순 창구 서비스에서 벗어나 AI·데이터 기반 서비스 경쟁이 본격화되는 국면이며, 우리금융지주는 앱 개선, 디지털 자산관리 서비스 강화, 내부 시스템 효율화 등 IT 인프라 강화에 속도를 내고 있다. 이는 장기적 비용 효율성과 고객 확보 경쟁력으로 이어질 수 있다는 기대가 나온다.\n\n물론 금융업 특성상 금리·환율·정책 변화 등 외부 변수에 대한 민감도는 여전하다. 그러나 대출 증가 요인을 제외하더라도, 우리금융지주는 수익 구조 다변화, 디지털 전환, 비은행 포트폴리오 강화, 건전성 기반의 안정적 운영이라는 네 가지 축을 동시에 강화하고 있다는 점에서 투자자들의 관심을 다시 끌어올리고 있다.\n\n우리금융지주, 현대모비스, 삼현, 싸이닉솔루션, 디앤디파마텍\n\n무료상담",
  "published_at": "2025-12-02T12:33:01+09:00",
  "author": "한국경제",
  "image_urls": [
    "https://img.hankyung.com/photo/202512/0D.42551311.1.png"
  ],
  "thumbnail_url": "https://img.hankyung.com/photo/202512/0D.42551311.1.png",
  "content_url": "https://www.hankyung.com/article/202512027741a",
  "publisher": "한국경제",
  "analysis": {
    "companies": {
      "우리금융지주": {
        "original_mention": "우리금융지주",
        "mapped_name": "우리금융지주",
        "listing_status": "상장",
        "exchange": "KOSPI",
        "country": "Korea",
        "sentiment": "긍정",
        "sentiment_reason": "금리 안정, 수익 구조 개선, 지주 체계 강화로 재평가 흐름 본격화",
        "stock_code": "316140"
      },
      "현대모비스": {
        "original_mention": "현대모비스",
        "mapped_name": "현대모비스",
        "listing_status": "상장",
        "exchange": "KOSPI",
        "country": "Korea",
        "sentiment": "중립",
        "sentiment_reason": "",
        "stock_code": "012330"
      },
      "삼현": {
        "original_mention": "삼현",
        "mapped_name": "삼현",
        "listing_status": "상장",
        "exchange": "KOSDAQ",
        "country": "Korea",
        "sentiment": "중립",
        "sentiment_reason": "",
        "stock_code": "004380"
      },
      "싸이닉솔루션": {
        "original_mention": "싸이닉솔루션",
        "mapped_name": "싸이닉솔루션",
        "listing_status": "비상장",
        "exchange": "",
        "country": "Korea",
        "sentiment": "중립",
        "sentiment_reason": "",
        "stock_code": null
      },
      "디앤디파마텍": {
        "original_mention": "디앤디파마텍",
        "mapped_name": "디앤디파마텍",
        "listing_status": "비상장",
        "exchange": "",
        "country": "Korea",
        "sentiment": "중립",
        "sentiment_reason": "",
        "stock_code": null
      }
    },
    "relations": []
  }
}