{
  "title": "'한국항공우주' 52주 신고가 경신, 수출 모멘텀에 대한 갈증 해소 기대 - 한화투자증권, BUY",
  "description": "한국항공우주 52주 신고가 경신, 수출 모멘텀에 대한 갈증 해소 기대 - 한화투자증권, BUY, 증권",
  "content": "[IMG]\n\n                            \n                        \n                        \n                    \n                \n\n◆ 최근 애널리스트 분석의견\n- 수출 모멘텀에 대한 갈증 해소 기대 - 한화투자증권, BUY\n11월 28일 한화투자증권의 배성조 애널리스트는 한국항공우주에 대해 \"2026년, 가팔라질 성장 속도: 3분기 실적은 매출액 7,021억원(YoY -22.6%, 이하 YoY), 영업이익 602억원(-21.1%, OPM 8.6%)으로 영업이익 기준 컨센서스를 크게 하회했다. 영업이익 기대치 하회의 주된 이유는 1) 국내 LAH 납품 4Q로 순연과 2) 폴란드 FA-50PL 사업 진행률 지연 등이 다. 4분기 실적은 매출액 1조 3,206억원(+20.6%), 영업이익 796억원 (+88.9%, OPM 6.0%)로 추정한다. 4분기는 3분기에 순연된 LAH 7대를 포함해 총 15대 이상의 국내외 완제기 납품이 이뤄질 것으로 전망 한다. 4분기를 지나 2026년에는 실적 성장 속도가 가팔라질 것으로 전망한다. 이는 1) 2H26 국내 KF-21 양산 본격화, 2) 폴란드/말레이/필 리핀 FA-50 수출 매출의 진행률 인식 가속화를 기대하기 때문이다.\"이라고 분석하며, 투자의견 'BUY', 목표주가 '130,000원'을 제시했다.\n\n한경로보뉴스\n\n이 기사는 한국경제신문과 금융 AI 전문기업 씽크풀이 공동 개발한 기사 자동생성 알고리즘에 의해 실시간으로 작성된 것입니다.",
  "published_at": "2025-12-12T09:52:10+09:00",
  "author": "한경로보뉴스",
  "image_urls": [
    "https://img.hankyung.com/photo/202512/mod_stk_20251212_7465.jpg"
  ],
  "thumbnail_url": "https://img.hankyung.com/photo/202512/mod_stk_20251212_7465.jpg",
  "content_url": "https://www.hankyung.com/article/202512129511L",
  "publisher": "한국경제",
  "analysis": {
    "companies": {
      "한국항공우주": {
        "original_mention": "한국항공우주",
        "mapped_name": "한국항공우주",
        "listing_status": "상장",
        "exchange": "",
        "country": "Korea",
        "sentiment": "긍정",
        "sentiment_reason": "수출 모멘텀에 대한 긍정적인 전망과 2026년 실적 성장 기대",
        "stock_code": null
      },
      "한화투자증권": {
        "original_mention": "한화투자증권",
        "mapped_name": "한화투자증권",
        "listing_status": "상장",
        "exchange": "",
        "country": "Korea",
        "sentiment": "중립",
        "sentiment_reason": "투자의견 'BUY' 제시",
        "stock_code": null
      }
    },
    "relations": []
  }
}