{
  "title": "삼성바이오로직스, CGT·펩타이드·백신 등으로 모달리티 확장",
  "description": "삼성바이오로직스, CGT·펩타이드·백신 등으로 모달리티 확장, 송도 11공구 부지 확보",
  "content": "[IMG]\n\n                            \n                        \n                        \n                    \n                삼성바이오로직스가 위탁개발생산(CDMO) 모달리티 (modality) 확장을 통해 차세대 성장동력 확보에 나선다.\n\n삼성바이오로직스는 지난달 28일 인천경제자유구역청(IFEZ)과 인천 연수구 송도국제도시 11공구 첨단산업클러스터 산업시설용지(18만7427㎡) 에 대한 매매계약을 체결했다고 1일 밝혔다.\n\n올해 6월 우선협상대상자로 선정된 후 협의 절차를 거쳐 최종 계약 체결에 성공했다. 부지 매입 대금은 2487억 원이다.\n\n삼성바이오로직스는 이번 계약을 통해 확보한 제 3캠퍼스에 기존 항체 의약품에 더해 최근 CDMO분야에서 수요가 빠르게 증가하고 있는 △세포·유전자치료제(CGT) △항체백신 △펩타이드 등 다양한 모달리티에 대한 연구 및 생산 시설을 건립할 예정이다.\n\n이를 통해 현재 항체 중심의 CDMO사업을 더욱 다변화하고 mRNA, 항체약물접합체(ADC), 오가노이드에 이어 차세대 모달리티에 대한 기본 역량을 확보해 시장이 확대될 경우 빠르게 대응할 수 있도록 하겠다는 계획이다.\n\n삼성바이오로직스는 제3바이오캠퍼스 조성에 총 7조원 가량을 투자할 예정이며, 이를 통해 2030년까지 직·간접 고용 1만 명 이상, 약 12조원 규모의 경제유발효과가 발생할 것으로 전망하고 있다.\n\n존 림 삼성바이오로직스 대표는 \"인적 분할을 통해 순수CDMO기업으로 전환을 완료함과 동시에 이번 계약을 통해 새로운 모달리티 진출을 통한 차세대 성장 동력까지 확보하게 되면서 '글로벌 톱 바이오 기업'이라는 회사의 목표에 더욱 박차를 가 할 수 있게 됐다\"고 말했다.\n\n\n오현아 기자 5hyun@hankyung.com",
  "published_at": "2025-12-01T08:59:19+09:00",
  "author": "오현아",
  "image_urls": [
    "https://img.hankyung.com/photo/202512/01.42491516.1.png"
  ],
  "thumbnail_url": "https://img.hankyung.com/photo/202512/01.42491516.1.png",
  "content_url": "https://www.hankyung.com/article/202512015001i",
  "publisher": "한국경제",
  "analysis": {
    "companies": {
      "삼성바이오로직스": {
        "original_mention": "삼성바이오로직스",
        "mapped_name": "삼성바이오로직스",
        "listing_status": "상장",
        "exchange": "KOSPI",
        "country": "Korea",
        "sentiment": "긍정",
        "sentiment_reason": "모달리티 확장을 통한 차세대 성장동력 확보 계획 발표",
        "stock_code": "207940"
      }
    },
    "relations": []
  }
}