{
  "title": "LG에너지솔루션, 정기 임원인사…전무 1명 등 7명 승진",
  "description": "LG에너지솔루션, 정기 임원인사…전무 1명 등 7명 승진, 생산 조직 통합·ESS 조직 규모 보강",
  "content": "[IMG]\n\n                            \n                        \n                        \n                    \n                LG에너지솔루션은 김형식 ESS전지사업부장을 전무로 승진시키는 등 2026년 정기 임원인사를 단행했다고 27일 밝혔다.\n\nLG에너지솔루션은 이날 이사회를 열고 전무 승진 1명, 상무 신규 선임 6명 등 총 7명의 임원 승진안을 결의했다.\n\n회사는 올해 승진 규모에 대해 전기차 캐즘 및 관세 협약 등 시장 변화에 기민하게 대응하고 조직 실행력을 극대화하기 위한 전략적·효율적 인사 운영의 일환이라고 설명했다.\n\n회사는 글로벌 생산 공장의 안정적 폼팩터 전환과 운영 최적화를 위해 사업부 산하 생산 조직을 통합하고, 급성장하는 에너지저장장치(ESS) 시장에 선제적으로 대응하기 위해 ESS전지사업부 조직 규모와 역량을 대폭 보강했다.\n\nLG에너지솔루션은 자동차전지사업부장에 오유성 전무(현 소형전지사업부장)를, 소형전지사업부장에 자동차.PM그룹장 정원희 상무를 신규 보임했다.\n\n다음은 LG에너지솔루션 임원인사 명단이다. \n\n[인사] LG에너지솔루션\n\n◇ 전무 승진\n▲ 김형식 ESS전지사업부장\n\n◇ 상무 신규선임\n▲ 김낙진 소형 상품기획/전략담당\n▲ 김현태 ESS 상품기획/전략담당\n▲ 배재현 ESS 북미Operation Pack/LINK생산지원담당\n▲ 손권남 미래기술 차세대Cell개발담당\n▲ 이승훈 인프라그룹장\n▲ 허성민 자동차마케팅 마케팅4담당\n\n\n최수진 한경닷컴 기자 naive@hankyung.com",
  "published_at": "2025-11-27T14:33:17+09:00",
  "author": "최수진",
  "image_urls": [
    "https://img.hankyung.com/photo/202511/01.42229792.1.jpg"
  ],
  "thumbnail_url": "https://img.hankyung.com/photo/202511/01.42229792.1.jpg",
  "content_url": "https://www.hankyung.com/article/202511279545g",
  "publisher": "한국경제",
  "analysis": {
    "companies": {
      "LG에너지솔루션": {
        "original_mention": "LG에너지솔루션",
        "mapped_name": "LG에너지솔루션",
        "listing_status": "상장",
        "exchange": "KOSPI",
        "country": "Korea",
        "sentiment": "중립",
        "sentiment_reason": "정기 임원 인사 발표",
        "stock_code": "373220"
      }
    },
    "relations": []
  }
}