{
  "title": "[인사] LG에너지솔루션",
  "description": "LG에너지솔루션, 사회",
  "content": "◇ 전무 승진\n    ▲ 김형식 ESS전지사업부장\n\n    ◇ 상무 신규선임\n    ▲ 김낙진 소형 상품기획/전략담당\n    ▲ 김현태 ESS 상품기획/전략담당\n    ▲ 배재현 ESS 북미Operation Pack/LINK생산지원담당\n    ▲ 손권남 미래기술 차세대Cell개발담당\n    ▲ 이승훈 인프라그룹장\n    ▲ 허성민 자동차마케팅 마케팅4담당\n\n /연합뉴스",
  "published_at": "2025-11-27T14:12:45+09:00",
  "author": "YONHAP",
  "image_urls": [],
  "thumbnail_url": "https://static.hankyung.com/img/logo/logo-news-sns.png?v=20201130",
  "content_url": "https://www.hankyung.com/article/202511279476Y",
  "publisher": "한국경제",
  "analysis": {
    "companies": {
      "LG에너지솔루션": {
        "original_mention": "LG에너지솔루션",
        "mapped_name": "LG에너지솔루션",
        "listing_status": "상장",
        "exchange": "KOSPI",
        "country": "Korea",
        "sentiment": "중립",
        "sentiment_reason": "인사 발표 관련 중립적 정보",
        "stock_code": "373220"
      }
    },
    "relations": []
  }
}