{
  "title": "스무살 네이버웹툰, 국내 넘어 미국 'Z세대'도 사로잡았다",
  "description": "스무살 네이버웹툰, 국내 넘어 미국 Z세대도 사로잡았다, 네웹, 서비스 정식 출시 20주년 맞이 국내 넘어 미국서 웹툰 시장 성장中 20년 운영 노하우로 미국 시장서 두각 국내서 20주년 온·오프라인 이벤트 진행",
  "content": "[IMG]\n\n                            \n                        \n                        네이버웹툰이 서비스 정식 출시 20주년을 기념해 지난 10일, 네이버 1784 사옥에서 대규모 조명 연출 이벤트를 진행했다. 사진=네이버웹툰\n                    \n                서비스 정식 출시 20주년을 맞은 네이버웹툰이 국내를 넘어 미국에서도 두각을 나타내는 중이다.\n\n11일 시장조사기관 그랜드뷰리서치에 따르면 미국 웹툰 시장은 2024년 19억8060만달러(약 2조9000억원)에서 2033년 87억2170만달러(약 12조8000억원)까지 성장할 전망이다. 마블 등 종이 기반 만화가 주류인 미국에서도 웹툰 시장이 뚜렷한 성장세를 보이는 것이다.\n\n국내에서 20년간 서비스를 이어온 네이버웹툰은 그동안 구축한 서비스 운영 방식과 수익모델로 수혜를 얻고 있다. 네이버웹툰 미국 본사 웹툰엔터테인먼트의 글로벌 월간 활성 사용자(MAU)는 1억5000만명 이상을 기록했다. 주요 독자층은 24세 이하로 미국 내 Z세대까지 사로잡았다. 숏폼을 주로 소비하는 Z세대 사이에서도 경쟁력 있는 콘텐츠로 선택받은 셈이다.\n\n네이버웹툰은 20주년을 기념해 지난 10일 네이버 1784 사옥 외벽에 대규모 조명 연출 이벤트를 진행했다. 네이버웹툰은 네이버 사옥 창문에 부착된 햇빛 차단용 수직 루버를 조정해 'WEBTOON 20'이라는 문구를 오후 6시부터 약 4시간 동안 경부고속도로 방면 1784 사옥 전면에 노출했다.\n                    \n                        \n                            \n[IMG]\n\n                            \n                        \n                        네이버웹툰이 서비스 정식 출시 20주년을 맞아 대규모 인앱(In-App) 이벤트인 '네웹월드’를 공개했다. 총 3억원 경품부터 레전드 명작 2500화도 무료 공개한다. 사진=네이버웹툰\n                    \n                온라인상에서도 대규모 이용자 감사 이벤트 '네웹월드'를 진행 중이다. 네이버웹툰 애플리케이션(앱) 홈 우측 상단 아이콘이나 앱 내 더보기 메뉴에서 확인할 수 있다. 이번 이벤트는 ‘테마파크’를 콘셉트로 지난 20년간 네이버웹툰의 역사를 총망라했다. 레전드 웹툰부터 명대사로 만든 게임, 웹툰 독자들의 재밌는 댓글과 밈(유행소재), 올해 출시한 숏애니 UGC 서비스 ‘컷츠’까지 국내 서비스 20년을 요약했다.\n\n네웹월드는 &lt;명대사 스피드 게임&gt; &lt;타임머신존&gt; &lt;20주년 명작 극장&gt; &lt;베댓 박물관&gt; &lt;컷츠존&gt; &lt;콜라보존&gt; 6개 존(Zone)으로 구성됐다.\n\n&lt;명대사 스피드 게임&gt;에서는 웹툰 속 특정 장면에 맞는 레전드 명대사를 제한 시간 안에 완성하는 미니 게임을 제공한다. &lt;타임머신존&gt;은 네이버웹툰의 2000년, 2015년, 2020년대 명작 72편을 과거 사용자 인터페이스(UI) 디자인으로 재현했다. &lt;20주년 명작 극장&gt;에선 ‘마음의 소리’ 조석 작가와 ‘기자매’ 범배 작가가 특유의 개그 코드로 네이버웹툰을 빛낸 명작들을 새롭게 선보인다. &lt;베댓 박물관&gt;에서는 20년간 독자들의 재치가 돋보이는 '베스트 댓글(베댓)'들을 박물관 콘셉트로 전시해 보여준다. &lt;컷츠존&gt;은 네이버웹툰 인기 작가 ‘랑또’, ‘제나’, ‘박태현’ 작가와 컷츠 크리에이터들이 22개 레전드 웹툰 속 특정 설정을 바꿔 숏폼 애니메이션으로 선보인다.\n\n오프라인 체험 이벤트도 있다. &lt;콜라보존&gt;으로 네이버웹툰은 CU 편의점과 협업해 전국 CU에서는 한정판 ‘진짜 초코칩 쿠키’ 10만 개를 판매한다. 20년 만에 최초로 선보이는 실물 쿠키에는 네이버웹툰의 유료 콘텐츠를 감상할 수 있는 쿠키 쿠폰이 포함돼 있다. 랜덤으로 최대 1000개 증정한다. \n\n박수빈 한경닷컴 기자 waterbean@hankyung.com",
  "published_at": "2025-12-11T18:03:43+09:00",
  "author": "박수빈",
  "image_urls": [
    "https://img.hankyung.com/photo/202512/01.42651934.1.jpg",
    "https://img.hankyung.com/photo/202512/01.42651989.1.png"
  ],
  "thumbnail_url": "https://img.hankyung.com/photo/202512/01.42651934.1.jpg",
  "content_url": "https://www.hankyung.com/article/202512118262g",
  "publisher": "한국경제",
  "analysis": {
    "companies": {
      "네이버웹툰": {
        "original_mention": "네이버웹툰",
        "mapped_name": "네이버웹툰",
        "listing_status": "비상장",
        "exchange": "",
        "country": "Korea",
        "sentiment": "긍정",
        "sentiment_reason": "미국 시장에서의 성공적인 확장과 Z세대의 관심을 끌고 있음",
        "stock_code": null
      },
      "네이버": {
        "original_mention": "네이버",
        "mapped_name": "NAVER",
        "listing_status": "상장",
        "exchange": "KOSPI",
        "country": "Korea",
        "sentiment": "중립",
        "sentiment_reason": "네이버웹툰의 성공적인 이벤트와 관련된 긍정적인 소식",
        "stock_code": "035420"
      },
      "CU": {
        "original_mention": "CU",
        "mapped_name": "CU",
        "listing_status": "비상장",
        "exchange": "",
        "country": "Korea",
        "sentiment": "중립",
        "sentiment_reason": "네이버웹툰과의 협업을 통해 한정판 상품을 출시",
        "stock_code": null
      },
      "마블": {
        "original_mention": "마블",
        "mapped_name": "마블",
        "listing_status": "상장",
        "exchange": "NYSE",
        "country": "USA",
        "sentiment": "중립",
        "sentiment_reason": "미국 시장에서의 경쟁사로 언급됨",
        "stock_code": "DIS"
      }
    },
    "relations": [
      {
        "source": "네이버웹툰",
        "target": "네이버",
        "relation_type": "파트너",
        "relation_reason": "네이버 사옥에서 이벤트를 진행",
        "source_is_listed": false,
        "source_country": "Korea",
        "source_ticker": null,
        "target_is_listed": true,
        "target_country": "Korea",
        "target_ticker": "035420"
      },
      {
        "source": "네이버웹툰",
        "target": "CU",
        "relation_type": "파트너",
        "relation_reason": "CU와 협업하여 한정판 상품을 출시",
        "source_is_listed": false,
        "source_country": "Korea",
        "source_ticker": null,
        "target_is_listed": false,
        "target_country": "Korea",
        "target_ticker": null
      },
      {
        "source": "네이버웹툰",
        "target": "마블",
        "relation_type": "경쟁사",
        "relation_reason": "미국 시장에서의 경쟁사로 언급됨",
        "source_is_listed": false,
        "source_country": "Korea",
        "source_ticker": null,
        "target_is_listed": true,
        "target_country": "USA",
        "target_ticker": "DIS"
      }
    ]
  }
}