{
  "title": "장재훈 현대자동차그룹 부회장 장인상",
  "description": "장재훈 현대자동차그룹 부회장 장인상, 김보형 기자, 오피니언",
  "content": "▶한만청(전 서울대병원장)씨 별세, 김봉애씨 남편상, 한숙현·한금현·한지현씨 부친상, 조규완(이화산업㈜ 회장)·백상익(풍원산업㈜ 대표)·장재훈(현대자동차그룹 부회장)씨 장인상= 8일, 서울대병원장례식장 1호실(8일 오후 5시 이후 조문 가능), 발인 10일 오전 7시",
  "published_at": "2025-12-08T13:37:18+09:00",
  "author": "김보형",
  "image_urls": [],
  "thumbnail_url": "https://static.hankyung.com/img/logo/logo-news-sns.png?v=20201130",
  "content_url": "https://www.hankyung.com/article/202512080116i",
  "publisher": "한국경제",
  "analysis": {
    "companies": {
      "현대자동차": {
        "original_mention": "현대자동차그룹",
        "mapped_name": "현대자동차",
        "listing_status": "상장",
        "exchange": "KOSPI",
        "country": "Korea",
        "sentiment": "중립",
        "sentiment_reason": "기사 내용이 기업의 긍정적 또는 부정적 평가와 관련이 없음",
        "stock_code": "005380"
      },
      "이화산업": {
        "original_mention": "이화산업㈜",
        "mapped_name": "이화산업㈜",
        "listing_status": "비상장",
        "exchange": "",
        "country": "Korea",
        "sentiment": "중립",
        "sentiment_reason": "기사 내용이 기업의 긍정적 또는 부정적 평가와 관련이 없음",
        "stock_code": null
      },
      "풍원산업": {
        "original_mention": "풍원산업㈜",
        "mapped_name": "풍원산업㈜",
        "listing_status": "비상장",
        "exchange": "",
        "country": "Korea",
        "sentiment": "중립",
        "sentiment_reason": "기사 내용이 기업의 긍정적 또는 부정적 평가와 관련이 없음",
        "stock_code": null
      }
    },
    "relations": []
  }
}