{
  "title": "기아, 6년 만에 완전변경 신형 '셀토스' 공개",
  "description": "기아, 6년 만에 완전변경 신형 셀토스 공개, 하이브리드 모델 추가",
  "content": "[IMG]\n\n                            \n                        \n                        서하준 기아 국내상품실장(왼쪽부터)과 카림 하비브 기아 글로벌디자인담당 부사장, 송호성 기아 사장, 류창승 기아 고객경험본부장(전무)이 10일 6년 만에 완전 변경된 ‘디 올 뉴 셀토스’를 공개하며 박수를 치고 있다.  기아 제공\n                    \n                기아가 10일 소형 스포츠유틸리티차량(SUV) 셀토스의 2세대 모델인 ‘디 올 뉴 셀토스’를 공개했다. 2019년 첫 출시 이후 6년 만에 완전 변경한 신차다.\n\n신형 셀토스 전면부는 강인함을 강조한 라디에이터 그릴이 램프와 일체화된 수직의 그릴 패턴과 조화를 이루며 정통 SUV 스타일을 강조했다. 후면부는 전면과 통일감을 주는 수직, 수평형 램프로 안정적인 이미지를 연출했다. 겉으로 돌출되지 않은 플러시 타입의 도어 핸들을 채택했다. 실내엔 12.3인치 클러스터와 인포테인먼트 시스템이 이어지는 파노라믹 와이드 디스플레이를 장착했다.\n\n신형 셀토스는 1세대에 없었던 하이브리드 모델을 추가해 1.6 하이브리드와 1.6 터보 가솔린 등 2개 구동 시스템으로 출시된다. 전방·후측방 충돌방지 보조, 차로 이탈방지 보조, 지능형 속도 제한 보조 시스템 등 첨단 안전 사양도 갖췄다.\n\n기아는 내년 1분기 신형 셀토스를 국내에 먼저 출시하고 북미와 유럽, 중국 시장에서도 판매에 들어갈 계획이다. 송호성 기아 사장은 “글로벌 시장에서 매년 43만 대 이상을 판매할 것”이라고 말했다.\n\n김보형 기자 kph21c@hankyung.com",
  "published_at": "2025-12-10T18:01:05+09:00",
  "author": "김보형",
  "image_urls": [
    "https://img.hankyung.com/photo/202512/AA.42641235.1.jpg"
  ],
  "thumbnail_url": "https://img.hankyung.com/photo/202512/AA.42641235.1.jpg",
  "content_url": "https://www.hankyung.com/article/2025121059131",
  "publisher": "한국경제",
  "analysis": {
    "companies": {
      "기아": {
        "original_mention": "기아",
        "mapped_name": "기아",
        "listing_status": "상장",
        "exchange": "KOSPI",
        "country": "Korea",
        "sentiment": "긍정",
        "sentiment_reason": "신형 셀토스 공개로 인한 긍정적 기대",
        "stock_code": "000270"
      }
    },
    "relations": []
  }
}