{
  "title": "車 전면이 모두 디스플레이로…CES 혁신상 받은 현대모비스",
  "description": "車 전면이 모두 디스플레이로…CES 혁신상 받은 현대모비스, 현대모비스, CES 2026 참가 고객사 초청 프라이빗관 운영 홀로그래픽 윈드쉴드 디스플레이 CES 혁신상 수상",
  "content": "[IMG]\n\n                            \n                        \n                        CES 2026 혁신상을 받은 현대모비스 '홀로그래픽 윈드쉴드 디스플레이'. 사진=현대모비스\n                    \n                현대모비스 '홀로그래픽 윈드쉴드 디스플레이'가 내년 열리는 CES 혁신상을 수상했다.자동차 디스플레이 부문의 역량을 입증했다는 평가다. \n\n현대모비스는 다음달 6~9일 미국 라스베가스에서 열리는 CES 2026에서 30여종의 모빌리티 융합기술을 선보인다고 9일 밝혔다.\n\n현대모비스는 이번에는 사전 초청된 고객사를 대상으로만 프라이빗관으로 부스를 운영해 북미지역 고객사를 초청할 계획이다.\n\n현대모비스는 전장·전동화·섀시안전 등 핵심부품 각 분야의 첨단기술을 선별해 글로벌 고객사에 집중적으로 소개할 계획이다.\n\n현대모비스의 콕핏 통합 설루션 엠빅스 7.0에 탑재한 홀로그래픽 윈드쉴드 디스플레이(HWD)는 지난달 미국소비자기술협회(CTA)로부터 ‘CES 2026 혁신상’을 수상했다.\n\nHWD는 현대모비스가 독일 광학기업 자이스와 손잡고 세계 최초로 홀로그래픽 필름을 활용해 개발하고 있는 디스플레이 기술로 전면 유리창을 초대형 디스플레이로 활용한다.\n\n이 기술을 적용하면 운전자는 고개를 돌려 계기판이나 다른 조작계를 확인하지 않아도 주행 정보가 전면에 나타나 안전성과 편의성이 높아진다.\n\n동승자석에는 운전자와 화면을 분리해 동영상이나 게임과 같은 인포테인먼트 기능을 시청할 수 있게 했다. 운전자석에서는 동승석의 화면이 보이지 않도록 설계해 주의를 분산시키지 않도록 안전성을 강화했다.      \n\n현대모비스는 현재 HWD 기술을 글로벌 주요 고객사와 기술 고도화를 위해 공동개발을 진행하고 있다. 2029년 양산을 목표로 현대모비스의 주력 수주 품목으로 육성하고 있다.\n\n또 현대모비스는 내년 열리는 CES에서 엠빅스 7.0과 전자식 제어장치인 X-바이 와이어 기술을 선보인다. X-바이 와이어는 기계적 연결 없이 전기 신호로 조향과 제동을 제어하는 기술이다.\n\n이와 함께 증강현실 헤드업 디스플레이, 저전력 디스플레이, 고성능·보급형 전기차 구동시스템 등 전장·전동화·섀시 분야의 신기술을 고객사에 선보인다.\n\n최수진 한경닷컴 기자 naive@hankyung.com",
  "published_at": "2025-12-09T11:00:08+09:00",
  "author": "최수진",
  "image_urls": [
    "https://img.hankyung.com/photo/202512/01.42625495.1.jpg"
  ],
  "thumbnail_url": "https://img.hankyung.com/photo/202512/01.42625495.1.jpg",
  "content_url": "https://www.hankyung.com/article/202512092120g",
  "publisher": "한국경제",
  "analysis": {
    "companies": {
      "현대모비스": {
        "original_mention": "현대모비스",
        "mapped_name": "현대모비스",
        "listing_status": "상장",
        "exchange": "KOSPI",
        "country": "Korea",
        "sentiment": "긍정",
        "sentiment_reason": "CES 혁신상 수상 및 기술력 입증",
        "stock_code": "012330"
      },
      "자이스": {
        "original_mention": "자이스",
        "mapped_name": "자이스",
        "listing_status": "비상장",
        "exchange": "",
        "country": "Other",
        "sentiment": "중립",
        "sentiment_reason": "기술 협력 파트너로 언급",
        "stock_code": null
      }
    },
    "relations": [
      {
        "source": "현대모비스",
        "target": "자이스",
        "relation_type": "파트너",
        "relation_reason": "홀로그래픽 필름을 활용한 디스플레이 기술 공동 개발",
        "source_is_listed": true,
        "source_country": "Korea",
        "source_ticker": "012330",
        "target_is_listed": false,
        "target_country": "Other",
        "target_ticker": null
      }
    ]
  }
}