{
  "title": "'삼성물산' 52주 신고가 경신, 실적+주주환원=리레이팅 - 흥국증권, BUY",
  "description": "삼성물산 52주 신고가 경신, 실적+주주환원=리레이팅 - 흥국증권, BUY, 증권",
  "content": "[IMG]\n\n                            \n                        \n                        \n                    \n                \n\n◆ 최근 애널리스트 분석의견\n- 실적+주주환원=리레이팅 - 흥국증권, BUY\n12월 05일 흥국증권의 박종렬 애널리스트는 삼성물산에 대해 \"2026년에도 바이오 부문이 이끄는 가운데, 그동안 부진했던 건설의 회복과 패션·레저·식음 등 소비재 부문도 개선되면서 현금창출력은 더욱 더 강화될 전망임. 개선된 주주환원정책까지 추가된다면 금상첨화로 인식할 것임.\"이라고 분석하며, 투자의견 'BUY', 목표주가 '320,000원'을 제시했다.\n\n한경로보뉴스\n\n이 기사는 한국경제신문과 금융 AI 전문기업 씽크풀이 공동 개발한 기사 자동생성 알고리즘에 의해 실시간으로 작성된 것입니다.",
  "published_at": "2025-12-09T15:42:48+09:00",
  "author": "한경로보뉴스",
  "image_urls": [
    "https://img.hankyung.com/photo/202512/mod_stk_20251209_36582.jpg"
  ],
  "thumbnail_url": "https://img.hankyung.com/photo/202512/mod_stk_20251209_36582.jpg",
  "content_url": "https://www.hankyung.com/article/202512092958L",
  "publisher": "한국경제",
  "analysis": {
    "companies": {
      "삼성물산": {
        "original_mention": "삼성물산",
        "mapped_name": "삼성물산",
        "listing_status": "상장",
        "exchange": "Korea Exchange",
        "country": "Korea",
        "sentiment": "긍정",
        "sentiment_reason": "실적 개선과 주주환원 정책 강화로 긍정적 전망",
        "stock_code": "028260"
      },
      "흥국증권": {
        "original_mention": "흥국증권",
        "mapped_name": "흥국증권",
        "listing_status": "상장",
        "exchange": "Korea Exchange",
        "country": "Korea",
        "sentiment": "중립",
        "sentiment_reason": "투자의견 'BUY' 제시",
        "stock_code": "003530"
      }
    },
    "relations": []
  }
}