{
  "title": "케이카·제일기획…반갑다, 배당소득 분리과세",
  "description": "케이카·제일기획…반갑다, 배당소득 분리과세, 법개정 수혜주 따져보니 삼성생명·에스원·KT&G SK텔레콤·한전기술도 매력",
  "content": "지난 2일 배당소득 분리과세 세제개편안을 포함한 조세특례제한법 일부개정안이 국회를 통과했다. 배당 성향이 높은 상장 기업에 투자해서 받는 배당 소득을 종합소득과 분리해 낮은 세율을 적용하는 제도다. 증권가에선 기업의 현재 배당 정책과 함께 배당을 이어갈 수 있는 기초체력(펀더멘털)을 꼼꼼히 따져 수혜주를 찾으라고 조언한다.\n\n\n                    \n                        \n                            \n[IMG]\n\n                            \n                        \n                        \n                    \n                정부는 내년 1월1일부터 고배당 성향 기업 투자자가 받는 배당소득에 분리과세 특례를 적용한다. 연간 배당소득이 2000만원 이하면 14%, 2000만원을 초과하면서 3억원 이하면 20%, 3억원 초가 50억원 이하는 25%, 50억원 초과 배당소득을 낸 경우엔 30% 세율을 각각 부과한다. 이 제도는 2028년 말까지 시행해 추후 연장 여부를 검토한다.\n\n증권가는 배당성향과 기업 이익 체력을 고려해 배당소득 분리과세 수혜주를 선별하라고 조언한다. 김민규 KB증권 연구원은 “개정안이 정한 요건대로 올해 배당금이 작년에 비해 줄지 않은 기업 중 배당성향이 40% 이상인 종목, 배당성향이 25%를 넘으면서 전년대비 배당금이 10% 이상 늘어난 종목 등을 눈여겨보라”며 “금융주로는 삼성생명, 삼성화재, NH투자증권이, 비금융주로는 TKG휴켐스, 엠앤씨솔루션, 스카이라이프 등이 수혜를 받을 수 있다”고 했다.\n\n배당성향이 높으면서 지난 3년간 평균 배당성장률이 높았던 기업들은 상대적으로 안정적인 수혜처로 꼽힌다. 지난해 배당성향이 126%였던 케이카는 작년까지 3년간 배당이 연평균 17.5% 올랐다. 제일기획은 작년 배당성향이 60%, 3년간 평균 배당성장률은 7.8%였다. 에스원(배당성향 51%, 3년간 평균 배당성장률 2.7%), KT&amp;G(배당성향 50%, 3년간 평균 배당성장률 4%) 등도 이에 해당한다.\n\n배당성향이 40% 이상이면서 최대주주의 지분율이 상대적으로 높은 종목을 눈여겨보라는 조언도 나온다. 분리과세 도입에 따라 최대주주의 배당소득 세부담이 낮아지는 만큼 기존에 비해 배당을 더 적극 추진할 유인이 커지기 때문이다. SK텔레콤, 한전기술, HD현대마린솔루션, KT&amp;G, 이노션 등이 이같은 종목으로 꼽힌다.\n\n염동찬 한국투자증권 연구원은 “이익의 변동성이 큰 기업보다는 수년간 당기순이익 적자를 낸 적이 없는 등 꾸준히 이익을 낸 기업들을 고르라”고 조언했다.\n\n선한결 기자 always@hankyung.com",
  "published_at": "2025-12-09T15:31:33+09:00",
  "author": "선한결",
  "image_urls": [
    "https://img.hankyung.com/photo/202512/AA.42625009.1.jpg"
  ],
  "thumbnail_url": "https://img.hankyung.com/photo/202512/AA.42625009.1.jpg",
  "content_url": "https://www.hankyung.com/article/2025120919341",
  "publisher": "한국경제",
  "analysis": {
    "companies": {
      "케이카": {
        "original_mention": "케이카",
        "mapped_name": "케이카",
        "listing_status": "상장",
        "exchange": "",
        "country": "Korea",
        "sentiment": "긍정",
        "sentiment_reason": "배당성향이 높고 배당성장률이 높아 수혜주로 언급됨",
        "stock_code": "381970"
      },
      "제일기획": {
        "original_mention": "제일기획",
        "mapped_name": "제일기획",
        "listing_status": "상장",
        "exchange": "",
        "country": "Korea",
        "sentiment": "긍정",
        "sentiment_reason": "배당성향이 높고 배당성장률이 높아 수혜주로 언급됨",
        "stock_code": "030000"
      },
      "에스원": {
        "original_mention": "에스원",
        "mapped_name": "에스원",
        "listing_status": "상장",
        "exchange": "",
        "country": "Korea",
        "sentiment": "긍정",
        "sentiment_reason": "배당성향이 높고 배당성장률이 높아 수혜주로 언급됨",
        "stock_code": "012750"
      },
      "KT&G": {
        "original_mention": "KT&G",
        "mapped_name": "KT&G",
        "listing_status": "상장",
        "exchange": "",
        "country": "Korea",
        "sentiment": "긍정",
        "sentiment_reason": "배당성향이 높고 배당성장률이 높아 수혜주로 언급됨",
        "stock_code": "033780"
      },
      "SK텔레콤": {
        "original_mention": "SK텔레콤",
        "mapped_name": "SK텔레콤",
        "listing_status": "상장",
        "exchange": "",
        "country": "Korea",
        "sentiment": "긍정",
        "sentiment_reason": "배당성향이 높고 최대주주의 지분율이 높아 수혜주로 언급됨",
        "stock_code": "017670"
      },
      "한전기술": {
        "original_mention": "한전기술",
        "mapped_name": "한전기술",
        "listing_status": "상장",
        "exchange": "",
        "country": "Korea",
        "sentiment": "긍정",
        "sentiment_reason": "배당성향이 높고 최대주주의 지분율이 높아 수혜주로 언급됨",
        "stock_code": "052690"
      },
      "HD현대마린솔루션": {
        "original_mention": "HD현대마린솔루션",
        "mapped_name": "HD현대마린솔루션",
        "listing_status": "상장",
        "exchange": "",
        "country": "Korea",
        "sentiment": "긍정",
        "sentiment_reason": "배당성향이 높고 최대주주의 지분율이 높아 수혜주로 언급됨",
        "stock_code": "011200"
      },
      "이노션": {
        "original_mention": "이노션",
        "mapped_name": "이노션",
        "listing_status": "상장",
        "exchange": "",
        "country": "Korea",
        "sentiment": "긍정",
        "sentiment_reason": "배당성향이 높고 최대주주의 지분율이 높아 수혜주로 언급됨",
        "stock_code": "214320"
      },
      "삼성생명": {
        "original_mention": "삼성생명",
        "mapped_name": "삼성생명",
        "listing_status": "상장",
        "exchange": "",
        "country": "Korea",
        "sentiment": "긍정",
        "sentiment_reason": "금융주로서 배당성향이 높아 수혜주로 언급됨",
        "stock_code": "032830"
      },
      "삼성화재": {
        "original_mention": "삼성화재",
        "mapped_name": "삼성화재",
        "listing_status": "상장",
        "exchange": "",
        "country": "Korea",
        "sentiment": "긍정",
        "sentiment_reason": "금융주로서 배당성향이 높아 수혜주로 언급됨",
        "stock_code": "000810"
      },
      "NH투자증권": {
        "original_mention": "NH투자증권",
        "mapped_name": "농협금융",
        "listing_status": "상장",
        "exchange": "",
        "country": "Korea",
        "sentiment": "긍정",
        "sentiment_reason": "금융주로서 배당성향이 높아 수혜주로 언급됨",
        "stock_code": null
      },
      "TKG휴켐스": {
        "original_mention": "TKG휴켐스",
        "mapped_name": "TKG휴켐스",
        "listing_status": "상장",
        "exchange": "",
        "country": "Korea",
        "sentiment": "긍정",
        "sentiment_reason": "비금융주로서 배당성향이 높아 수혜주로 언급됨",
        "stock_code": "069260"
      },
      "엠앤씨솔루션": {
        "original_mention": "엠앤씨솔루션",
        "mapped_name": "엠앤씨솔루션",
        "listing_status": "상장",
        "exchange": "",
        "country": "Korea",
        "sentiment": "긍정",
        "sentiment_reason": "비금융주로서 배당성향이 높아 수혜주로 언급됨",
        "stock_code": "058970"
      },
      "스카이라이프": {
        "original_mention": "스카이라이프",
        "mapped_name": "KT스카이라이프",
        "listing_status": "상장",
        "exchange": "",
        "country": "Korea",
        "sentiment": "긍정",
        "sentiment_reason": "비금융주로서 배당성향이 높아 수혜주로 언급됨",
        "stock_code": "053210"
      }
    },
    "relations": []
  }
}