{
  "title": "'우리금융지주' 52주 신고가 경신, 밸류업 추가 공시 기대 - 유안타증권, BUY",
  "description": "우리금융지주 52주 신고가 경신, 밸류업 추가 공시 기대 - 유안타증권, BUY, 증권",
  "content": "[IMG]\n\n                            \n                        \n                        \n                    \n                \n\n◆ 최근 애널리스트 분석의견\n- 밸류업 추가 공시 기대 - 유안타증권, BUY\n11월 04일 유안타증권의 우도형 애널리스트는 우리금융지주에 대해 \"3Q25 순이익 컨센서스 27.5% 상회. 일회성 이익 5,560억원, 일회성 비용 1,840억원. CET-1 비율 12.92%, QoQ +10bp (보험사 인수 영향 5bp). 투자의견 Buy, 목표주가 32,000원 3.2% 상향: 4분기 실적발표에서 밸류업 관련 추가 공시가 예상되며 4분기 실시될 비과세 배당은 (4Q DPS 850원) 주가에 긍정적 요인으로 작용할 전망이다.\"이라고 분석하며, 투자의견 'BUY', 목표주가 '32,000원'을 제시했다.\n\n한경로보뉴스\n\n이 기사는 한국경제신문과 금융 AI 전문기업 씽크풀이 공동 개발한 기사 자동생성 알고리즘에 의해 실시간으로 작성된 것입니다.",
  "published_at": "2025-11-13T10:07:00+09:00",
  "author": "한경로보뉴스",
  "image_urls": [
    "https://img.hankyung.com/photo/202511/mod_stk_20251113_5215.jpg"
  ],
  "thumbnail_url": "https://img.hankyung.com/photo/202511/mod_stk_20251113_5215.jpg",
  "content_url": "https://www.hankyung.com/article/202511131177L",
  "publisher": "한국경제",
  "analysis": {
    "companies": {
      "우리금융지주": {
        "original_mention": "우리금융지주",
        "mapped_name": "우리금융지주",
        "listing_status": "상장",
        "exchange": "KOSPI",
        "country": "Korea",
        "sentiment": "긍정",
        "sentiment_reason": "3Q25 순이익 컨센서스 상회 및 비과세 배당이 주가에 긍정적 요인으로 작용할 전망",
        "stock_code": "316140"
      },
      "유안타증권": {
        "original_mention": "유안타증권",
        "mapped_name": "유안타증권",
        "listing_status": "상장",
        "exchange": "KOSPI",
        "country": "Korea",
        "sentiment": "중립",
        "sentiment_reason": "우리금융지주에 대한 긍정적 분석 의견 제공",
        "stock_code": "003470"
      }
    },
    "relations": [
      {
        "source": "유안타증권",
        "target": "우리금융지주",
        "relation_type": "고객사",
        "relation_reason": "유안타증권이 우리금융지주에 대한 분석 의견을 제공",
        "source_is_listed": true,
        "source_country": "Korea",
        "source_ticker": "003470",
        "target_is_listed": true,
        "target_country": "Korea",
        "target_ticker": "316140"
      }
    ]
  }
}