{
  "title": "올해 대한항공 탑승객이 가장 많이 간 해외 도시는?",
  "description": "올해 대한항공 탑승객이 가장 많이 간 해외 도시는?, 차은지 기자, 경제",
  "content": "[IMG]\n\n                            \n                        \n                        사진=대한항공\n                    \n                올 한해 대한항공을 이용한 승객들이 가장 많이 간 해외 도시는 일본 도쿄였던 것으로 나타났다.\n\n11일 대한항공이 홈페이지에 공개한 ’2025년 연말결산‘에 따르면 한국발 승객들이 가장 많이 방문한 ‘올해의 핫플레이스’는 지난해에 이어 이번에도 도쿄가 1위를 차지했다. 2위 오사카, 3위 후쿠오카로 1~3위 모두 일본 주요 도시가 차지했다. 4위는 방콕이다.\n\n또한 올해는 중국 노선 탑승객 수가 지난해보다 대폭 증가한 것이 특징이었다. 한국에서 출발해 상하이를 방문한 승객이 지난해보다 12만8000명 늘어 가장 뜨거운 관심을 받은 중국 여행지로 등극했다. 베이징 방문객은 7만1000명, 칭다오 방문객은 6만3000명 증가했다.\n\n대한항공은 올해 총 1649만명의 고객을 태우고 총 2.8억㎞의 하늘길을 날았다. 이는 백두산에서 한라산까지 56만번 완주할 수 있는 거리다.\n\n연령대별 이용 비중은 30~40대가 40%로 가장 많았다. 50~60대 30%, 10~20대 21%, 기타 연령대 9%였다. 전체 탑승객 중 외국인 비중은 35%를 차지했으며 외국인 중에서는 미국·중국 국적 비율이 각 24%로 가장 높았다. 대한항공을 가장 많이 이용한 승객은 올해에만 총 216번 탑승한 것으로 조사됐다. 왕복 여정으로 환산하면 108번 여행한 셈이다.\n\n2025년은 대한항공이 신규 CI와 새 항공기 도장(livery)을 발표하고 공항 라운지를 대대적으로 업그레이드한 의미있는 해였다. 새로운 옷으로 갈아입은 대한항공 항공기는 총 34대이며 내년에도 순차적으로 도장을 바꿔나갈 계획이다.\n\n인천국제공항 제2여객터미널에 위치한 대한항공 라운지의 올해 누적 입장객 수는 총 131만6000여 명이었다. 대한항공은 올해 8월 중순 리뉴얼을 마친 신규 라운지를 개장했는데 오픈 이후에만 올해 누적 입장객의 약 26%인 34만2000여 명이 방문했다. 신규 라운지에서 가장 인기 많은 품목으로는 셰프가 즉석 조리하는 라이브 스테이션의 ‘피자’가 꼽혔다.\n\n대한항공은 올해 상위 클래스 기내식 메뉴도 새롭게 선보였다. 홈페이지에서 가장 많이 신청된 프레스티지석 사전 주문 기내식 1위는 낙지볶음과 백반이었다. 2위는 제육쌈밥, 3위는 로즈메리소스의 소고기 스테이크였다.\n\n이번 연말결산은 2025년 1월 1일부터 11월 10일까지 국제선 탑승 데이터(일부 콘텐츠는 한국 출발 국제선 기준)를 기반으로 집계했다. 자세한 내용은 대한항공 홈페이지와 모바일 앱에서 확인할 수 있다.\n\n차은지 한경닷컴 기자 chachacha@hankyung.com",
  "published_at": "2025-12-11T10:18:52+09:00",
  "author": "차은지",
  "image_urls": [
    "https://img.hankyung.com/photo/202512/01.42647257.1.jpg"
  ],
  "thumbnail_url": "https://img.hankyung.com/photo/202512/01.42647257.1.jpg",
  "content_url": "https://www.hankyung.com/article/202512116978g",
  "publisher": "한국경제",
  "analysis": {
    "companies": {
      "대한항공": {
        "original_mention": "대한항공",
        "mapped_name": "대한항공",
        "listing_status": "상장",
        "exchange": "KOSPI",
        "country": "Korea",
        "sentiment": "중립",
        "sentiment_reason": "기사에서 대한항공의 성과와 활동을 중립적으로 보도",
        "stock_code": "003490"
      }
    },
    "relations": []
  }
}