{
  "title": "삼성전자, 갤럭시 Z 트라이폴드 구매 열기",
  "description": "삼성전자, 갤럭시 Z 트라이폴드 구매 열기, 임형택 기자, 경제",
  "content": "[IMG]\n\n                            \n                        \n                        \n                    \n                삼성전자의 갤럭시 Z 트라이폴드 국내 공식 출시일인 12일 서울 서초구 삼성 강남에서 고객들이 제품 구매를 위해 대기하고 있다.\n                    \n                        \n                            \n[IMG]\n\n                            \n                        \n                        삼성전자의 갤럭시 Z 트라이폴드 국내 공식 출시일인 12일 서울 서초구 삼성 강남에서 고객들이 제품 구매를 위해 줄을 서 있다.\n                    \n                삼성전자는 이날부터 삼성닷컴과 '삼성 강남'을 포함한 전국 20개 매장에서 갤럭시 Z 트라이폴드 공식 판매를 시작했다. 갤럭시 Z 트라이폴드는 펼치면 253㎜(10형)의 대화면이 나타나고 접으면 164.8㎜(6.5형)의 휴대성 높은 바(Bar) 타입 화면을 지원해 다양한 상황에 맞춰 사용할 수 있는 제품이다.\n                    \n                        \n                            \n[IMG]\n\n                            \n                        \n                        삼성전자의 갤럭시 Z 트라이폴드 국내 공식 출시일인 12일 서울 서초구 삼성 강남에서 고객들이 제품을 구매하고 있다.\n                    \n                \n                    \n                        \n                            \n[IMG]\n\n                            \n                        \n                        삼성전자의 갤럭시 Z 트라이폴드 국내 공식 출시일인 12일 서울 서초구 삼성 강남에서 고객들이 제품을 구매하고 있다.\n                    \n                \n                    \n                        \n                            \n[IMG]\n\n                            \n                        \n                        삼성전자의 갤럭시 Z 트라이폴드 국내 공식 출시일인 12일 서울 서초구 삼성 강남에 갤럭시 Z 트라이폴드가 전시되어 있다.\n                    \n                임형택 기자 taek2@hankyung.com",
  "published_at": "2025-12-12T13:22:43+09:00",
  "author": "임형택",
  "image_urls": [
    "https://img.hankyung.com/photo/202512/01.42662202.1.jpg",
    "https://img.hankyung.com/photo/202512/01.42662217.1.jpg",
    "https://img.hankyung.com/photo/202512/01.42662223.1.jpg",
    "https://img.hankyung.com/photo/202512/01.42662219.1.jpg",
    "https://img.hankyung.com/photo/202512/01.42662194.1.jpg"
  ],
  "thumbnail_url": "https://img.hankyung.com/photo/202512/01.42662202.1.jpg",
  "content_url": "https://www.hankyung.com/article/202512120070i",
  "publisher": "한국경제",
  "analysis": {
    "companies": {
      "삼성전자": {
        "original_mention": "삼성전자",
        "mapped_name": "삼성전자",
        "listing_status": "상장",
        "exchange": "KOSPI",
        "country": "Korea",
        "sentiment": "긍정",
        "sentiment_reason": "갤럭시 Z 트라이폴드의 국내 공식 출시와 높은 구매 열기",
        "stock_code": "005930"
      }
    },
    "relations": []
  }
}