{
  "title": "11일, 기관 거래소에서 삼성전자(-0.65%), SK하이닉스(-3.75%) 등 순매도",
  "description": "11일, 기관 거래소에서 삼성전자(-0.65%), SK하이닉스(-3.75%) 등 순매도, 증권",
  "content": "기관 투자자는 11일 거래소에서 삼성전자, SK하이닉스, 한화에어로스페이스 등을 중점적으로 매도한 것으로 나타났다.\n\n기관 투자자의 순매도 상위 20개 종목은 삼성전자, SK하이닉스, 한화에어로스페이스, 한국전력, 신한지주, KODEX 200타겟위클리커버드콜, 두산, KODEX 레버리지, 현대차, 우리금융지주등이다.\n\n이중에 전기,전자 업종에 속한 종목이 4개 포함되어 있다.\n\nKODEX 200선물인버스2X 등은 전일 대비 주가가 상승했고, 삼성전자, SK하이닉스, 한화에어로스페이스 등은 주가가 하락했다.\n\n[12월11일]거래소 기관 순매도 상위 종목\n\n\n\n\n\n한경로보뉴스\n\n이 기사는 한국경제신문과 금융 AI 전문기업 씽크풀이 공동 개발한 기사 자동생성 알고리즘에 의해 실시간으로 작성된 것입니다.",
  "published_at": "2025-12-11T18:35:15+09:00",
  "author": "한경로보뉴스",
  "image_urls": [],
  "thumbnail_url": "https://static.hankyung.com/img/logo/logo-news-sns.png?v=20201130",
  "content_url": "https://www.hankyung.com/article/202512118765L",
  "publisher": "한국경제",
  "analysis": {
    "companies": {
      "삼성전자": {
        "original_mention": "삼성전자",
        "mapped_name": "삼성전자",
        "listing_status": "상장",
        "exchange": "Korea Exchange",
        "country": "Korea",
        "sentiment": "부정",
        "sentiment_reason": "주가 하락",
        "stock_code": "005930"
      },
      "SK하이닉스": {
        "original_mention": "SK하이닉스",
        "mapped_name": "SK하이닉스",
        "listing_status": "상장",
        "exchange": "Korea Exchange",
        "country": "Korea",
        "sentiment": "부정",
        "sentiment_reason": "주가 하락",
        "stock_code": "000660"
      },
      "한화에어로스페이스": {
        "original_mention": "한화에어로스페이스",
        "mapped_name": "한화에어로스페이스",
        "listing_status": "상장",
        "exchange": "Korea Exchange",
        "country": "Korea",
        "sentiment": "부정",
        "sentiment_reason": "주가 하락",
        "stock_code": "012450"
      },
      "한국전력": {
        "original_mention": "한국전력",
        "mapped_name": "한국전력",
        "listing_status": "상장",
        "exchange": "Korea Exchange",
        "country": "Korea",
        "sentiment": "중립",
        "sentiment_reason": "순매도 상위 종목",
        "stock_code": "015760"
      },
      "신한지주": {
        "original_mention": "신한지주",
        "mapped_name": "신한지주",
        "listing_status": "상장",
        "exchange": "Korea Exchange",
        "country": "Korea",
        "sentiment": "중립",
        "sentiment_reason": "순매도 상위 종목",
        "stock_code": "055550"
      },
      "두산": {
        "original_mention": "두산",
        "mapped_name": "두산",
        "listing_status": "상장",
        "exchange": "Korea Exchange",
        "country": "Korea",
        "sentiment": "중립",
        "sentiment_reason": "순매도 상위 종목",
        "stock_code": "000150"
      },
      "현대차": {
        "original_mention": "현대차",
        "mapped_name": "현대차",
        "listing_status": "상장",
        "exchange": "Korea Exchange",
        "country": "Korea",
        "sentiment": "중립",
        "sentiment_reason": "순매도 상위 종목",
        "stock_code": "005380"
      },
      "우리금융지주": {
        "original_mention": "우리금융지주",
        "mapped_name": "우리금융지주",
        "listing_status": "상장",
        "exchange": "Korea Exchange",
        "country": "Korea",
        "sentiment": "중립",
        "sentiment_reason": "순매도 상위 종목",
        "stock_code": "316140"
      }
    },
    "relations": []
  }
}