{
  "title": "투자경고 종목 지정에…SK하이닉스, 4% 가까이 급락",
  "description": "투자경고 종목 지정에…SK하이닉스, 4% 가까이 급락, 함께 지정된 SK스퀘어도 내려",
  "content": "SK하이닉스가 투자경고 종목으로 지정되면서 4% 가까이 급락했다.\n\n11일 한국거래소에 따르면 SK하이닉스는 전날보다 3.75% 하락한 56만5000원에 장을 마쳤다. 한국거래소 시장감시위원회가 전날 장 마감 이후 SK하이닉스를 투자경고 종목으로 지정한 영향이라는 게 증권가의 분석이다. 이날 외국인 투자자와 기관투자가는 SK하이닉스 주식을 각각 251억원, 1252억원가량 순매도했다. 개인투자자는 1400억원어치 주식을 사들인 것으로 나타났다.\n\n시장감시위는 SK하이닉스 주가가 ‘1년 전(2024년 12월 10일)보다 200% 이상 상승하고 최근 15일을 기준으로 최고가를 기록해’ 투자경고 종목으로 지정했다고 밝혔다. 거래소는 지난달에도 한 차례 SK하이닉스의 투자경고 종목 지정 가능성을 예고했으나 이후 주가 조정으로 실제 지정으로 이어지진 않았다.\n\n투자경고 종목은 매수 시 위탁증거금을 100% 납부해야 한다. 신용융자 매수도 불가능하다. 앞으로 2거래일 동안 주가가 40% 이상 추가로 급등하면 매매 거래가 정지될 수 있다. 이날 SK스퀘어도 투자경고 종목 지정으로 전날보다 5.09% 급락한 30만7500원에 마감했다.\n\n류은혁 기자 ehryu@hankyung.com",
  "published_at": "2025-12-11T17:26:57+09:00",
  "author": "류은혁",
  "image_urls": [],
  "thumbnail_url": "https://static.hankyung.com/img/logo/logo-news-sns.png?v=20201130",
  "content_url": "https://www.hankyung.com/article/2025121184921",
  "publisher": "한국경제",
  "analysis": {
    "companies": {
      "SK하이닉스": {
        "original_mention": "SK하이닉스",
        "mapped_name": "SK하이닉스",
        "listing_status": "상장",
        "exchange": "KOSPI",
        "country": "Korea",
        "sentiment": "부정",
        "sentiment_reason": "투자경고 종목 지정으로 인한 주가 급락",
        "stock_code": "000660"
      },
      "SK스퀘어": {
        "original_mention": "SK스퀘어",
        "mapped_name": "SK스퀘어",
        "listing_status": "상장",
        "exchange": "KOSPI",
        "country": "Korea",
        "sentiment": "부정",
        "sentiment_reason": "투자경고 종목 지정으로 인한 주가 급락",
        "stock_code": "402340"
      }
    },
    "relations": []
  }
}