{
  "title": "[인사] ㈜LG ; LG전자 ; LG화학 등",
  "description": "㈜LG ; LG전자 ; LG화학 등, 사회",
  "content": "◈㈜LG◎승진&lt;부사장&gt;▷법무·준법지원팀장 장건▷화학팀장 장승세▷홍보·브랜드팀장 정정욱&lt;전무&gt;▷통신서비스팀장 윤창병▷투자팀장 이승기◎전보▷전자팀장 박충현\n\n◈LG전자◎선임▷HS사업본부장 백승태◎승진&lt;부사장&gt;▷SoC센터장 김진경▷webOS플랫폼사업센터장 조병하◎승진&lt;전무&gt;▷품질경영센터장 김창민▷부품솔루션사업부장 김철▷멕시칼리생산법인장 김태완▷생산혁신센터장 양희구▷한국구독영업담당 이성진▷노경담당 이희성▷D2C해외영업그룹장 정순호▷디자인경영센터장 정욱준▷고객가치혁신부문장 정재웅◎승진&lt;상무&gt;▷ES엔지니어링담당 권민호▷키친솔루션연구소장 김경석▷ES제어연구담당 김광만▷VS CX담당 김승만▷HS품질경영담당 김윤수▷찌비뚱생산법인장 김준우▷한국영업경영관리담당 김현▷Connectivity개발리더 김홍덕▷TV아시아영업담당 노승완▷디스플레이제품개발담당 노윤호▷HS SCM담당 박영진▷ES생산담당 박진규▷한국D2C영업담당 양희철▷HS기술전략담당 이재모▷광학연구소장 정병우▷한국건설영업담당 정수봉▷미국HS영업담당 정연관▷인도LG전자 오퍼레이션그룹장·노이다생산담당 정용찬▷인도SW연구소장 조성현▷인도LG전자 인도HS영업담당 황영민▷워싱턴오피스소장 황상연\n\n◈LG화학◎신규선임&lt;상무&gt;▷기반기술연구소 산하 수석연구위원 김기환▷중국 용싱 ABS생산법인장 임경채▷ABS 국내영업담당 유동주▷첨단소재 전략구매그룹장 이원상▷엔지니어링소재 글로벌생산기술담당 이승혁▷첨단소재 사업경쟁력강화TFT장 이준호▷전자소재 마케팅전략담당 김민교\n\n◈LG디스플레이◎승진&lt;부사장&gt;▷생산기술센터장 최영석&lt;전무&gt;▷SC개발그룹장 박상윤▷대형제품개발1담당 이태림&lt;상무&gt;▷SC개발3담당 소성진▷SC모듈기술1담당 손병희▷SC기획관리담당 백승룡▷중형고객지원담당 남재욱▷대형영업2담당 손석진▷기구광학연구담당 김인주▷안전보건담당 이승익▷대형품질담당 허우재▷해외법무담당 한예일▷인사담당 구지현\n\n◈LG에너지솔루션◎승진&lt;전무&gt;▷ESS전지사업부장 김형식◎신규선임&lt;상무&gt;▷소형 상품기획 전략담당 김낙진▷ESS 상품기획 전략담당 김현태▷ESS 북미Operation Pack LINK생산지원담당 배재현▷미래기술 차세대Cell개발담당 손권남▷인프라그룹장 이승훈▷자동차마케팅 마케팅4담당 허성민\n\n◈LG CNS◎승진&lt;부사장&gt;▷AI클라우드사업부장 김태훈▷Entrue부문장 최문근&lt;전무&gt;▷스마트물류&amp;시티사업부장 이준호◎선임&lt;상무&gt;▷Design AX사업담당 김소연▷SF Core사업담당 수석전문위원 오진섭▷통신 서비스사업담당 이철호▷SCM이노베이션사업담당 조민관▷클라우드데이터센터사업담당 조헌혁◎전입▷CFO 송광륜\n\n◈LG유플러스◎승진&lt;부사장&gt;▷기업부문장 권용현▷CHO 양효석▷CFO CRO 여명희&lt;전무&gt;▷IT 플랫폼빌드그룹장 정성권◎신규선임&lt;상무&gt;▷전략기획담당 고진태▷무선기술담당 김영진▷충청영업담당 김용진▷CV담당 서남희▷에이전트 플랫폼개발랩장 신정호▷C-TF PM 이서호▷LG 산하 조용성\n\n◈LG생활건강◎신규 임원▷HDB 영업총괄 박일상▷정도경영담당 박정철\n\n◈LG이노텍◎신규선임&lt;상무&gt;▷노경담당 김진호▷ES사업담당 남승현▷광학솔루션개발담당 문연태▷복합센싱모듈개발담당 이경태▷품질경영센터장 장승우◎전입▷CFO 경은국\n\n◈LG경영개발원◎선임&lt;전무&gt;▷LG경영연구원장 김재문◎승진&lt;전무&gt;▷LG AI연구원 공동 연구원장 임우형◎선임&lt;상무&gt;▷김유철\n\n◈삼성물산◇건설부문◎승진&lt;부사장&gt;▷김종훈 이주용 진창국 표원석 정호진&lt;상무&gt;▷김영진 김은정 박근 이수왕 임종묵 조영훈 최헌정 한만근◇상사부문&lt;부사장&gt;▷강병오 강태규 조용남 최경근&lt;상무&gt;▷김민석 김정완 윤현태 이정수 조명희 최윤영◇패션부문&lt;부사장&gt;▷김동운&lt;상무&gt;▷박기성 이종학 이주영 임대빈◇리조트부문&lt;상무&gt;▷임채홍 전신우 최용\n\n◈삼성E&amp;A◎승진&lt;부사장&gt;▷김종민 양기영 이기열 조원식&lt;상무&gt;▷안성찬 연명모 윤혜연 주재영 최용호 한성민\n\n◈제일기획◎승진&lt;부사장&gt;▷정유석&lt;상무&gt;▷이슬기 이준호 최지원 엘다드 헤이윌\n\n◈호텔신라◎승진&lt;부사장&gt;▷박민 조병준&lt;상무&gt;▷김태원 이강복 조성훈\n\n◈삼성웰스토리◎승진&lt;상무&gt;▷박한순\n\n◈에스원◎승진&lt;부사장&gt;▷김석주 사광호&lt;상무&gt;▷류상림 손인성 이영우",
  "published_at": "2025-11-27T17:38:03+09:00",
  "author": "한국경제",
  "image_urls": [],
  "thumbnail_url": "https://static.hankyung.com/img/logo/logo-news-sns.png?v=20201130",
  "content_url": "https://www.hankyung.com/article/2025112703241",
  "publisher": "한국경제",
  "analysis": {
    "companies": {
      "LG": {
        "original_mention": "㈜LG",
        "mapped_name": "LG",
        "listing_status": "상장",
        "exchange": "KRX",
        "country": "Korea",
        "sentiment": "중립",
        "sentiment_reason": "인사 발표",
        "stock_code": "003550"
      },
      "LG전자": {
        "original_mention": "LG전자",
        "mapped_name": "LG전자",
        "listing_status": "상장",
        "exchange": "KRX",
        "country": "Korea",
        "sentiment": "중립",
        "sentiment_reason": "인사 발표",
        "stock_code": "066570"
      },
      "LG화학": {
        "original_mention": "LG화학",
        "mapped_name": "LG화학",
        "listing_status": "상장",
        "exchange": "KRX",
        "country": "Korea",
        "sentiment": "중립",
        "sentiment_reason": "인사 발표",
        "stock_code": "051910"
      },
      "LG디스플레이": {
        "original_mention": "LG디스플레이",
        "mapped_name": "LG디스플레이",
        "listing_status": "상장",
        "exchange": "KRX",
        "country": "Korea",
        "sentiment": "중립",
        "sentiment_reason": "인사 발표",
        "stock_code": "034220"
      },
      "LG에너지솔루션": {
        "original_mention": "LG에너지솔루션",
        "mapped_name": "LG에너지솔루션",
        "listing_status": "상장",
        "exchange": "KRX",
        "country": "Korea",
        "sentiment": "중립",
        "sentiment_reason": "인사 발표",
        "stock_code": "373220"
      },
      "LG CNS": {
        "original_mention": "LG CNS",
        "mapped_name": "LG씨엔에스",
        "listing_status": "비상장",
        "exchange": "",
        "country": "Korea",
        "sentiment": "중립",
        "sentiment_reason": "인사 발표",
        "stock_code": null
      },
      "LG유플러스": {
        "original_mention": "LG유플러스",
        "mapped_name": "LG유플러스",
        "listing_status": "상장",
        "exchange": "KRX",
        "country": "Korea",
        "sentiment": "중립",
        "sentiment_reason": "인사 발표",
        "stock_code": "032640"
      },
      "LG생활건강": {
        "original_mention": "LG생활건강",
        "mapped_name": "LG생활건강",
        "listing_status": "상장",
        "exchange": "KRX",
        "country": "Korea",
        "sentiment": "중립",
        "sentiment_reason": "인사 발표",
        "stock_code": "051900"
      },
      "LG이노텍": {
        "original_mention": "LG이노텍",
        "mapped_name": "LG이노텍",
        "listing_status": "상장",
        "exchange": "KRX",
        "country": "Korea",
        "sentiment": "중립",
        "sentiment_reason": "인사 발표",
        "stock_code": "011070"
      },
      "LG경영개발원": {
        "original_mention": "LG경영개발원",
        "mapped_name": "LG경영개발원",
        "listing_status": "비상장",
        "exchange": "",
        "country": "Korea",
        "sentiment": "중립",
        "sentiment_reason": "인사 발표",
        "stock_code": null
      },
      "삼성물산": {
        "original_mention": "삼성물산",
        "mapped_name": "삼성물산",
        "listing_status": "상장",
        "exchange": "KRX",
        "country": "Korea",
        "sentiment": "중립",
        "sentiment_reason": "인사 발표",
        "stock_code": "028260"
      },
      "삼성E&A": {
        "original_mention": "삼성E&A",
        "mapped_name": "삼성E&A",
        "listing_status": "비상장",
        "exchange": "",
        "country": "Korea",
        "sentiment": "중립",
        "sentiment_reason": "인사 발표",
        "stock_code": null
      },
      "제일기획": {
        "original_mention": "제일기획",
        "mapped_name": "제일기획",
        "listing_status": "상장",
        "exchange": "KRX",
        "country": "Korea",
        "sentiment": "중립",
        "sentiment_reason": "인사 발표",
        "stock_code": "030000"
      },
      "호텔신라": {
        "original_mention": "호텔신라",
        "mapped_name": "호텔신라",
        "listing_status": "상장",
        "exchange": "KRX",
        "country": "Korea",
        "sentiment": "중립",
        "sentiment_reason": "인사 발표",
        "stock_code": "008770"
      },
      "삼성웰스토리": {
        "original_mention": "삼성웰스토리",
        "mapped_name": "삼성웰스토리",
        "listing_status": "비상장",
        "exchange": "",
        "country": "Korea",
        "sentiment": "중립",
        "sentiment_reason": "인사 발표",
        "stock_code": null
      },
      "에스원": {
        "original_mention": "에스원",
        "mapped_name": "에스원",
        "listing_status": "상장",
        "exchange": "KRX",
        "country": "Korea",
        "sentiment": "중립",
        "sentiment_reason": "인사 발표",
        "stock_code": "012750"
      }
    },
    "relations": []
  }
}