{
  "title": "LG화학 신학철 용퇴, 신임 CEO에 김동춘…상무 7명 승진(종합)",
  "description": "LG화학 신학철 용퇴, 신임 CEO에 김동춘…상무 7명 승진(종합), 사회",
  "content": "사장 포함 8명 승진 인사…\"성과주의 기반 미래인재 발탁\"\n                    \n                        \n                            \n[IMG]\n\n                            \n                        \n                        \n                    \n                 LG화학 신임 최고경영자(CEO)에 김동춘 사장이 승진 선임됐다.\n\n  LG화학은 27일 이사회를 열어 첨단소재사업본부장 김동춘 부사장을 사장으로 승진시키고 CEO로 선임했다고 밝혔다.\n\n  김동춘 사장은 1968년생으로 한양대학교에서 공업화학을 전공하고, 미국 워싱턴대학교에서 경영학 석사(MBA)를 취득했다.\n\n  1996년 LG화학에 입사한 이후 반도체소재사업담당, 전자소재사업부장, 첨단소재사업본부장 등 첨단소재 분야 주요 직책을 두루 거쳤다.\n\n  김 사장은 첨단소재 사업의 고수익화, 미래 성장동력 발굴, 글로벌 고객 확대 등에서 성과를 창출하며 사업 경쟁력 강화에 기여했다.\n\n  또한 LG화학과 ㈜LG에서 경영전략과 신사업개발을 담당하며 전략 수립 및 실행 경험을 쌓아 글로벌 사업 감각과 전략적 통찰력을 겸비했다고 LG화학은 전했다.\n\n  LG화학은 김 사장에 대해 \"불확실한 경영 환경 속 사업 포트폴리오를 고도화하고 미래 혁신을 주도할 적임자\"라고 설명했다.\n\n  신학철 부회장은 지난 7년간 LG화학의 전지 소재 등 신성장 미래 사업과 글로벌 경영 기반을 마련하고 세대교체를 위해 물러난다.\n\n  아울러 LG화학은 2026년 임원 승진 인사 및 조직개편을 단행하고 상무 7명을 신규 선임했다.\n\n  신규 선임된 상무는 김기환 기반기술연구소산하 수석연구위원, 임경채 중국용싱ABS생산법인장, 유동주 ABS.국내영업담당, 이원상 첨단소재.전략구매그룹장, 이승혁 엔지니어링소재.글로벌생산기술담당, 이준호 첨단소재.사업경쟁력강화TFT장, 김민교 전자소재.마케팅전략담당 등이다.\n\n  글로벌 수요 부진 등 어려운 경영환경 속에서도 성과주의를 기반으로 고부가 사업 확대와 미래 신규 사업을 이끌 인재들이 발탁됐다.\n\n  LG화학은 이번 인사를 통해 사업 포트폴리오를 고도화하고 경쟁 우위의 사업 구조 확립을 지속 추진해 나갈 계획이다.\n\n  /연합뉴스",
  "published_at": "2025-11-27T16:55:30+09:00",
  "author": "YONHAP",
  "image_urls": [
    "https://img.hankyung.com/photo/202511/AKR20251127157251003_01_i_P4.jpg"
  ],
  "thumbnail_url": "https://img.hankyung.com/photo/202511/ZK.42508896.1.jpg",
  "content_url": "https://www.hankyung.com/article/202511270138Y",
  "publisher": "한국경제",
  "analysis": {
    "companies": {
      "LG화학": {
        "original_mention": "LG화학",
        "mapped_name": "LG화학",
        "listing_status": "상장",
        "exchange": "KOSPI",
        "country": "Korea",
        "sentiment": "중립",
        "sentiment_reason": "CEO 교체 및 임원 승진 인사 발표",
        "stock_code": "051910"
      },
      "㈜LG": {
        "original_mention": "㈜LG",
        "mapped_name": "㈜LG",
        "listing_status": "상장",
        "exchange": "KOSPI",
        "country": "Korea",
        "sentiment": "중립",
        "sentiment_reason": "경영전략 및 신사업개발 담당",
        "stock_code": "003550"
      }
    },
    "relations": [
      {
        "source": "LG화학",
        "target": "㈜LG",
        "relation_type": "파트너",
        "relation_reason": "경영전략 및 신사업개발 협력",
        "source_is_listed": true,
        "source_country": "Korea",
        "source_ticker": "051910",
        "target_is_listed": true,
        "target_country": "Korea",
        "target_ticker": "003550"
      }
    ]
  }
}