{
  "title": "[인사] LG화학",
  "description": "LG화학, 사회",
  "content": "◇ 사장 승진\n    ▲ 첨단소재사업본부장 김동춘\n\n    ◇ 상무 신규선임\n    ▲ 기반기술연구소 산하 수석연구위원 김기환 ▲ 중국 용싱 ABS생산법인장 임경채 ▲  ABS 국내영업담당 유동주 ▲ 첨단소재 전략구매그룹장 이원상 ▲ 엔지니어링소재 글로벌생산기술담당 이승혁 ▲ 첨단소재 사업경쟁력강화TFT장 이준호 ▲ 전자소재 마케팅전략담당 김민교\n\n /연합뉴스",
  "published_at": "2025-11-27T16:46:20+09:00",
  "author": "YONHAP",
  "image_urls": [],
  "thumbnail_url": "https://static.hankyung.com/img/logo/logo-news-sns.png?v=20201130",
  "content_url": "https://www.hankyung.com/article/202511270122Y",
  "publisher": "한국경제",
  "analysis": {
    "companies": {
      "LG화학": {
        "original_mention": "LG화학",
        "mapped_name": "LG화학",
        "listing_status": "상장",
        "exchange": "KOSPI",
        "country": "Korea",
        "sentiment": "중립",
        "sentiment_reason": "인사 발표",
        "stock_code": "051910"
      }
    },
    "relations": []
  }
}