{
  "title": "LG화학 신임 CEO에 김동춘 사장…신학철 부회장 용퇴",
  "description": "LG화학 신임 CEO에 김동춘 사장…신학철 부회장 용퇴, 사회",
  "content": "사장 승진 1명·상무 신규 선임 7명 등 8명 승진 인사\n                    \n                        \n                            \n[IMG]\n\n                            \n                        \n                        \n                    \n                 LG화학 신임 최고경영자(CEO)에 김동춘 첨단소재사업본부장이 선임됐다.\n\n  LG화학은 27일 이사회를 열고 김 본부장을 사장으로 승진하고 신임 CEO로 선임했다고 밝혔다.\n\n  김 사장은 1968년생으로 한양대학교에서 공업화학을 전공하고, 미국 워싱턴대학교에서 경영학 석사(MBA)를 취득했다.\n\n  1996년 LG화학에 입사한 이후 반도체소재사업담당, 전자소재사업부장, 첨단소재사업본부장 등 첨단소재 분야의 주요 직책을 두루 거쳤다.\n\n  LG화학은 김 사장에 대해 \"불확실한 경영 환경 속 사업 포트폴리오를 고도화하고 미래 혁신을 주도할 적임자\"라고 설명했다.\n\n  이와 함께 LG화학은 2026년 임원 승진 인사 및 조직개편을 단행하고, 7명의 상무를 신규 선임했다.\n\n  한편, 신학철 부회장은 지난 7년간 LG화학의 전지 소재 등 신성장 미래 사업과 글로벌 경영 기반을 마련하고 세대교체를 위해 물러난다.\n\n  /연합뉴스",
  "published_at": "2025-11-27T16:44:55+09:00",
  "author": "YONHAP",
  "image_urls": [
    "https://img.hankyung.com/photo/202511/AKR20251127157200003_01_i_P4.jpg"
  ],
  "thumbnail_url": "https://img.hankyung.com/photo/202511/ZK.42508802.1.jpg",
  "content_url": "https://www.hankyung.com/article/202511270119Y",
  "publisher": "한국경제",
  "analysis": {
    "companies": {
      "LG화학": {
        "original_mention": "LG화학",
        "mapped_name": "LG화학",
        "listing_status": "상장",
        "exchange": "KOSPI",
        "country": "Korea",
        "sentiment": "중립",
        "sentiment_reason": "신임 CEO 선임 및 조직 개편 소식",
        "stock_code": "051910"
      }
    },
    "relations": []
  }
}