{
  "title": "19일, 외국인 거래소에서 LG에너지솔루션(-1.24%), 효성중공업(-2.84%) 등 순매수",
  "description": "19일, 외국인 거래소에서 LG에너지솔루션(-1.24%), 효성중공업(-2.84%) 등 순매수, 증권",
  "content": "외국인 투자자는 19일 거래소에서 LG에너지솔루션, 효성중공업, LS ELECTRIC 등을 중점적으로 사들인 것으로 나타났다.\n\n외국인 투자자의 순매수 상위 20개 종목은 LG에너지솔루션, 효성중공업, LS ELECTRIC, 에이피알, 삼성SDI, 농심, 현대모비스, KT&amp;G, HL만도, SK텔레콤등이다.\n\n이중에 전기,전자 업종에 속한 종목이 5개 포함되어 있다.\n\nLS ELECTRIC, 에이피알, 농심 등은 전일 대비 주가가 상승했고, LG에너지솔루션, 효성중공업, 삼성SDI 등은 주가가 하락했다.\n\n[11월19일]거래소 외국인 순매수 상위 종목\n\n\n\n\n\n한경로보뉴스\n\n이 기사는 한국경제신문과 금융 AI 전문기업 씽크풀이 공동 개발한 기사 자동생성 알고리즘에 의해 실시간으로 작성된 것입니다.",
  "published_at": "2025-11-19T18:35:10+09:00",
  "author": "한경로보뉴스",
  "image_urls": [],
  "thumbnail_url": "https://static.hankyung.com/img/logo/logo-news-sns.png?v=20201130",
  "content_url": "https://www.hankyung.com/article/202511194155L",
  "publisher": "한국경제",
  "analysis": {
    "companies": {
      "LG에너지솔루션": {
        "original_mention": "LG에너지솔루션",
        "mapped_name": "LG에너지솔루션",
        "listing_status": "상장",
        "exchange": "Korea Exchange",
        "country": "Korea",
        "sentiment": "부정",
        "sentiment_reason": "주가 하락",
        "stock_code": "373220"
      },
      "효성중공업": {
        "original_mention": "효성중공업",
        "mapped_name": "효성중공업",
        "listing_status": "상장",
        "exchange": "Korea Exchange",
        "country": "Korea",
        "sentiment": "부정",
        "sentiment_reason": "주가 하락",
        "stock_code": "298040"
      },
      "LS ELECTRIC": {
        "original_mention": "LS ELECTRIC",
        "mapped_name": "LS ELECTRIC",
        "listing_status": "상장",
        "exchange": "Korea Exchange",
        "country": "Korea",
        "sentiment": "긍정",
        "sentiment_reason": "주가 상승",
        "stock_code": "010120"
      },
      "에이피알": {
        "original_mention": "에이피알",
        "mapped_name": "에이피알",
        "listing_status": "상장",
        "exchange": "Korea Exchange",
        "country": "Korea",
        "sentiment": "긍정",
        "sentiment_reason": "주가 상승",
        "stock_code": "214320"
      },
      "삼성SDI": {
        "original_mention": "삼성SDI",
        "mapped_name": "삼성SDI",
        "listing_status": "상장",
        "exchange": "Korea Exchange",
        "country": "Korea",
        "sentiment": "부정",
        "sentiment_reason": "주가 하락",
        "stock_code": "006400"
      },
      "농심": {
        "original_mention": "농심",
        "mapped_name": "농심",
        "listing_status": "상장",
        "exchange": "Korea Exchange",
        "country": "Korea",
        "sentiment": "긍정",
        "sentiment_reason": "주가 상승",
        "stock_code": "004370"
      },
      "현대모비스": {
        "original_mention": "현대모비스",
        "mapped_name": "현대모비스",
        "listing_status": "상장",
        "exchange": "Korea Exchange",
        "country": "Korea",
        "sentiment": "중립",
        "sentiment_reason": "",
        "stock_code": "012330"
      },
      "KT&G": {
        "original_mention": "KT&G",
        "mapped_name": "KT&G",
        "listing_status": "상장",
        "exchange": "Korea Exchange",
        "country": "Korea",
        "sentiment": "중립",
        "sentiment_reason": "",
        "stock_code": "033780"
      },
      "HL만도": {
        "original_mention": "HL만도",
        "mapped_name": "HL만도",
        "listing_status": "상장",
        "exchange": "Korea Exchange",
        "country": "Korea",
        "sentiment": "중립",
        "sentiment_reason": "",
        "stock_code": "204320"
      },
      "SK텔레콤": {
        "original_mention": "SK텔레콤",
        "mapped_name": "SK텔레콤",
        "listing_status": "상장",
        "exchange": "Korea Exchange",
        "country": "Korea",
        "sentiment": "중립",
        "sentiment_reason": "",
        "stock_code": "017670"
      }
    },
    "relations": []
  }
}