{
  "title": "\"반드시 삼성에 설욕\"...LG에너지솔루션, 국내서 LFP 배터리 생산한다",
  "description": "반드시 삼성에 설욕...LG에너지솔루션, 국내서 LFP 배터리 생산한다, 제1차 ESS 입찰에서 완패한 LG 당시 중국 생산 계획세운게 패착 충북 오창서 1GWh 규모 LFP라인 갖출 계획 삼성SDI, SK온도 국내 LFP 가속화 할 듯",
  "content": "[IMG]\n\n                            \n                        \n                        ESS\n                    \n                LG에너지솔루션이 충북 오창 공장에 리튬인산철(LFP) 배터리 양산 라인을 구축하기로 했다. 지난 제1차 에너지저장장치(ESS) 중앙계약시장 입찰에서 삼성SDI에게 당한 패배를 만회하기 위한 전략적 결정이라는 분석이 나온다.\n\nLG에너지솔루션은 17일 오창 공장에서 LFP 양산라인 설치 행사를 열고 ESS용 배터리의 국내 생산 계획을 공식화했다. 회사는 2027년까지 연간 1GWh 규모의 생산능력을 확보할 예정이며, 셀·팩·전극·전해질 등 주요 공정과 소재·부품·장비(소부장) 국산화까지 단계적으로 추진한다. \n\nLG에너지솔루션이 정조준하는 것은 올 연말 시행되는 제2차 ESS 중앙계약시장 입찰이다. 지난 1차 입찰에서 삼성SDI는 전체 물량의 80% 이상을 가져갔고, LG에너지솔루션은 제주·광양 등 일부 지역 프로젝트만 수주했다. 당시 LG에너지솔루션은 중국 난징공장에서 생산한 LFP를 공급하겠다는 계획을 제출했는데, 입찰 심사에서 ‘국내 산업 기여도’ 항목 점수가 상대적으로 낮았다는 평가다. \n\n정부는 중국산 배터리의 공공 ESS 참여를 사실상 배제하려고 국내 산업 기여도 라는 항목을 신설했는데, 이 때문에 LG에너지솔루션도 동일한 감점을 적용받은 셈이다. 반면 삼성SDI는 대다수 물량을 울산 공장에서 생산한 삼원계(NCA) 배터리로 공급하겠다는 계획을 밝히며 높은 점수를 받았다. \n\nLG에너지솔루션은 이번 오창 LFP 라인 구축을 계기로 2차 입찰에서는 판세를 뒤집겠다는 전략이다. 핵심 소재를 국산 조달하고 국내 협력사와의 공급망 연계를 강화해 비가격지표에서 경쟁력을 확보하려는 것이다. 2차 조달에서는 정부의 배터리 벨류체인 국산화 정책에 맞춰 ‘국내 생산 기여도’ 항목의 중요성이 더 커질 것으로 예상된다. \n\nLFP 양산은 현대자동차·기아 등 국내 완성차 공급망 확대도 염두에 둔 포석이다. LFP는 안전성과 원가 경쟁력이 높아 최근 현대차 그룹이 집중하는 중저가 전기차에 적합하다. 현재 현대차 그룹에 대한 국내 배터리 공급은 SK온에 집중돼 있다. LG에너지솔루션이 수주를 따낸다면 생산능력을 1GWh 이상으로 늘릴 가능성도 있다. \n\n이번 결정으로 경쟁사들의 전략변화도 불가피해졌다는 분석이다. LG에너지솔루션이 LFP의 낮은 가격과 국내 산업 기여도까지 갖출 예정인 만큼, 가격점수·비가격점수에서 우위를 점하기 위해서는 LFP 국내생산체제가 필수적이 됐다. 국내에서 삼원계를 생산하는 삼성SDI도 LFP로의 체제 전환을 서두를 것이란 관측이다. 1차 입찰에서 프로젝트 수주에 실패한 SK온 역시 국내 LFP 생산체제를 고려할 수 밖에 없다.  \n\n한 ESS 사업자는 \"정부가 중국산을 배제하면서도 값싼 배터리를 원하고 있기 때문에, 얼마나 국내에서 싸게 LFP를 만드느냐가 관건이 될 것\"이라고 말했다. \n\n성상훈 기자 uphoon@hankyung.com",
  "published_at": "2025-11-17T15:14:04+09:00",
  "author": "성상훈",
  "image_urls": [
    "https://img.hankyung.com/photo/202511/01.42407257.1.jpg"
  ],
  "thumbnail_url": "https://img.hankyung.com/photo/202511/01.42407257.1.jpg",
  "content_url": "https://www.hankyung.com/article/202511178494i",
  "publisher": "한국경제",
  "analysis": {
    "companies": {
      "LG에너지솔루션": {
        "original_mention": "LG에너지솔루션",
        "mapped_name": "LG에너지솔루션",
        "listing_status": "상장",
        "exchange": "KOSPI",
        "country": "Korea",
        "sentiment": "긍정",
        "sentiment_reason": "국내 LFP 배터리 생산 계획 발표로 시장 경쟁력 강화 기대",
        "stock_code": "373220"
      },
      "삼성SDI": {
        "original_mention": "삼성SDI",
        "mapped_name": "삼성SDI",
        "listing_status": "상장",
        "exchange": "KOSPI",
        "country": "Korea",
        "sentiment": "중립",
        "sentiment_reason": "LG에너지솔루션의 LFP 배터리 생산 계획에 따른 경쟁 심화 예상",
        "stock_code": "006400"
      },
      "SK온": {
        "original_mention": "SK온",
        "mapped_name": "SK온",
        "listing_status": "비상장",
        "exchange": "",
        "country": "Korea",
        "sentiment": "중립",
        "sentiment_reason": "LG에너지솔루션의 LFP 배터리 생산 계획에 따른 전략 재검토 필요",
        "stock_code": null
      },
      "현대자동차": {
        "original_mention": "현대자동차",
        "mapped_name": "현대자동차",
        "listing_status": "상장",
        "exchange": "KOSPI",
        "country": "Korea",
        "sentiment": "중립",
        "sentiment_reason": "LFP 배터리의 원가 경쟁력으로 인한 공급망 확대 가능성",
        "stock_code": "005380"
      },
      "기아": {
        "original_mention": "기아",
        "mapped_name": "기아",
        "listing_status": "상장",
        "exchange": "KOSPI",
        "country": "Korea",
        "sentiment": "중립",
        "sentiment_reason": "LFP 배터리의 원가 경쟁력으로 인한 공급망 확대 가능성",
        "stock_code": "000270"
      }
    },
    "relations": [
      {
        "source": "LG에너지솔루션",
        "target": "삼성SDI",
        "relation_type": "경쟁사",
        "relation_reason": "ESS 배터리 시장에서의 경쟁 심화",
        "source_is_listed": true,
        "source_country": "Korea",
        "source_ticker": "373220",
        "target_is_listed": true,
        "target_country": "Korea",
        "target_ticker": "006400"
      },
      {
        "source": "LG에너지솔루션",
        "target": "SK온",
        "relation_type": "경쟁사",
        "relation_reason": "ESS 배터리 시장에서의 경쟁 심화",
        "source_is_listed": true,
        "source_country": "Korea",
        "source_ticker": "373220",
        "target_is_listed": false,
        "target_country": "Korea",
        "target_ticker": null
      },
      {
        "source": "LG에너지솔루션",
        "target": "현대자동차",
        "relation_type": "공급사",
        "relation_reason": "LFP 배터리의 원가 경쟁력으로 인한 공급망 확대 가능성",
        "source_is_listed": true,
        "source_country": "Korea",
        "source_ticker": "373220",
        "target_is_listed": true,
        "target_country": "Korea",
        "target_ticker": "005380"
      },
      {
        "source": "LG에너지솔루션",
        "target": "기아",
        "relation_type": "공급사",
        "relation_reason": "LFP 배터리의 원가 경쟁력으로 인한 공급망 확대 가능성",
        "source_is_listed": true,
        "source_country": "Korea",
        "source_ticker": "373220",
        "target_is_listed": true,
        "target_country": "Korea",
        "target_ticker": "000270"
      }
    ]
  }
}