{
  "title": "\"고객·매장관리·광고 한 번에 끝\"…카카오, 사업자 채널 개편",
  "description": "고객·매장관리·광고 한 번에 끝…카카오, 사업자 채널 개편, 카카오톡 채널·카카오맵·광고 등 통합 관리 중소상공인 위한 카카오비즈 멤버십 출시",
  "content": "[IMG]\n\n                            \n                        \n                        사진은 기사와 무관함. 사진=게티이미지뱅크 \n                    \n                카카오가 카카오비즈니스 관리 채널을 '카카오비즈니스 파트너센터'로 통합 개편했다.  채널, 카카오맵, 광고 등 다양한 카카오비즈니스 서비스를 한 곳에서 관리할 수 있게 된 것이다.\n\n카카오는 8일 사업자 관리 채널을 카카오비즈니스 파트너센터’로 통합 개편했다고 밝혔다. 카카오비즈니스 파트너센터는 △카카오비즈니스 관리자센터 △ 채널 관리자센터 △카카오맵 매장관리를 하나로 통합한 웹·모바일 서비스다. 한 센터 안에서 톡채널 운영과 고객 관리, 매장 관리, 광고 집행·성과 분석 등을 모두 처리할 수 있게 됐다. 맞춤형 대시보드를 제공해 운영 현황 확인과 일정 관리도 가능하다.\n                    \n                        \n                            \n[IMG]\n\n                            \n                        \n                        카카오가 사업자 관리 채널 ‘카카오비즈니스 파트너센터’로 통합 개편했다. 사진=카카오 \n                    \n                통합 개편을 기념해 12월 15일부터 31일까지 프로모션도 진행한다. 카카오비즈니스 신규 가입자가 비즈니스 채널을 개설하면 카카오쇼핑 포인트 1만원을 지급한다.\n\n카카오는 중소상공인의 성장을 지원하는 상생 프로그램의 일환으로 ‘카카오비즈 멤버십’도 출시했다. 광고·마케팅, 매장운영, 식자재 구매 등 사업에 필요한 각종 혜택을 결합한 것이 특징이다.\n                    \n                        \n                            \n[IMG]\n\n                            \n                        \n                        카카오가 사업자 관리 채널 ‘카카오비즈니스 파트너센터’로 통합 개편했다. 사진=카카오\n                    \n                멤버십 가입 시 매월 1만4900원으로 최대 40만원 상당의 혜택을 받을 수 있다. △카카오 광고 지원금 3만원 △오케이포스 고객관리 메시지 발송비 1만원 △레뷰 체험단 마케팅 62% 할인 △디너의 여왕 인플루언서 마케팅 6만원 할인 △포스피드·오터포스 배달 주문 프로그램 3개월 무료·비용 지원 △CJ프레시웨이 프레시엔 식자재몰 2만원 할인 쿠폰팩 혜택을 모두 제공한다.\n\n황준연 카카오 카카오비즈니스도메인리더는 “이번 통합 개편으로 파트너사들이 카카오비즈니스 플랫폼을 더욱 간편하고 유용하게 활용할 수 있을 것으로 기대한다”며 “중소상공인을 비롯해 다양한 사업자들이 카카오비즈니스를 통해 실질적인 성장을 이뤄나갈 수 있도록 다채로운 지원 방안을 고민하고 실행할 계획이다”라고 말했다.\n\n박수빈 한경닷컴 기자 waterbean@hankyung.com",
  "published_at": "2025-12-08T09:45:40+09:00",
  "author": "박수빈",
  "image_urls": [
    "https://img.hankyung.com/photo/202512/01.42614092.1.jpg",
    "https://img.hankyung.com/photo/202512/01.42614087.1.png",
    "https://img.hankyung.com/photo/202512/01.42614154.1.png"
  ],
  "thumbnail_url": "https://img.hankyung.com/photo/202512/01.42614092.1.jpg",
  "content_url": "https://www.hankyung.com/article/202512089269g",
  "publisher": "한국경제",
  "analysis": {
    "companies": {
      "카카오": {
        "original_mention": "카카오",
        "mapped_name": "카카오",
        "listing_status": "상장",
        "exchange": "KOSPI",
        "country": "Korea",
        "sentiment": "중립",
        "sentiment_reason": "사업자 관리 채널 통합 개편 발표",
        "stock_code": "035720"
      },
      "CJ프레시웨이": {
        "original_mention": "CJ프레시웨이",
        "mapped_name": "CJ프레시웨이",
        "listing_status": "상장",
        "exchange": "KOSDAQ",
        "country": "Korea",
        "sentiment": "중립",
        "sentiment_reason": "카카오비즈 멤버십 혜택 제공",
        "stock_code": "051500"
      }
    },
    "relations": [
      {
        "source": "카카오",
        "target": "CJ프레시웨이",
        "relation_type": "파트너",
        "relation_reason": "카카오비즈 멤버십 혜택 제공",
        "source_is_listed": true,
        "source_country": "Korea",
        "source_ticker": "035720",
        "target_is_listed": true,
        "target_country": "Korea",
        "target_ticker": "051500"
      }
    ]
  }
}