{
  "title": "'관세 장벽·연비 벌금' 사라진 현대차…하이브리드 타고 美 질주",
  "description": "관세 장벽·연비 벌금 사라진 현대차…하이브리드 타고 美 질주, 자동차 연비규제 푼 트럼프 현대차·기아 반사이익 본다 전기차 대신 내연차 힘실려 하이브리드카 라인업 탄탄 연비기준 충족해 수혜 기대",
  "content": "[IMG]\n\n                            \n                                    \n                                        \n                                    \n                                    이미지 크게보기\n                                \n                        \n                        \n                    \n                도널드 트럼프 미국 대통령이 미국 자동차 연비 규제를 대폭 완화했다. 전임 조 바이든 정부의 ‘전기차 우선’ 정책을 사실상 폐기했다. 규제에 맞춰 전기차 비중을 급격하게 늘려야 하는 부담이 사라진 만큼 하이브리드카 라인업을 탄탄하게 갖춘 현대자동차와 기아가 반사이익을 얻을 것이라는 전망이 나온다. \n\n트럼프 대통령은 3일(현지시간) 백악관에서 “조 바이든 전 대통령의 그린 뉴딜 정책은 ‘그린 스캠’(사기)”이라며 신차 연비 기준 개편안을 발표했다. 개편안은 자동차 제조사가 준수해야 하는 최저 연비인 기업평균연비제(CAFE)를 2031년식 차량 기준으로 갤런당 50.4마일(L당 21.4㎞)에서 34.5마일(L당 14.6㎞) 수준으로 낮춘 게 핵심이다. CAFE는 제조사가 판매하는 모든 차량의 평균 연비를 기준으로 한다.\n\n현재 미국 승용차의 평균 연비는 갤런당 39마일(L당 16.6㎞) 수준이다. 기존 규제(L당 21.4㎞)를 맞추려면 내연기관차보다 연비가 높은 전기차를 섞어 팔아야만 했다. 하지만 규제 완화로 하이브리드카 판매만으로도 규제 충족이 가능해졌다는 분석이 나온다. 통상 하이브리드카는 평균 연비가 L당 17~20㎞로 내연기관 차량보다 우수하다. 전기차만 판매하는 테슬라와 달리 하이브리드카 라인업을 탄탄하게 갖춘 현대차와 기아에 도움이 될 것이라는 관측이 나오는 것도 이 때문이다.\n\n다만 연비 효율이 낮은 대형 가솔린차 위주인 제너럴모터스(GM), 포드, 스텔란티스 등 미국 ‘빅3’가 상대적으로 더 큰 수혜를 본다는 점에서 현지 시장에서 경쟁하는 현대차와 기아에 부담이 될 수 있다는 분석도 제기된다.  '내연차 강화' 정책 수혜, 2031년까지 최저 연비 요건\n 21.4㎞→14.6㎞로 낮추기로…하이브리드 강한 현대차에 기회현대자동차·기아는 올 들어 ‘고난의 행군’을 이어갔다. 지난 4월부터 시작된 미국의 수입차 25% ‘관세 폭탄’으로 2분기(1조6140억원)와 3분기(3조550억원)에만 4조6690억원에 달하는 관세 손실을 입었다. 지난 7월 한미 정부가 ‘자동차 관세 15% 인하’에 합의했지만, 실제 발효시점이 늦어지면서 가슴 졸여야 했다. 10월부터는 미국 전기차 보조금까지 끊기는 악재가 더해졌다.\n\n먹구름만 가득했던 현대차·기아가 3일(현지시간) 미국 정부의 관세 15% 인하 관보 게재로 ‘관세 사슬’을 끊어냈다. 이날 도널드 트럼프 미국 대통령이 발표한 자동차 최저 연비 기준 인하 조치도 하이브리드카 경쟁력을 갖춘 현대차그룹에 기회가 될 전망이다. 수출기업에 유리한 ‘고환율’도 수익성 개선에 도움을 줄 전망이다. ◇ 하이브리드카 ‘반사 이익’트럼프 대통령이 발표한 개편안은 자동차 제조사들이 준수해야하는 최저 연비인 기업평균연비제(CAFE) 요건을 2031년 기준 갤런당 50.4마일(L당 21.4㎞)에서 34.5마일(L당 14.6㎞)로 낮추는 내용을 담고 있다. CAFE는 오바마 정부가 기후변화 대응을 위해 2012년 도입했고, 전임 바이든 정부 때 강화된 것을 트럼프가 다시 완화한 것이다.\n\nCAFE는 제조사가 해당 연도에 판매한 모든 차량의 평균 연비를 측정해 정해진 기준보다 높도록 규정하고 있어 내연기관차보다 전기차를 많이 팔수록 유리하다. L당 연비가 10㎞ 수준에 그치는 픽업트럭이나 스포츠유틸리티차량(SUV)이 주력인 제너럴모터스(GM)는 2022년부터 1억2800만달러(약 1880억원), 스텔란티스는 이보다 앞선 2018년부터 5억8300만달러(약 8580억원)의 벌금을 물었다. CAFE 완화의 1차적 수혜기업이 GM과 스텔란티스 등 미국차들인 이유다.\n\n현대차·기아도 반사이익을 누릴 수 있다. 주력인 투싼과 스포티지 등 SUV 하이브리드카 연비가 L당 16~18km에 달해 보조금 종료로 침체에 빠진 전기차 판매를 늘리지 않더라도 CAFE 요건을 충족할 수 있기 때문이다. 2020년 45만7000대였던 미국 하이브리드카 시장은 지난해 172만9000대로 네 배 가까이 급증했다. 현대차·기아의 지난달 하이브리드카 판매량도 전년보다 48.9% 급증한 3만6172대에 달했다.\n\n반면 10월부터 보조금이 폐지된 전기차 판매는 58.9% 급감한 4618대에 그쳤다. 하이브리드카 모델이 글로벌 메이커 중 가장 많은 일본 도요타도 추가 전기차 모델 없이 CAFE 요건을 달성이 가능하다. 반면 하이브리드를 건너뛰고 내연기관차에서 곧바로 전기차로의 전환을 추진하던 메르세데스벤츠와 BMW 등 유럽산 브랜드는 타격이 불가피하게 됐다. ◇ 경차 경쟁력도 빛보나트럼프 대통령이 소형차의 미국 생산을 촉진하겠다는 발언도 현대차·기아에 호재로 작용할 것이란 관측이 나온다. 트럼프 대통령은 “한국, 일본, 말레이시아를 가보면 폭스바겐 비틀처럼 작고 귀여운 차들이 있지만 이런 차는 실제 미국에서 만들 수 없다”며 “내가 장관(숀 더피 교통부 장관)에게 이런 차 생산을 즉시 승인하라고 지시했으니 여러분도 살 수 있게 될 것”이라고 했다.\n\n현대차·기아는 캐스퍼와 레이 등 경차 라인업을 확보한 상태다. 캐스퍼는 유럽과 일본 등 선진시장에서도 인기를 끌며 수출이 늘고 있다.\n\n원·달러 환율 상승도 수출 비중이 60~70%에 달하는 현대차·기아에 유리한 구조다. 수출대금 대부분을 달러화로 결제하는데, 달러 가치가 상승하면 환차익이 커지기 때문이다. 다올투자증권은 원·달러 환율이 100원 오르면 현대차와 기아의 연간 영업이익이 각각 2조2000억원과 1조3000억원 증가하는 것으로 분석했다.\n\n워싱턴=이상은 특파원/양길성/김보형 기자 selee@hankyung.com",
  "published_at": "2025-12-04T18:02:50+09:00",
  "author": "이상은/양길성/김보형",
  "image_urls": [
    "https://img.hankyung.com/photo/202512/AA.42580591.1.jpg"
  ],
  "thumbnail_url": "https://img.hankyung.com/photo/202512/AA.42580591.1.jpg",
  "content_url": "https://www.hankyung.com/article/2025120446731",
  "publisher": "한국경제",
  "analysis": {
    "companies": {
      "현대차": {
        "original_mention": "현대차",
        "mapped_name": "현대자동차",
        "listing_status": "상장",
        "exchange": "KOSPI",
        "country": "Korea",
        "sentiment": "긍정",
        "sentiment_reason": "미국의 연비 규제 완화로 하이브리드카 판매 증가 예상",
        "stock_code": "005380"
      },
      "기아": {
        "original_mention": "기아",
        "mapped_name": "기아",
        "listing_status": "상장",
        "exchange": "KOSPI",
        "country": "Korea",
        "sentiment": "긍정",
        "sentiment_reason": "미국의 연비 규제 완화로 하이브리드카 판매 증가 예상",
        "stock_code": "000270"
      },
      "제너럴모터스": {
        "original_mention": "제너럴모터스",
        "mapped_name": "제너럴모터스",
        "listing_status": "상장",
        "exchange": "NYSE",
        "country": "USA",
        "sentiment": "긍정",
        "sentiment_reason": "미국의 연비 규제 완화로 인한 벌금 감소",
        "stock_code": "GM"
      },
      "포드": {
        "original_mention": "포드",
        "mapped_name": "포드",
        "listing_status": "상장",
        "exchange": "NYSE",
        "country": "USA",
        "sentiment": "긍정",
        "sentiment_reason": "미국의 연비 규제 완화로 인한 벌금 감소",
        "stock_code": "F"
      },
      "스텔란티스": {
        "original_mention": "스텔란티스",
        "mapped_name": "스텔란티스",
        "listing_status": "상장",
        "exchange": "NYSE",
        "country": "USA",
        "sentiment": "긍정",
        "sentiment_reason": "미국의 연비 규제 완화로 인한 벌금 감소",
        "stock_code": "STLA"
      },
      "테슬라": {
        "original_mention": "테슬라",
        "mapped_name": "테슬라",
        "listing_status": "상장",
        "exchange": "NASDAQ",
        "country": "USA",
        "sentiment": "부정",
        "sentiment_reason": "미국의 연비 규제 완화로 전기차 판매 감소 예상",
        "stock_code": "TSLA"
      },
      "도요타": {
        "original_mention": "도요타",
        "mapped_name": "도요타",
        "listing_status": "상장",
        "exchange": "NYSE",
        "country": "Japan",
        "sentiment": "중립",
        "sentiment_reason": "하이브리드카 라인업으로 CAFE 요건 충족 가능",
        "stock_code": "TM"
      },
      "메르세데스벤츠": {
        "original_mention": "메르세데스벤츠",
        "mapped_name": "메르세데스벤츠",
        "listing_status": "상장",
        "exchange": "FWB",
        "country": "Germany",
        "sentiment": "부정",
        "sentiment_reason": "하이브리드 없이 전기차로 전환 중인 상황에서 타격 예상",
        "stock_code": "DAI"
      },
      "BMW": {
        "original_mention": "BMW",
        "mapped_name": "BMW",
        "listing_status": "상장",
        "exchange": "FWB",
        "country": "Germany",
        "sentiment": "부정",
        "sentiment_reason": "하이브리드 없이 전기차로 전환 중인 상황에서 타격 예상",
        "stock_code": "BMW"
      },
      "다올투자증권": {
        "original_mention": "다올투자증권",
        "mapped_name": "다올투자증권",
        "listing_status": "상장",
        "exchange": "KOSPI",
        "country": "Korea",
        "sentiment": "중립",
        "sentiment_reason": "환율 상승에 따른 현대차와 기아의 수익성 분석 제공",
        "stock_code": "003540"
      }
    },
    "relations": [
      {
        "source": "현대자동차",
        "target": "기아",
        "relation_type": "파트너",
        "relation_reason": "하이브리드카 라인업 강화로 인한 공동 이익",
        "source_is_listed": true,
        "source_country": "Korea",
        "source_ticker": "005380",
        "target_is_listed": true,
        "target_country": "Korea",
        "target_ticker": "000270"
      },
      {
        "source": "제너럴모터스",
        "target": "포드",
        "relation_type": "경쟁사",
        "relation_reason": "미국 자동차 시장에서의 경쟁",
        "source_is_listed": true,
        "source_country": "USA",
        "source_ticker": "GM",
        "target_is_listed": true,
        "target_country": "USA",
        "target_ticker": "F"
      },
      {
        "source": "제너럴모터스",
        "target": "스텔란티스",
        "relation_type": "경쟁사",
        "relation_reason": "미국 자동차 시장에서의 경쟁",
        "source_is_listed": true,
        "source_country": "USA",
        "source_ticker": "GM",
        "target_is_listed": true,
        "target_country": "USA",
        "target_ticker": "STLA"
      },
      {
        "source": "현대자동차",
        "target": "제너럴모터스",
        "relation_type": "경쟁사",
        "relation_reason": "미국 자동차 시장에서의 경쟁",
        "source_is_listed": true,
        "source_country": "Korea",
        "source_ticker": "005380",
        "target_is_listed": true,
        "target_country": "USA",
        "target_ticker": "GM"
      },
      {
        "source": "기아",
        "target": "제너럴모터스",
        "relation_type": "경쟁사",
        "relation_reason": "미국 자동차 시장에서의 경쟁",
        "source_is_listed": true,
        "source_country": "Korea",
        "source_ticker": "000270",
        "target_is_listed": true,
        "target_country": "USA",
        "target_ticker": "GM"
      }
    ]
  }
}