{
  "title": "기아 'PV5' 유럽 신차 안전성 평가 최고 등급",
  "description": "기아 PV5 유럽 신차 안전성 평가 최고 등급, 김보형 기자, 경제",
  "content": "[IMG]\n\n                            \n                        \n                        \n                    \n                기아의 첫 전기 목적기반차량(PBV)인 PV5가 글로벌 최고 수준의 안전성을 입증했다. 기아는 PV5 카고 모델(사진)이 유럽의 신차 안전성 평가 프로그램 ‘유로 NCAP 상용 밴 평가’에서 최고 등급인 별 다섯 개를 받았다고 9일 밝혔다. 유로 NCAP 경상용 차량 테스트는 2021년부터 유럽에서 판매 중인 경상용차 모델을 대상으로 안전성을 검증하는 평가로 별 1~5등급을 매긴다.\n\nPV5 카고는 주행 안전성과 충돌 방지, 충돌 후 보호 시스템에서 모두 높은 평가를 받았다. 유로 NCAP는 “운전자 모니터링 시스템과 안전 벨트 미착용 경고 시스템을 잘 갖췄고, 지능형 속도 제한 보조 기능을 통해 안전한 주행을 지원한다”고 평가했다. 전방 충돌 방지 보조 시스템의 충돌 경고와 긴급 제동 제어가 전방 차량은 물론 보행자 및 자전거 이용자를 감지해 충돌 사고를 방지하는 데 도움을 준다고 밝혔다.\n\n기아는 EV6(2022년) EV9(2023년) EV3(2025년)에 이어 PV5 카고까지 유로 NCAP 평가를 받은 모든 전기차가 최고 등급에 이름을 올렸다.\n\n김보형 기자 kph21c@hankyung.com",
  "published_at": "2025-12-09T18:11:26+09:00",
  "author": "김보형",
  "image_urls": [
    "https://img.hankyung.com/photo/202512/AA.42629594.1.jpg"
  ],
  "thumbnail_url": "https://static.hankyung.com/img/logo/logo-news-sns.png?v=20201130",
  "content_url": "https://www.hankyung.com/article/2025120934091",
  "publisher": "한국경제",
  "analysis": {
    "companies": {
      "기아": {
        "original_mention": "기아",
        "mapped_name": "기아",
        "listing_status": "상장",
        "exchange": "Korea Exchange",
        "country": "Korea",
        "sentiment": "긍정",
        "sentiment_reason": "기아의 PV5가 유럽 신차 안전성 평가에서 최고 등급을 받았기 때문입니다.",
        "stock_code": "000270"
      }
    },
    "relations": []
  }
}