{
  "title": "기아, PBV 'PV5' 카고 유럽 안전성평가서 최고 등급",
  "description": "예술이야 이장우도 감탄하더니…기아 PV5 카고 일냈다, 기아, PBV PV5 카고 유럽 안전성평가서 최고 등급 유로 NCAP 상용밴 평가서 별 다섯개 첨단운전자보조 등 높은 평가 받아",
  "content": "[IMG]\n\n                            \n                        \n                        사진=이장우 유튜브 영상 캡처.\n                    \n                기아는 전기 목적기반차량(PBV) PV5 카고 모델(사진)이 유럽의 신차 안전성 평가 프로그램인 '유로 NCAP 상용 밴 평가'에서 최고 등급인 별 다섯을 받았다고 9일 밝혔다.\n\n유로 NCAP 경상용 차량 테스트는 2021년부터 유럽에서 판매 중인 경상용차 모델을 대상으로 안전성 검증 테스트를 실시해 별 1∼5 등급을 매긴다.\n                    \n                        \n                            \n[IMG]\n\n                            \n                        \n                        \n                    \n                기아는 EV6(2022년), EV9(2023년), EV3(2025년)에 이어 PV5 카고가 상용 밴 평가에서 최고 등급을 받아 모든 전기차 모델이 유로 NCAP 평가의 최고 등급에 이름을 올렸다.\n\nPV5는 경상용 차량의 평가 항목인 주행 안전성과 충돌 방지, 충돌 후 보호 시스템에서 모두 높은 평가를 받았다.\n\n특히 첨단 운전자 보조 시스템과 안전 사양과 관련 유로 NCAP는 \"운전자 모니터링 시스템과 안전 벨트 미착용 경고 시스템이 잘 갖춰졌고, 지능형 속도 제한 보조 기능을 통해 안전한 주행을 지원한다\"고 평가했다.\n\n또 전방 충돌 방지 보조 시스템의 충돌 경고와 긴급 제동 제어가 효과적으로 결합해 전방 차량은 물론 보행자와 자전거 이용자를 정확하게 감지해 충돌 사고를 방지하는 데 도움을 준다고 밝혔다.\n\nPV5는 지난 11월 상용차 업계 세계 최고 권위의 상인 ‘2026 세계 올해의 밴’을 수상한데 이어, PV5 패신저 모델이 ‘2026 탑기어 어워즈’에서 올해의 패밀리카로 선정됐으며 PV5 카고 모델이 ‘2026 왓 밴 어워즈’에서 올해의 밴 및 올해의 콤팩트 밴 부문에 뽑히는 등 글로벌 시장에서 우수한 상품성을 인정받고 있다. \n\n김상대 기아 PBV비즈니스사업부 부사장은 \"PV5 카고가 유로 NCAP 상용 밴 평가 최고 등급을 획득하면서 안전성까지 인정받았다\"고 말했다.\n\n김보형 기자 kph21c@hankyung.com",
  "published_at": "2025-12-09T10:33:55+09:00",
  "author": "김보형",
  "image_urls": [
    "https://img.hankyung.com/photo/202512/01.42580339.1.jpg",
    "https://img.hankyung.com/photo/202512/01.42625441.1.jpg"
  ],
  "thumbnail_url": "https://img.hankyung.com/photo/202512/01.42580339.1.jpg",
  "content_url": "https://www.hankyung.com/article/202512092119i",
  "publisher": "한국경제",
  "analysis": {
    "companies": {
      "기아": {
        "original_mention": "기아",
        "mapped_name": "기아",
        "listing_status": "상장",
        "exchange": "KOSPI",
        "country": "Korea",
        "sentiment": "긍정",
        "sentiment_reason": "기아의 PV5 카고 모델이 유로 NCAP 상용 밴 평가에서 최고 등급을 받았다는 긍정적인 소식.",
        "stock_code": "000270"
      }
    },
    "relations": []
  }
}