{
  "title": "현대모비스, 인도 뱅갈루루에 SW연구개발 추가 거점 신설",
  "description": "현대모비스, 인도 뱅갈루루에 SW연구개발 추가 거점 신설, 최수진 기자, 경제",
  "content": "[IMG]\n\n                            \n                        \n                        현대모비스 인도사업장 현황. 사진=현대모비스.\n                    \n                현대모비스는 인도 뱅갈루루에 소프트웨어 전문 연구 분소를 신설했다고 8일 밝혔다. 올해 초 구축한 기존 하이데라바드 통합 연구센터와 함께 해당 지역을 소프트웨어 전문 연구분소로 운영하며 지역 특성을 반영한 연구개발 이원화 정책을 추진할 방침이다.\n\n현대모비스는 소프트웨어 연구개발 수요가 증가함에 따라 인도 전 지역에 추가 거점을 검토해오다 소프트웨어 개발환경이 우수한 뱅갈루루를 최종 선정했다. 인도 남서부에 위치한 뱅갈루루는 카르나타카 주의 행정도시이자 글로벌 IT기업과 스타트업, 연구기관 등 소프트웨어 생태계가 조성된 곳이다.\n\n현대모비스가 지역 특성을 고려한 전문 연구거점을 신설한 것은 우수 인재 확보 목적도 있다. 인도는 지역마다 사용하는 언어와 문화가 다르고, 인재 배출도 해당 지역의 산업에 크게 좌우된다. 글로벌 완성차와 부품사들도 인도 주요 도시마다 분소를 운영하는 추세다.\n\n현대모비스는 뱅갈루루에 인도 현지 고객사들이 다수 포진해 있는 점도 고려했다. 분소를 운영해 현지 고객사들의 요청사항에 신속하게 대응하는 체계를 갖춰 글로벌 수주 경쟁력 향상 효과를 기대하고 있다.\n\n현대모비스는 뱅갈루루 분소를 인포테인먼트용 소프트웨어 전문 거점으로 활용할 방침이다. 현재 인도 자동차 시장은 소형차에서 중대형 차종 중심으로 옮겨가고 있다. 첨단운전자보조시스템(ADAS)와 같은 고부가가치 전장부품 탑재가 증가함에 따라이에 필요한 소프트웨어 인재 수요도 크게 늘었다.   \n\n분소 신설에 따라 현대모비스의 현지 연구개발 전략도 유연한 태세를 갖추게 됐다. 기존 하이데라바드 통합거점은 현지 연구개발 헤드쿼터로서 운영하며 소프트웨어 전략 수립과 글로벌 연구소와의 협업, 애플리케이션 개발 등을 맡는다.\n\n뱅갈루루 분소는 소프트웨어 기능 구현의 기반이 되는 프레임워크 등 하드웨어와 밀접하게 연결되는 영역을 담당한다. 두 거점을 활용한 소프트웨어 개발 범위가 확대됨에 따라 현지 글로벌 고객사의 요구사항을 충족하는 플랫폼 개발 기반을 마련하게 됐다.  \n\n현대모비스는 인도 전역에 공장과 연구소 등 주요 거점을 운영하며 글로벌 경쟁력을 강화하고 있다. 첸나이와 아난타푸르의 두 생산거점에서 모듈과 핵심 부품을 생산중이며, 구루그람의 부품거점에서는 안정적인 사후서비스(AS) 부품 공급을 책임진다. 이번에 신설한 뱅갈루루 분소와 함께 하이데라바드 통합연구거점에서는 소프트웨어 중심 연구개발을 주도하며, 델리와 첸나이에는 각각 구매센터와 품질센터를 운영중이다.\n\n\n\n최수진 한경닷컴 기자 naive@hankyung.com",
  "published_at": "2025-12-08T11:40:17+09:00",
  "author": "최수진",
  "image_urls": [
    "https://img.hankyung.com/photo/202512/01.42615632.1.jpg"
  ],
  "thumbnail_url": "https://img.hankyung.com/photo/202512/01.42615632.1.jpg",
  "content_url": "https://www.hankyung.com/article/202512089946g",
  "publisher": "한국경제",
  "analysis": {
    "companies": {
      "현대모비스": {
        "original_mention": "현대모비스",
        "mapped_name": "현대모비스",
        "listing_status": "상장",
        "exchange": "KOSPI",
        "country": "Korea",
        "sentiment": "긍정",
        "sentiment_reason": "인도에 소프트웨어 연구개발 거점을 신설하여 글로벌 수주 경쟁력 향상 기대",
        "stock_code": "012330"
      }
    },
    "relations": []
  }
}