{
  "title": "현대모비스, '인니 실리콘' 벵갈루루에 SW 연구소 신설",
  "description": "현대모비스, 인니 실리콘 벵갈루루에 SW 연구소 신설, 현지 고객사 요구사항 즉시 반영 목적 2028년까지 인니 수주 올해보다 6배 늘릴 것",
  "content": "[IMG]\n\n                            \n                        \n                        \n                    \n                현대모비스는 인도의 정보기술(IT) 중심지인 벵갈루루에 소프트웨어 전문 연구분소를 신설했다고 8일 밝혔다.\n\n인도 남서부에 위치한 벵갈루루는 글로벌 IT 기업과 스타트업, 연구기관 등이 밀집해있어 인도의 실리콘밸리로도 불린다.\n\n현대모비스는 현지 소프트웨어 연구개발 수요가 증가함에 따라 연구거점 신설을 검토해왔고 개발환경이 우수한 벵갈루루를 최종 낙점했다.\n\n인도 각 지역 특성을 고려한 전문 연구거점이 필요하고, 벵갈루루에 현지 고객사들이 다수 포진해있는 점 등을 반영했다.\n\n현대모비스는 벵갈루루 분소를 인포테인먼트용 소프트웨어 전문 거점으로 활용할 계획이다.\n\n인도 자동차 시장은 소득 증가와 함께 소형에서 중대형 차종 중심으로 옮겨가고 첨단운전자보조시스템(ADAS)과 같은 고부가가치 전장부품 탑재가 늘어나면서 이에 필요한 소프트웨어 수요도 크게 늘었다.\n\n또 인도 텔랑가나주 하이데라바드에 있는 현대모비스 통합 연구개발(R&amp;D) 센터와 연계해 유연한 현지 연구개발 전략을 가동한다는 구상이다.\n\n통합 R&amp;D 센터가 소프트웨어 전략 수립, 글로벌 연구소 협업, 애플리케이션 개발 등을 맡고 벵갈루루 분소는 소프트웨어 기능 구현의 기반이 되는 프레임워크 등을 담당한다.\n\n현대모비스 관계자는 \"현지 고객사의 요구사항을 충족하는 플랫폼 개발 기반을 마련했다\"면서 \"수주 확대에도 힘써 2028년까지 인도 고객사 수주 금액을 올해보다 6배가량 올린다는 목표\"라고 말했다.\n\n김보형 기자 kph21c@hankyung.com",
  "published_at": "2025-12-08T11:21:40+09:00",
  "author": "김보형",
  "image_urls": [
    "https://img.hankyung.com/photo/202512/01.42615430.1.jpg"
  ],
  "thumbnail_url": "https://img.hankyung.com/photo/202512/01.42615430.1.jpg",
  "content_url": "https://www.hankyung.com/article/202512089870i",
  "publisher": "한국경제",
  "analysis": {
    "companies": {
      "현대모비스": {
        "original_mention": "현대모비스",
        "mapped_name": "현대모비스",
        "listing_status": "상장",
        "exchange": "KOSPI",
        "country": "Korea",
        "sentiment": "긍정",
        "sentiment_reason": "소프트웨어 연구소 신설로 인한 연구개발 역량 강화 및 수주 확대 목표",
        "stock_code": "012330"
      }
    },
    "relations": []
  }
}