{
  "title": "셀트리온, 송도 DP공장 공정률 55% 돌파…내년 상반기 완공",
  "description": "셀트리온, 송도 DP공장 공정률 55% 돌파…내년 상반기 완공, 송영찬 기자, IT/과학",
  "content": "[IMG]\n\n                            \n                        \n                        인천 송도에 위치한 셀트리온 2공장 전경./ 셀트리온 제공 \n                    \n                셀트리온이 국내에 건설 중인 완제의약품(DP) 생산시설 공정률이 55%를 넘어섰다. 신규 공장을 기반으로 연 최대 DP 생산 물량을 최대 세 배 늘리겠다는 게 셀트리온의 목표다.\n\n셀트리온은 인천 송도 기존 제1공장 인근 부지에 증설하고 있는 신규 DP 공장의 공정률이 55%를 돌파했다고 9일 밝혔다. 지난 2월 착공 허가 승인 후 10달 만이다. 지난 8월 기초 공사가 끝난 데 이어 현재 외관과 내부 정비 작업이 한창인 것으로 전해졌다. 셀트리온은 내년 상반기 공장을 완공하고 2027년부터 본격적인 상업 생산에 돌입한다는 계획이다.\n\n이 공장이 완공되면 셀트리온의 DP 제조 역량은 현재의 세 배에 달할 전망이다. 이 시설은 DP 단독 생산 시설로 약 800만개 바이알 생산이 가능할 전망이다. 기존 2공장 DP 생산 라인의 연간 최대 생산량(400만개 바이알)의 두 배 규모다. 인천 송도에서만 총 25만ℓ 규모의 원료의약품(DS) 제조 역량에 더해 연간 1200만개 바이알에 달하는 DP 제조 역량까지 갖추게 되는 것이다.\n\n송도 신규 DS 공장외에도 추가 생산시설 확충에 나선다. 셀트리온은 현재 충남 예산 신규 DP 공장과 충북 오창 신규 사전충전형주사기(PFS) 생산공장 건설 계획도 추진 중이다. 이를 통해 미국 뉴저지주 브랜치버그의 일라이릴리 바이오의약품 생산시설 인수와 더불어 국내와 투자 균형을 확보한다는 방침이다. 또 국내 투자 확대를 기반으로 지역 균형 발전에도 기여하겠다는 게 셀트리온의 계획이다.\n\n일라이릴리 생산시설 인수는 연내 마무리한다. 셀트리온은 인수 완료 즉시 생산능력(캐파)을 확장해 해당 시설을 글로벌 생산 거점으로 삼는다는 계획이다. 미국 생산시설의 경우 양사 협의에 따라 인수와 동시에 해당 공장에서 생산한 DS를 일라이릴리에 공급하게 된다. 이 때문에 즉각적인 수익 창출, 현지 공급망 강화, 물류비용 절감 등 효과를 동시에 누릴 것이란 전망이 나온다.\n\n셀트리온은 국내외에서 동시다발적으로 생산역량을 강화해 빠르게 늘어나는 자사 제품 수요를 맞추겠다는 계획이다. 생산시설에 대한 투자를 대폭 확대하고 생산 경쟁력을 강화해 글로벌 공급 안정성을 확보하는 한편, 전략적 거점 확보로 시간과 물류 비용을 절감한다는 구상이다. 특히 자체 생산의 경우 다른 업체에 의뢰하는 위탁생산(CMO) 대비 생산 단가를 절감할 수 있다는 장점이 있다. 또 기존의 생산라인들과 연동한 탄력적 운영을 통해 더욱 유연하고 신속한 제품 출하가 이뤄질 수 있다.\n\n셀트리온 관계자는 “기존 제품의 안정적인 성장과 신규 제품의 시장 안착, 신규 파이프라인 확대로 수요가 꾸준히 늘어나는 가운데 신규 공장 증설과 해외 생산 거점 확보가 순조롭게 진행 중”이라며 “고품질 바이오의약품을 세계 각국에 원활히 공급할 수 있도록 생산 역량을 대폭 강화하고 글로벌 빅파마로 도약에 박차를 가하겠다”고 말했다.  \n\n송영찬 기자 0full@hankyung.com",
  "published_at": "2025-12-09T08:51:21+09:00",
  "author": "송영찬",
  "image_urls": [
    "https://img.hankyung.com/photo/202512/01.42624497.1.jpg"
  ],
  "thumbnail_url": "https://img.hankyung.com/photo/202512/01.42624497.1.jpg",
  "content_url": "https://www.hankyung.com/article/202512091623i",
  "publisher": "한국경제",
  "analysis": {
    "companies": {
      "셀트리온": {
        "original_mention": "셀트리온",
        "mapped_name": "셀트리온",
        "listing_status": "상장",
        "exchange": "KOSDAQ",
        "country": "Korea",
        "sentiment": "긍정",
        "sentiment_reason": "신규 공장 증설 및 생산 역량 강화 계획 발표",
        "stock_code": "068270"
      },
      "일라이릴리": {
        "original_mention": "일라이릴리",
        "mapped_name": "일라이릴리",
        "listing_status": "상장",
        "exchange": "NYSE",
        "country": "USA",
        "sentiment": "중립",
        "sentiment_reason": "생산시설 인수 관련 협력",
        "stock_code": "LLY"
      }
    },
    "relations": [
      {
        "source": "셀트리온",
        "target": "일라이릴리",
        "relation_type": "공급사",
        "relation_reason": "생산시설 인수 후 DS 공급 계획",
        "source_is_listed": true,
        "source_country": "Korea",
        "source_ticker": "068270",
        "target_is_listed": true,
        "target_country": "USA",
        "target_ticker": "LLY"
      }
    ]
  }
}