{
  "title": "\"삼성물산, 성장하는 가치주로 변신할 것…목표가↑\"-흥국",
  "description": "삼성물산, 성장하는 가치주로 변신할 것…목표가↑-흥국, 한경우 기자, 증권",
  "content": "[IMG]\n\n                            \n                        \n                        오세철 삼성물산 사장이 14일 서울 강동구 삼성물산 본사 집무실에서 한국경제신문과 인터뷰를 하고 있다./2025.11.14 임형택기자\n                    \n                흥국증권은 5일 삼성물산에 대해 양호한 실적 모멘텀에 더해 원전, 태양광, 바이오 등 신성장동력을 확보한 성장·가치주로 변모할 것이라며 목표주가를 기존 29만원에서 32만원으로 올렸다. 투자의견은 ‘매수’를 유지했다.\n\n박종렬 흥국증권 연구원은 “삼성물산의 세전 영업이익(EBIT) 기준으로 올해는 바이오(삼성바이오로직스) 부문이 나홀로 성장했다면, 내년은 상사 부문을 제외한 모든 사업부문의 개선으로 이익 창출력이 더욱 견고해질 것”이라고 말했다.\n\n바이오 부문은 내년에도 5공장 가동에 따른 생산능력 증대와 판매량 증가로 호실적을 이어갈 것으로 기대됐다. 건설 부문은 국내외 수주 실적과 주택시공권 확보 등을 바탕으로 그동안의 부진에서 벗어나는 데 더해, 삼성전자의 평택 3공장(P3)과 해외 대형 설계·구매·시공(EPC) 공사에 따른 실적 개선이 점쳐졌다.\n\n4분기 실적도 양하홀 전망이다. 흥국증권은 4분기 매출 10조원, 영업이익 7589억원의 실적을 기록할 것이라고 흥국증권은 추정했다.\n\n한경우 한경닷컴 기자 case@hankyung.com",
  "published_at": "2025-12-05T08:17:02+09:00",
  "author": "한경우",
  "image_urls": [
    "https://img.hankyung.com/photo/202512/01.42380653.1.jpg"
  ],
  "thumbnail_url": "https://img.hankyung.com/photo/202512/01.42380653.1.jpg",
  "content_url": "https://www.hankyung.com/article/2025120552586",
  "publisher": "한국경제",
  "analysis": {
    "companies": {
      "삼성물산": {
        "original_mention": "삼성물산",
        "mapped_name": "삼성물산",
        "listing_status": "상장",
        "exchange": "Korea Exchange",
        "country": "Korea",
        "sentiment": "긍정",
        "sentiment_reason": "양호한 실적 모멘텀과 신성장동력 확보로 목표주가 상향",
        "stock_code": "028260"
      },
      "삼성바이오로직스": {
        "original_mention": "삼성바이오로직스",
        "mapped_name": "삼성바이오로직스",
        "listing_status": "상장",
        "exchange": "Korea Exchange",
        "country": "Korea",
        "sentiment": "긍정",
        "sentiment_reason": "5공장 가동에 따른 생산능력 증대와 판매량 증가로 호실적 기대",
        "stock_code": "207940"
      },
      "삼성전자": {
        "original_mention": "삼성전자",
        "mapped_name": "삼성전자",
        "listing_status": "상장",
        "exchange": "Korea Exchange",
        "country": "Korea",
        "sentiment": "중립",
        "sentiment_reason": "평택 3공장 관련 실적 개선 기대",
        "stock_code": "005930"
      }
    },
    "relations": [
      {
        "source": "삼성물산",
        "target": "삼성바이오로직스",
        "relation_type": "파트너",
        "relation_reason": "삼성물산의 바이오 부문 성장에 기여",
        "source_is_listed": true,
        "source_country": "Korea",
        "source_ticker": "028260",
        "target_is_listed": true,
        "target_country": "Korea",
        "target_ticker": "207940"
      },
      {
        "source": "삼성물산",
        "target": "삼성전자",
        "relation_type": "파트너",
        "relation_reason": "삼성전자의 평택 3공장 관련 실적 개선 기대",
        "source_is_listed": true,
        "source_country": "Korea",
        "source_ticker": "028260",
        "target_is_listed": true,
        "target_country": "Korea",
        "target_ticker": "005930"
      }
    ]
  }
}