{
  "title": "[한경유레카] 삼성물산 오전 강세..유레카 매수 추천일은?",
  "description": "삼성물산 오전 강세..유레카 매수 추천일은?, 증권",
  "content": "한경유레카는 한국경제신문의 디지털 미디어인 한경닷컴에서 개발한 개별 종목에대한인공지능(AI) 알고리즘 업체의 투자 의견을 종합한 'AI 컨센서스'를 제공하는 서비스입니다. '한경유레카' 앱은 구글 플레이 스토어 혹은 앱스토어에서 내려받을 수 있습니다.\n\n                    \n                        \n                            \n[IMG]\n\n                            \n                        \n                        \n                    \n                \n\n3일 삼성물산이 강세다. 삼성물산은 오전 10시 54분 전일대비 10.4% 오른 247,500원에 거래되고 있다.\n\n삼성물산은 지난 2일, 홍 명예관장이 보유하던 삼성물산 주식 180만 8,577주(지분율 1.06%)를 이 회장에게 증여한다고 공시했다.\n\nAI 알고리즘들의 투자의견을 종합한 한경유레카는 삼성물산에 대해 11월 26일 매수의견을 제시했다. \n\n한경유레카에서 관심종목을 검색하면 AI 알고리즘들의 종합의견을 무료로 확인할 수있다.\n\n한경닷컴은 한경유레카 출시를 기념해 ‘1개월 무료체험 이벤트’ 를 진행하고있다. 원하는 AI 알고리즘업체 한 곳을 1개월 간 무료로 구독할 수 있다. 한경유레카 앱은 구글플레이스토어 혹은 앱스토어에서 내려받으면 된다.\n\n삼성물산 현대건설 대우건설 DL이앤씨 아이에스동서\n\n본 글은 투자 참고용입니다.",
  "published_at": "2025-12-03T10:56:19+09:00",
  "author": "한국경제",
  "image_urls": [
    "https://img.hankyung.com/photo/202512/01.40396449.1.jpg"
  ],
  "thumbnail_url": "https://img.hankyung.com/photo/202512/01.40396449.1.jpg",
  "content_url": "https://www.hankyung.com/article/202512030739a",
  "publisher": "한국경제",
  "analysis": {
    "companies": {
      "삼성물산": {
        "original_mention": "삼성물산",
        "mapped_name": "삼성물산",
        "listing_status": "상장",
        "exchange": "Korea Exchange",
        "country": "Korea",
        "sentiment": "긍정",
        "sentiment_reason": "주가 상승 및 AI 매수 의견",
        "stock_code": "028260"
      },
      "현대건설": {
        "original_mention": "현대건설",
        "mapped_name": "현대건설",
        "listing_status": "상장",
        "exchange": "Korea Exchange",
        "country": "Korea",
        "sentiment": "중립",
        "sentiment_reason": "기사 내 특별한 언급 없음",
        "stock_code": "000720"
      },
      "대우건설": {
        "original_mention": "대우건설",
        "mapped_name": "대우건설",
        "listing_status": "상장",
        "exchange": "Korea Exchange",
        "country": "Korea",
        "sentiment": "중립",
        "sentiment_reason": "기사 내 특별한 언급 없음",
        "stock_code": "047040"
      },
      "DL이앤씨": {
        "original_mention": "DL이앤씨",
        "mapped_name": "DL이앤씨",
        "listing_status": "상장",
        "exchange": "Korea Exchange",
        "country": "Korea",
        "sentiment": "중립",
        "sentiment_reason": "기사 내 특별한 언급 없음",
        "stock_code": "375500"
      },
      "아이에스동서": {
        "original_mention": "아이에스동서",
        "mapped_name": "아이에스동서",
        "listing_status": "상장",
        "exchange": "Korea Exchange",
        "country": "Korea",
        "sentiment": "중립",
        "sentiment_reason": "기사 내 특별한 언급 없음",
        "stock_code": "010780"
      }
    },
    "relations": []
  }
}