{
  "title": "친환경부터 도시재생까지…삼성물산, 포트폴리오 재편으로 ‘뉴 삼성물산’ 노린다",
  "description": "친환경부터 도시재생까지…삼성물산, 포트폴리오 재편으로 뉴 삼성물산’ 노린다, 증권",
  "content": "[IMG]\n\n                            \n                        \n                         \n                    \n                \n\n국내 대표 종합 건설·상사 기업 삼성물산이 최근 활발한 사업 재편과 수주 확대, ESG 경영 강화로 과거 ‘친(親) 삼성 전초기업’의 틀을 넘어 “미래형 종합 솔루션 기업”으로 체질 변화의 페달을 밟고 있어 주목된다. 과거 건설·무역 위주였던 사업구조를 친환경 에너지, 스마트 인프라, 주택 브랜드 강화 등으로 넓히며, 변화하는 시장 수요와 정책 흐름에 맞춘 전략 전환이 속도를 내고 있다는 평가다.\n\n먼저 사업 포트폴리오 재편이 눈에 띈다. 삼성물산은 기존 주택·건축·플랜트·무역 사업에 더해, 태양광·수소·소형모듈원전(SMR) 등 친환경 에너지 분야로의 확장을 본격화하고 있다. 과거 건설 중심 프레임에서 벗어나, 개발→시공→운영까지 밸류체인을 확장하는 ‘토탈 에너지 &amp; 인프라 기업’으로의 변신을 공식화한 셈이다. 특히 SMR 및 신재생 사업 참여는 글로벌 탈탄소 흐름과 각국의 에너지 전환 정책 수혜를 기대할 수 있다는 점에서 향후 성장 동력으로 꼽힌다.\n\n주택 부문도 ‘브랜드 &amp; 품질 경쟁력’으로 방점을 찍고 있다. 삼성물산은 최근 신축 단지에 ‘AI 주차장’ 도입, 건설 현장에 로봇 공정 적용, 준공 후 사후관리 시스템 강화 등 기술 혁신과 서비스 품질을 동시에 꾀하며 ‘래미안’ 브랜드 신뢰 회복에 공을 들이고 있다. 특히 최근 발표된 내부 ESG 평가에서 건설사 가운데 유일하게 지배구조 A+, 종합 A+ 등급을 회복하며 “믿을 수 있는 시공사”라는 시장 인식을 다시 공고히 했다.\n\n수주 실적 면에서도 의미 있는 진전을 보이고 있다. 올 들어 서울 주요 재건축·재개발 사업지를 다수 확보하며 정비사업 포트폴리오를 확장했다는 평가다. 대형 도시 정비 프로젝트와 고급 주택 사업이 동시에 진행되면서, 기업 매출의 안정성과 미래 성장성 모두 확보할 수 있는 구조가 만들어지고 있다.\n\n또한 계열 구조 정비와 경영 안정화 시도도 주목된다. 최근 지배구조 안정성과 책임경영 강화를 위해 임원 인사를 단행하며, 재무관리 전문가를 리조트·웰스토리 부문 대표로 승진시키는 등 세대교체와 내부 역량 정비에 나섰다.\n\n물론 도전 과제도 적지 않다. 친환경 및 신재생 분야로의 확장은 시장 수요 변동성과 정책 리스크에 민감할 수밖에 없고, 주택 사업은 부동산 규제, 자금 조달 조건 변화, 공사비 상승 등의 외부 요인에 큰 영향을 받는다. 또한 최근 건설 현장에서 발생한 사고와 책임준공 확약서 미제출 논란은 브랜드 신뢰 회복이라는 과제 앞에서 부담으로 작용할 여지도 있다.\n\n삼성물산, 동양고속, 클로봇, 팬오션, 현대차\n\n무료상담",
  "published_at": "2025-12-03T10:53:01+09:00",
  "author": "한국경제",
  "image_urls": [
    "https://img.hankyung.com/photo/202512/0D.42562258.1.png"
  ],
  "thumbnail_url": "https://img.hankyung.com/photo/202512/0D.42562258.1.png",
  "content_url": "https://www.hankyung.com/article/202512030343a",
  "publisher": "한국경제",
  "analysis": {
    "companies": {
      "삼성물산": {
        "original_mention": "삼성물산",
        "mapped_name": "삼성물산",
        "listing_status": "상장",
        "exchange": "KOSPI",
        "country": "Korea",
        "sentiment": "긍정",
        "sentiment_reason": "사업 포트폴리오 재편과 수주 확대, ESG 경영 강화로 긍정적인 평가를 받고 있음",
        "stock_code": "028260"
      },
      "동양고속": {
        "original_mention": "동양고속",
        "mapped_name": "동양고속",
        "listing_status": "상장",
        "exchange": "KOSPI",
        "country": "Korea",
        "sentiment": "중립",
        "sentiment_reason": "기사에서 구체적인 언급이 없어 중립으로 평가",
        "stock_code": "084670"
      },
      "클로봇": {
        "original_mention": "클로봇",
        "mapped_name": "클로봇",
        "listing_status": "비상장",
        "exchange": "",
        "country": "Korea",
        "sentiment": "중립",
        "sentiment_reason": "기사에서 구체적인 언급이 없어 중립으로 평가",
        "stock_code": null
      },
      "팬오션": {
        "original_mention": "팬오션",
        "mapped_name": "팬오션",
        "listing_status": "상장",
        "exchange": "KOSPI",
        "country": "Korea",
        "sentiment": "중립",
        "sentiment_reason": "기사에서 구체적인 언급이 없어 중립으로 평가",
        "stock_code": "028670"
      },
      "현대차": {
        "original_mention": "현대차",
        "mapped_name": "현대자동차",
        "listing_status": "상장",
        "exchange": "KOSPI",
        "country": "Korea",
        "sentiment": "중립",
        "sentiment_reason": "기사에서 구체적인 언급이 없어 중립으로 평가",
        "stock_code": "005380"
      }
    },
    "relations": []
  }
}