{
  "title": "배당 분리과세 카운트다운…삼성전자·현대차·KB금융 주목",
  "description": "배당 분리과세 카운트다운…삼성전자·현대차·KB금융 주목, 투자 신세계 epic Ai 베스트 보고서 하나증권",
  "content": "배당소득 분리과세 제도 시행을 앞두고 분리과세 기준을 충족하는 종목뿐 아니라 기준을 소폭 미달하는 기업을 눈여겨봐야 한다는 조언이 나왔다.\n\n10일 리서치 및 투자정보 플랫폼 에픽AI에 따르면 이경수 하나증권 연구원은 ‘배당 분리과세 카운트다운’이란 보고서에서 “분리과세 기준에 충족하는 기업은 물론 현재 기준에 소폭 미달하는 기업이 배당을 상향한다면 주가에 미치는 영향이 굉장히 클 것”이라고 내다봤다. 이어 “내년 지급되는 배당금에 적용되는 제도이기 때문에 당장 개별 기업의 배당 전략이 크게 변동될 수 있다”고 말했다.\n\n고배당 기업을 통해 얻은 배당소득을 다른 소득과 합산하지 않고 별도로 과세하는 배당소득 분리과세 제도는 내년부터 시행된다. 배당성향이 40% 이상이거나 배당성향이 25% 이상이면서 전년 대비 배당이 10% 늘어난 기업이 대상이다. 배당소득 2000만원까지는 14%, 2000만원 초과∼3억원 이하는 20%, 3억원 초과∼50억원 이하 구간에는 25%의 분리과세 세율을 적용하고 50억원을 초과하는 배당소득에는 최고 30% 세율을 부과한다.\n\n배당소득 분리과세 적용 기준에 소폭 미달하는 대표적 기업은 삼성전자, 현대자동차, 기아, KB금융, 셀트리온, 삼성물산, 신한지주 등인 것으로 나타났다. 삼성전자의 올해 예상 배당성향은 27.1%지만 올해 배당금 증가율 예상치는 3.9%로 기준(10%)에 못 미친다. 현대차도 올해 예상 배당성향은 29.1%지만 배당금 증가율 예상치(1.3%)가 기준을 밑돈다. KB금융의 올해 예상 배당성향은 24.2%로 기준치(25%)보다 낮다. 올해 배당 증가율은 17.4%로 기준을 충족하는 만큼 배당성향을 분리과세 기준에 맞춰 높일 수 있다.\n\n심성미 기자 smshim@hankyung.com",
  "published_at": "2025-12-10T18:06:35+09:00",
  "author": "심성미",
  "image_urls": [],
  "thumbnail_url": "https://static.hankyung.com/img/logo/logo-news-sns.png?v=20201130",
  "content_url": "https://www.hankyung.com/article/2025121057901",
  "publisher": "한국경제",
  "analysis": {
    "companies": {
      "삼성전자": {
        "original_mention": "삼성전자",
        "mapped_name": "삼성전자",
        "listing_status": "상장",
        "exchange": "KOSPI",
        "country": "Korea",
        "sentiment": "중립",
        "sentiment_reason": "배당성향이 기준에 미달하지만 배당금 증가율이 낮음",
        "stock_code": "005930"
      },
      "현대자동차": {
        "original_mention": "현대자동차",
        "mapped_name": "현대자동차",
        "listing_status": "상장",
        "exchange": "KOSPI",
        "country": "Korea",
        "sentiment": "중립",
        "sentiment_reason": "배당성향이 기준에 미달하지만 배당금 증가율이 낮음",
        "stock_code": "005380"
      },
      "기아": {
        "original_mention": "기아",
        "mapped_name": "기아",
        "listing_status": "상장",
        "exchange": "KOSPI",
        "country": "Korea",
        "sentiment": "중립",
        "sentiment_reason": "배당성향이 기준에 미달",
        "stock_code": "000270"
      },
      "KB금융": {
        "original_mention": "KB금융",
        "mapped_name": "KB금융",
        "listing_status": "상장",
        "exchange": "KOSPI",
        "country": "Korea",
        "sentiment": "중립",
        "sentiment_reason": "배당성향이 기준에 미달하지만 배당 증가율이 기준을 충족",
        "stock_code": "105560"
      },
      "셀트리온": {
        "original_mention": "셀트리온",
        "mapped_name": "셀트리온",
        "listing_status": "상장",
        "exchange": "KOSPI",
        "country": "Korea",
        "sentiment": "중립",
        "sentiment_reason": "배당성향이 기준에 미달",
        "stock_code": "068270"
      },
      "삼성물산": {
        "original_mention": "삼성물산",
        "mapped_name": "삼성물산",
        "listing_status": "상장",
        "exchange": "KOSPI",
        "country": "Korea",
        "sentiment": "중립",
        "sentiment_reason": "배당성향이 기준에 미달",
        "stock_code": "028260"
      },
      "신한지주": {
        "original_mention": "신한지주",
        "mapped_name": "신한지주",
        "listing_status": "상장",
        "exchange": "KOSPI",
        "country": "Korea",
        "sentiment": "중립",
        "sentiment_reason": "배당성향이 기준에 미달",
        "stock_code": "055550"
      }
    },
    "relations": []
  }
}