{
  "title": "'신한지주' 52주 신고가 경신, 못 따라갈 이유는 없다 - DB증권, BUY",
  "description": "신한지주 52주 신고가 경신, 못 따라갈 이유는 없다 - DB증권, BUY, 증권",
  "content": "[IMG]\n\n                            \n                        \n                        \n                    \n                \n\n◆ 최근 애널리스트 분석의견\n- 못 따라갈 이유는 없다 - DB증권, BUY\n11월 04일 DB증권의 나민욱 애널리스트는 신한지주에 대해 \"경쟁사 대비 못 할 이유는 없다: 증권 부동산 익스포져 중 해외 비중은 약 26%로 분기별로 일부 평가손실을 인식 중인 것으로 추정된다. 향후 해외 대체투자 건에 대한 리스크 관리가 더욱 중요해졌다. 한편 분리과세 기준 충족을 위해 배당성향을 25%로 상향할 가능성이 높다. 비과세 배당 역시 배당가능익은 3조원 이상으로 충분하나 업권 동향을 감안해 긍정적으로 검토할 가능성이 높아졌다. 25년 주주환원율은 46.1%, 내년 50%를 조기 달성할 것으로 예상된다.\"이라고 분석하며, 투자의견 'BUY', 목표주가 '95,000원'을 제시했다.\n\n한경로보뉴스\n\n이 기사는 한국경제신문과 금융 AI 전문기업 씽크풀이 공동 개발한 기사 자동생성 알고리즘에 의해 실시간으로 작성된 것입니다.",
  "published_at": "2025-11-10T09:13:35+09:00",
  "author": "한경로보뉴스",
  "image_urls": [
    "https://img.hankyung.com/photo/202511/mod_stk_20251110_2954.jpg"
  ],
  "thumbnail_url": "https://img.hankyung.com/photo/202511/mod_stk_20251110_2954.jpg",
  "content_url": "https://www.hankyung.com/article/202511103398L",
  "publisher": "한국경제",
  "analysis": {
    "companies": {
      "신한지주": {
        "original_mention": "신한지주",
        "mapped_name": "신한지주",
        "listing_status": "상장",
        "exchange": "KOSPI",
        "country": "Korea",
        "sentiment": "긍정",
        "sentiment_reason": "DB증권의 긍정적인 투자 의견과 목표 주가 제시",
        "stock_code": "055550"
      },
      "DB증권": {
        "original_mention": "DB증권",
        "mapped_name": "DB증권",
        "listing_status": "비상장",
        "exchange": "",
        "country": "Korea",
        "sentiment": "중립",
        "sentiment_reason": "투자 의견 제공",
        "stock_code": null
      }
    },
    "relations": []
  }
}