{
  "title": "'신한지주' 52주 신고가 경신, 전일 기관 대량 순매수",
  "description": "신한지주 52주 신고가 경신, 전일 기관 대량 순매수, 증권",
  "content": "[IMG]\n\n                            \n                        \n                        \n                    \n                \n\n◆ 주체별 매매동향\n- 전일 기관 대량 순매수\n지난 한달을 기준으로 보면 기관이 142.6만주를 순매수한 반면, 외국인은 20.8만주를 순매도했고, 개인들도 84.6만주를 순매도했다. 같은 기간 이 종목의 거래 비중은 외국인과 기관이 각각 58.7%, 29.7%로 비중이 높다.\n한편 기관은 이 종목에 대해서 최근 3일 연속 33.1만주 순매수를 하고 있다. 더욱이 전일 기관이 대량 순매수를 하고 있어 투자자들의 관심이 집중되고 있다.\n\n[그래프]신한지주 외국인/기관 매매동향\n\n                    \n                        \n                            \n[IMG]\n\n                            \n                        \n                        \n                    \n                \n                    \n                        \n                            \n[IMG]\n\n                            \n                        \n                        \n                    \n                \n\n◆ 최근 애널리스트 분석의견\n- 못 따라갈 이유는 없다 - DB증권, BUY\n11월 04일 DB증권의 나민욱 애널리스트는 신한지주에 대해 \"경쟁사 대비 못 할 이유는 없다: 증권 부동산 익스포져 중 해외 비중은 약 26%로 분기별로 일부 평가손실을 인식 중인 것으로 추정된다. 향후 해외 대체투자 건에 대한 리스크 관리가 더욱 중요해졌다. 한편 분리과세 기준 충족을 위해 배당성향을 25%로 상향할 가능성이 높다. 비과세 배당 역시 배당가능익은 3조원 이상으로 충분하나 업권 동향을 감안해 긍정적으로 검토할 가능성이 높아졌다. 25년 주주환원율은 46.1%, 내년 50%를 조기 달성할 것으로 예상된다.\"이라고 분석하며, 투자의견 'BUY', 목표주가 '95,000원'을 제시했다.\n\n한경로보뉴스\n\n이 기사는 한국경제신문과 금융 AI 전문기업 씽크풀이 공동 개발한 기사 자동생성 알고리즘에 의해 실시간으로 작성된 것입니다.",
  "published_at": "2025-11-05T15:35:15+09:00",
  "author": "한경로보뉴스",
  "image_urls": [
    "https://img.hankyung.com/photo/202511/mod_stk_20251105_52117.jpg",
    "https://img.hankyung.com/photo/202511/AF055550.jpg",
    "https://img.hankyung.com/photo/202511/AO055550.jpg"
  ],
  "thumbnail_url": "https://img.hankyung.com/photo/202511/mod_stk_20251105_52117.jpg",
  "content_url": "https://www.hankyung.com/article/202511055784L",
  "publisher": "한국경제",
  "analysis": {
    "companies": {
      "신한지주": {
        "original_mention": "신한지주",
        "mapped_name": "신한지주",
        "listing_status": "상장",
        "exchange": "",
        "country": "Korea",
        "sentiment": "긍정",
        "sentiment_reason": "기관의 대량 순매수와 긍정적인 애널리스트 의견",
        "stock_code": null
      },
      "DB증권": {
        "original_mention": "DB증권",
        "mapped_name": "DB증권",
        "listing_status": "상장",
        "exchange": "",
        "country": "Korea",
        "sentiment": "중립",
        "sentiment_reason": "신한지주에 대한 분석 의견 제공",
        "stock_code": null
      }
    },
    "relations": [
      {
        "source": "DB증권",
        "target": "신한지주",
        "relation_type": "고객사",
        "relation_reason": "DB증권이 신한지주에 대한 분석 의견을 제공",
        "source_is_listed": true,
        "source_country": "Korea",
        "source_ticker": null,
        "target_is_listed": true,
        "target_country": "Korea",
        "target_ticker": null
      }
    ]
  }
}