{
  "title": "한전KPS, 사랑의 열매 '골드회원'…전남 공공기관 1호",
  "description": "한전KPS, 사랑의 열매 골드회원…전남 공공기관 1호, 임동률 기자, 사회",
  "content": "[IMG]\n\n                            \n                        \n                        한전KPS 나눔명문기업 골드회원 인증패. 한전KPS 제공\n                    \n                전력 설비 정비 전문회사인 한전KPS는 전남 지역 공공기관 중 처음으로 사회복지공동모금회 '나눔명문기업 골드회원'에 이름을 올렸다고 4일 밝혔다.\n\n한전KPS는 이달 초 전남도청 광장에서 열린 전남사회복지공동모금회 '희망 2026 나눔캠페인' 사랑의 온도탑 제막식에서 5억원을 완납한 뒤 전남 지역 공공기관 중 1호 골드 인정패 수여 기관이 됐다.\n\n지난 2월 2025년 1호 나눔명문기업 실버 등급에 가입한 한전KPS는 이후로도 꾸준하게 성금을 기탁해 같은 해 곧바로 골드 등급 회원 명단에 올랐다.\n\n한전KPS는 취약계층 에너지요금 지원과 설·추석 명절 장보기 물품 지원 등 지역사회와의 상생 ·협력에 기반한 다양한 사회공헌활동을 펼치고 있다.\n\n다양한 복지시설 및 기관·지자체의 요청을 접수해 수요맞춤형 지원사업을 연중 추진하면서 지역민들의 호응을 얻고 있다고 회사 측은 설명했다.\n\n사회복지공동모금회는 고액 기부 법인을 대상으로 3년간 누적 5억원 이상 기부 기업에게 '골드', 3억원 이상에게 '실버', 1억원 이상에게 '그린' 등급을 부여하는 나눔명문기업 프로그램을 운영하고 있다.\n\n김홍연 한전KPS 사장은 \"나눔명문기업 골드 회원 가입을 계기로 나눔과 참여를 통한 지역사회 문제 해결에 더욱 힘을 보태겠다\"며 \"앞으로도 지속할 수 있는 지역발전에 기여하고 지역균등발전을 선도해 공공기관으로서의 사회적 책임을 다하겠다\"고 다짐했다.\n\n나주=임동률 기자",
  "published_at": "2025-12-04T15:58:58+09:00",
  "author": "임동률",
  "image_urls": [
    "https://img.hankyung.com/photo/202512/01.42579485.1.jpg"
  ],
  "thumbnail_url": "https://img.hankyung.com/photo/202512/01.42579485.1.jpg",
  "content_url": "https://www.hankyung.com/article/202512044224h",
  "publisher": "한국경제",
  "analysis": {
    "companies": {
      "한전KPS": {
        "original_mention": "한전KPS",
        "mapped_name": "한전KPS",
        "listing_status": "상장",
        "exchange": "KOSPI",
        "country": "Korea",
        "sentiment": "긍정",
        "sentiment_reason": "사회공헌활동을 통해 지역사회와의 상생 및 협력을 강조하고 있음",
        "stock_code": "051600"
      }
    },
    "relations": []
  }
}