{
  "title": "한전KPS, 전남 공공기관 최초 '나눔명문기업 골드 회원' 취득",
  "description": "한전KPS, 전남 공공기관 최초 나눔명문기업 골드 회원 취득, 전남 공공기관 최초 3년간 누적 기부액 5억원 이상",
  "content": "[IMG]\n\n                            \n                        \n                        \n                    \n                전력 설비 정비 전문 회사인 한전KPS가 전남지역 공공기관 최초로 사회복지공동모금회가 주관하는 '나눔명문기업 골드 회원'에 이름을 올렸다고 4일 밝혔다.\n\n‘나눔명문기업’은 사회복지공동모금회가 고액 기부 법인을 대상으로 운영하는 프로그램으로, 3년간 누적 기부금액에 따라 △1억 원 이상 ‘그린’ △3억 원 이상 ‘실버’ △5억 원 이상 ‘골드’ 등급이 부여된다.\n\n한전KPS는 이달 초 전남도청 광장에서 열린 전남사회복지공동모금회 주관 ‘희망 2026 나눔캠페인’ 사랑의 온도탑 제막식에서\n누적 기부금 5억 원을 완납하고 ‘골드 회원’ 인정패를 받았다. 이는 전남지역 공공기관 가운데 최초 사례다.\n\n한전KPS는 올해 2월 2025년 ‘나눔명문기업’ 1호 실버 회원으로 가입한 이후에도 지속적인 기부 활동을 통해 같은 해 곧바로 골드 등급으로 상향되며 지역 사회 나눔 문화 확산에 앞장서 왔다.\n\n이와 함께 한전KPS는 취약계층 에너지요금 지원, 설·추석 명절 장보기 물품 지원 등 지역사회와 상생을 위한 다양한 사회공헌활동을 꾸준히 펼치고 있다. 또한 복지시설, 기관, 지자체 등의 요청을 상시 접수해 수요 맞춤형 지원 사업을 연중 추진하며 지역민들로부터 큰 호응을 얻고 있다.\n\n김홍연 한전KPS 사장은 “이번 ‘나눔명문기업 골드 회원’ 가입을 계기로 지역 사회 문제 해결을 위한 나눔과 참여에 더욱 적극 나서겠다”며 “앞으로도 지속 가능한 지역 발전에 기여하고 공공기관으로서 사회적 책임을 다하겠다”고 밝혔다.\n\n하지은 기자 hazzys@hankyung.com",
  "published_at": "2025-12-04T15:07:18+09:00",
  "author": "하지은",
  "image_urls": [
    "https://img.hankyung.com/photo/202512/01.42578787.1.jpg"
  ],
  "thumbnail_url": "https://img.hankyung.com/photo/202512/01.42578787.1.jpg",
  "content_url": "https://www.hankyung.com/article/202512044051i",
  "publisher": "한국경제",
  "analysis": {
    "companies": {
      "한전KPS": {
        "original_mention": "한전KPS",
        "mapped_name": "한전KPS",
        "listing_status": "상장",
        "exchange": "KOSPI",
        "country": "Korea",
        "sentiment": "긍정",
        "sentiment_reason": "사회공헌활동을 통해 지역 사회 나눔 문화 확산에 기여",
        "stock_code": "051600"
      }
    },
    "relations": []
  }
}