{
  "title": "두산에너빌리티, 글로벌 수주 확대와 기술력 부각으로 주가 재평가 흐름 강화",
  "description": "두산에너빌리티, 글로벌 수주 확대와 기술력 부각으로 주가 재평가 흐름 강화, 증권",
  "content": "[IMG]\n\n                            \n                        \n                         \n                    \n                \n\n두산에너빌리티가 최근 주목할 만한 주가 반등 흐름을 보이고 있다. 그동안 발전기자재와 원전 기자재 중심으로 개발이 더뎠던 사업이 글로벌 수주 확대와 기술 경쟁력 부각으로 전환점을 맞고 있다는 분석이 나온다. 특히 미국을 포함한 북미 및 중동 시장에서 대형 가스터빈 및 원자력 기자재 공급 실적이 구체화되면서 투자자들이 ‘실적 회복 기대’에서 ‘구조적 성장 기대’로 인식의 변화를 시작했다.\n\n먼저 수주 실적 개선이 가장 큰 화두다. 두산에너빌리티는 올해 들어 수주잔고가 약 16조 4,000억원 수준으로 전년 대비 약 11% 증가했다는 발표가 있었다. 또한, 미국시장에서는 380MW급 가스터빈 2기를 계약했고 납기는 2026년 말로 확정됐다는 보도가 나왔다. 이러한 글로벌 가스터빈 및 원전 기자재 수주는 동종 업계에서도 납기 경쟁력과 기술력을 동시에 입증하는 사례로 평가된다. 더 나아가 특히 국내외 정부 및 발전공사 관계자들이 창원 본사를 방문해 생산라인을 점검했다는 사실도 기술 신뢰도를 시장이 인식하는 계기가 됐다.\n\n기술 경쟁력 측면에서도 긍정적인 변화가 감지된다. 두산에너빌리티는 국내 자체 개발한 대형 가스터빈을 상업 운전에 돌입시키며 ‘납기 경쟁력’을 시장 강점으로 내세우고 있다. 글로벌 주요 기업들이 5년 이상 리드타임을 보이는 가운데, 두산에너빌리티는 1~2년 내 공급 가능성이 있다는 분석이 나왔다. 이러한 기술과 납기 민첩성은 향후 가스터빈 및 원전 시장에서의 경쟁 우위를 확보하는 주요 요소로 꼽힌다. 게다가 원전 확대 및 재생에너지를 보완하기 위한 복합발전 수요가 증가하는 흐름 속에서 이 회사의 제품 및 서비스 포지션에 대한 기대감이 높아지고 있다.\n\n수급 측면과 밸류에이션 변화도 주가 기대감을 부추기고 있다. 그동안 원전·발전기자재 업종은 투자자들 사이에서 ‘길고 기다림이 많은 사업’으로 여겨졌지만, 최근 두산에너빌리티에 대해 “순수 수주 확대 + 기술·납기 경쟁력 확인”이라는 조합이 맞아 떨어지고 있다는 평가다. 실제로 수주 목표가 기존보다 상향 조정된 점이 외부 투자자의 기대를 끌어올렸다. 다음 이러한 흐름은 주가 재평가로 이어질 가능성이 커지고 있으며, 투자자들 사이에서는 저평가 구간에서의 반등 기회로 인식되고 있다.\n\n물론 여전히 유의해야 할 리스크도 존재한다. 대형 프로젝트 수주가 매출·이익으로 본격 반영되기까지는 일정한 시차가 있으며, 원자재 가격 상승, 환율 변동, 글로벌 시장의 경쟁 심화 등이 변수다. 또한 수주잔고는 증가했지만 실제 수익화 단계로의 전환과정에서 비용과 리스크가 동반될 수 있다. 예컨대 운전자본 증가로 현금성자산이 줄었다는 보도가 있어 단기 유동성 리스크 분석도 요구된다.\n\n두산에너빌리티, 케어젠, 대한전선, 미래에셋증권, 유한양행\n\n무료상담",
  "published_at": "2025-11-26T13:48:01+09:00",
  "author": "한국경제",
  "image_urls": [
    "https://img.hankyung.com/photo/202511/0D.42491569.1.png"
  ],
  "thumbnail_url": "https://img.hankyung.com/photo/202511/0D.42491569.1.png",
  "content_url": "https://www.hankyung.com/article/202511266102a",
  "publisher": "한국경제",
  "analysis": {
    "companies": {
      "두산에너빌리티": {
        "original_mention": "두산에너빌리티",
        "mapped_name": "두산에너빌리티",
        "listing_status": "상장",
        "exchange": "KOSPI",
        "country": "Korea",
        "sentiment": "긍정",
        "sentiment_reason": "글로벌 수주 확대와 기술력 부각으로 주가 재평가 기대감이 높아짐",
        "stock_code": "034020"
      },
      "케어젠": {
        "original_mention": "케어젠",
        "mapped_name": "케어젠",
        "listing_status": "상장",
        "exchange": "KOSDAQ",
        "country": "Korea",
        "sentiment": "중립",
        "sentiment_reason": "기사에서 구체적인 언급이 없어 중립으로 평가",
        "stock_code": "214370"
      },
      "대한전선": {
        "original_mention": "대한전선",
        "mapped_name": "대한전선",
        "listing_status": "상장",
        "exchange": "KOSPI",
        "country": "Korea",
        "sentiment": "중립",
        "sentiment_reason": "기사에서 구체적인 언급이 없어 중립으로 평가",
        "stock_code": "001440"
      },
      "미래에셋증권": {
        "original_mention": "미래에셋증권",
        "mapped_name": "미래에셋증권",
        "listing_status": "상장",
        "exchange": "KOSPI",
        "country": "Korea",
        "sentiment": "중립",
        "sentiment_reason": "기사에서 구체적인 언급이 없어 중립으로 평가",
        "stock_code": "006800"
      },
      "유한양행": {
        "original_mention": "유한양행",
        "mapped_name": "유한양행",
        "listing_status": "상장",
        "exchange": "KOSPI",
        "country": "Korea",
        "sentiment": "중립",
        "sentiment_reason": "기사에서 구체적인 언급이 없어 중립으로 평가",
        "stock_code": "000100"
      }
    },
    "relations": []
  }
}