{
  "title": "두산에너빌리티, 글로벌 가스터빈·원전 수주 잇달아 확보하며 ‘에너지 인프라 주역’ 부상",
  "description": "두산에너빌리티, 글로벌 가스터빈·원전 수주 잇달아 확보하며 에너지 인프라 주역’ 부상, 증권",
  "content": "[IMG]\n\n                            \n                        \n                         \n                    \n                \n\n두산에너빌리티가 최근 국내외 에너지 인프라 시장에서 존재감을 강화하며 주목받고 있다. 특히 대형 가스터빈 및 원전 기자재 수주 확대와 함께 기술 역량 및 수주 파이프라인이 가시화되고 있다는 점에서 투자자들의 기대감이 높아지고 있다. 이번 분석은 종목 실적이나 구체적 주가 수치보다는 구조적 성장 흐름과 수급·밸류에이션 측면에서 회사가 처한 투자환경을 집중적으로 살펴본다.\n\n먼저 수주 환경이 유리하게 전개되고 있다. 두산에너빌리티는 최근 미국 및 중동 시장에서 가스터빈 주요 부품 및 모듈을 공급하는 단계로 진입했으며, 이 과정에서 납기 경쟁력과 국산화 기술력이 부각됐다. 예컨대 미국 빅테크 기업향 380 MW급 가스터빈 2기 공급 계약 체결이 언론을 통해 확인된 바 있으며, 글로벌 가스터빈 시장이 200조원 규모로 추정되는 가운데 국내 기업으로서는 선제 진입 기회가 커지고 있다는 진단이다. 또한 이 회사는 소형모듈원자로(SMR) 및 대형 원전 기자재 수주에서도 가시적 협업과 MOU체결이 잇따르고 있어 향후 원전 인프라 수요 확대의 수혜주로 평가된다.\n\n기술 역량 측면에서도 두산에너빌리티는 의미 있는 변화를 동반하고 있다. 자체 개발한 CEDM(제어봉 구동장치) 노즐의 국산화 성공이 언론 보도를 통해 확인됐으며, 이 노즐은 원전 핵심 부품으로서 해외 수입이 주였던 품목이었음을 고려할 때 기술 자립 가능성이 주목받고 있다. 이뿐 아니라 양수발전, 해상풍력, 발전소 현대화 사업 등 다양한 에너지 전환 분야에 기자재를 공급하며 사업다각화 움직임을 보이고 있다. 이러한 기술 포트폴리오의 확대는 단순히 수주 확대 이상의 사업 안정성과 중장기 성장동력 확보라는 측면에서 긍정적으로 해석된다.\n\n수급 및 밸류에이션 측면에서도 변화가 감지된다. 최근 증권사 리포트에서는 두산에너빌리티에 대해 ‘원전 밸류체인의 핵심’이라는 평가가 나오며 투자의견을 신규로 ‘매수(Buy)’로 제시한 사례가 있다. 목표주가가 업계에서 비교적 공격적으로 설정됐다는 점도 투자심리 개선의 신호로 받아들여진다. 다만 최근 며칠간 주가는 약세 흐름을 보였다는 보도 또한 존재하는 만큼 시장에서는 향후 수주 발표 및 가동률 실적이 주가 반등의 결정적 계기가 될 가능성이 있다는 분석도 제시되고 있다.\n\n그럼에도 투자자 입장에서 유의해야 할 변수는 존재한다. 먼저 인프라 기자재 및 발전소 부문의 사업 특성상 수주에서 납품 및 가동까지 상당한 시간이 소요되며, 실적에 가시화되는 시점이 예측하기 어려운 점이 리스크다. 또한 발전·원전 시장은 각국의 정책 변화, 에너지 가격 변동, 지정학적 리스크 등 외부 요인에 민감하다는 점에서 단기적으로 불확실성이 상존한다. 마지막으로 현재 기술·수주 기대감이 어느 정도 주가에 선반영돼 있다는 평가도 있어 향후 기대 대비 실적이 미치지 못할 경우 리스크로 작용할 수 있다.\n\n두산에너빌리티, 가비아, 씨엠티엑스, 한국항공우주, 한국첨단소재\n\n무료상담",
  "published_at": "2025-11-25T13:33:01+09:00",
  "author": "한국경제",
  "image_urls": [
    "https://img.hankyung.com/photo/202511/0D.42480706.1.png"
  ],
  "thumbnail_url": "https://img.hankyung.com/photo/202511/0D.42480706.1.png",
  "content_url": "https://www.hankyung.com/article/202511253634a",
  "publisher": "한국경제",
  "analysis": {
    "companies": {
      "두산에너빌리티": {
        "original_mention": "두산에너빌리티",
        "mapped_name": "두산에너빌리티",
        "listing_status": "상장",
        "exchange": "KOSPI",
        "country": "Korea",
        "sentiment": "긍정",
        "sentiment_reason": "수주 확대와 기술 역량 강화로 인한 긍정적 평가",
        "stock_code": "034020"
      },
      "가비아": {
        "original_mention": "가비아",
        "mapped_name": "가비아",
        "listing_status": "상장",
        "exchange": "KOSDAQ",
        "country": "Korea",
        "sentiment": "중립",
        "sentiment_reason": "기사 내 구체적 언급 없음",
        "stock_code": "079940"
      },
      "씨엠티엑스": {
        "original_mention": "씨엠티엑스",
        "mapped_name": "씨엠티엑스",
        "listing_status": "비상장",
        "exchange": "",
        "country": "Korea",
        "sentiment": "중립",
        "sentiment_reason": "기사 내 구체적 언급 없음",
        "stock_code": null
      },
      "한국항공우주": {
        "original_mention": "한국항공우주",
        "mapped_name": "한국항공우주",
        "listing_status": "상장",
        "exchange": "KOSPI",
        "country": "Korea",
        "sentiment": "중립",
        "sentiment_reason": "기사 내 구체적 언급 없음",
        "stock_code": "047810"
      },
      "한국첨단소재": {
        "original_mention": "한국첨단소재",
        "mapped_name": "한국첨단소재",
        "listing_status": "비상장",
        "exchange": "",
        "country": "Korea",
        "sentiment": "중립",
        "sentiment_reason": "기사 내 구체적 언급 없음",
        "stock_code": null
      }
    },
    "relations": []
  }
}