{
  "title": "하나금융지주, ‘밸류업’ 전략·자사주 매입·외국인 수급 기대감에 주가 강세",
  "description": "하나금융지주, 밸류업’ 전략·자사주 매입·외국인 수급 기대감에 주가 강세, 증권",
  "content": "[IMG]\n\n                            \n                        \n                         \n                    \n                \n\n하나금융지주의 주가는 최근 금융주 전반의 상승 흐름 속에서 구조적 기대가 더해지며 눈에 띄는 강세를 보이고 있다. 우선 경영진이 명확한 주주환원 및 가치 제고 전략을 공개적으로 천명한 점이 시장 정서를 크게 개선시켰다. 그룹 회장은 “주주가치 중심의 밸류업 정책”을 강조하며 배당성향 확대와 자사주 매입·소각 확대 계획을 투자자들에게 강조했다. 특히 자사주 매입은 수백억 원 규모로 진행 중이며, 앞으로도 지속 추진 의지를 밝히며 PBR을 1배 이상으로 끌어올리겠다는 목표도 언급됐다.\n\n이와 동시에, 외국인과 기관 투자자의 수급 흐름이 명확히 개선된 것이 차별화된 상승 요인으로 작용했다. 글로벌 투자자들이 국내 금융주에 대한 저평가 메리트를 인식하고 지분 확대에 나서면서 단기적으로 매수 압력이 강화되었다. 이렇듯 수급 환경 변화는 기술적 반등을 넘어 중장기 모멘텀으로 평가받고 있다.\n\n\n                    \n                        \n                            \n[IMG]\n\n                            \n                        \n                         \n                    \n                \n\n또한, 최근 금융지주 전반이 역대급 실적 기대감 속에 반기 기준 순이익이 사상 최대 수준에 달할 것이라는 전망이 나오면서 시장의 신뢰를 더욱 끌어올렸다. 고강도 가계대출 규제에도 불구하고 이자이익 외 비은행 계열사 수익이 확대되고 있으며, 실적과 배당 중심의 주가 흐름이 동반 상승하는 양상이다.\n\n이 같은 흐름은 단순한 금융주 랠리가 아니라, 경영의 주주환원 강화, 자본정책 실행 의지, 외국인 자금 유입, 그리고 실적과 수익 구조 개선 기대감이 복합적으로 맞물린 결과로 해석된다. 향후에는 경영 전략의 실질 성과, 가계대출 규제 영향, 비은행 부문 수익 확장 여부, 글로벌 투자자 수요 지속성 등이 핵심 변수가 될 전망이다.\n\n한화솔루션, HD한국조선해양, SK이터닉스, 에코프로비엠, 한화에어로스페이스\n\n무료상담",
  "published_at": "2025-07-25T10:43:01+09:00",
  "author": "한국경제",
  "image_urls": [
    "https://img.hankyung.com/photo/202507/0D.41217605.1.jpg",
    "https://img.hankyung.com/photo/202507/0D.41217606.1.png"
  ],
  "thumbnail_url": "https://static.hankyung.com/img/logo/logo-news-sns.png?v=20201130",
  "content_url": "https://www.hankyung.com/article/202507251303a",
  "publisher": "한국경제",
  "analysis": {
    "companies": {
      "하나금융지주": {
        "original_mention": "하나금융지주",
        "mapped_name": "하나금융지주",
        "listing_status": "상장",
        "exchange": "KOSPI",
        "country": "Korea",
        "sentiment": "긍정",
        "sentiment_reason": "주주환원 및 가치 제고 전략, 자사주 매입, 외국인 수급 개선으로 주가 강세",
        "stock_code": "086790"
      },
      "한화솔루션": {
        "original_mention": "한화솔루션",
        "mapped_name": "한화솔루션",
        "listing_status": "상장",
        "exchange": "KOSPI",
        "country": "Korea",
        "sentiment": "중립",
        "sentiment_reason": "기사에서 구체적인 언급 없음",
        "stock_code": "009830"
      },
      "HD한국조선해양": {
        "original_mention": "HD한국조선해양",
        "mapped_name": "HD한국조선해양",
        "listing_status": "상장",
        "exchange": "KOSPI",
        "country": "Korea",
        "sentiment": "중립",
        "sentiment_reason": "기사에서 구체적인 언급 없음",
        "stock_code": "009540"
      },
      "SK이터닉스": {
        "original_mention": "SK이터닉스",
        "mapped_name": "SK이터닉스",
        "listing_status": "상장",
        "exchange": "KOSPI",
        "country": "Korea",
        "sentiment": "중립",
        "sentiment_reason": "기사에서 구체적인 언급 없음",
        "stock_code": "000660"
      },
      "에코프로비엠": {
        "original_mention": "에코프로비엠",
        "mapped_name": "에코프로비엠",
        "listing_status": "상장",
        "exchange": "KOSDAQ",
        "country": "Korea",
        "sentiment": "중립",
        "sentiment_reason": "기사에서 구체적인 언급 없음",
        "stock_code": "247540"
      },
      "한화에어로스페이스": {
        "original_mention": "한화에어로스페이스",
        "mapped_name": "한화에어로스페이스",
        "listing_status": "상장",
        "exchange": "KOSPI",
        "country": "Korea",
        "sentiment": "중립",
        "sentiment_reason": "기사에서 구체적인 언급 없음",
        "stock_code": "012450"
      }
    },
    "relations": []
  }
}