{
  "title": "삼성전자·BTS·고두심의 공통점은?…‘대한민국 착한기부대상’ 수상",
  "description": "삼성전자·BTS·고두심의 공통점은?…대한민국 착한기부대상’ 수상, 삼성전자, 27년간 9200억 기부 공로 BTS, 팬덤과 함께하는 기부 모델 제시 고두심·동아제약 등 국무총리 표창 수상",
  "content": "[IMG]\n\n                            \n                        \n                        김민재 행정안전부 차관이 8일 오후 서울 송파구 한국광고문화회관에서 열린 ‘제5회 대한민국 착한기부대상 시상식’에서 대통령표창을 수상한 방탄소년단(BTS) 소속사 빅히트뮤직 관계자에게 표창을 전수하고 기념촬영을 하고 있다. 행안부 제공\n                    \n                삼성전자가 방탄소년단(BTS)과 함께 기부 분야 대통령 표창을 받았다. 수십 년간 사회적 약자 보호와 기부문화 확산을 이끈 공로를 인정받았다.\n\n행정안전부는 8일 서울 한국광고문화회관에서 ‘제5회 대한민국 착한기부대상’ 시상식을 열고 삼성전자를 비롯한 개인 7명과 기업·단체 13곳에 정부 포상을 했다.\n\n대통령 표창을 받은 삼성전자는 1994년 국내 기업 최초로 사회공헌 전담조직을 꾸린 이후 27년간 9200억원을 기부했다. 임직원 봉사활동을 통해 청소년 등 사회적 약자 지원에 앞장섰다. 특히 보호종료 아동·청소년 자립 지원을 핵심 사업으로 육성하고, 주거 제공과 생활·경제·진로 교육을 통해 자립 기반을 다진 점을 높게 평가받았다.\n\nBTS는 유니세프와 함께한 ‘Love Myself’ 캠페인으로 92억원의 후원기금을 조성해 전 세계 아동·청소년에게 희망의 메시지를 전했다. 전 멤버가 유니세프 고액기부자 모임(아너스클럽)에 가입한 것도 이례적이다. 팬덤과 함께하는 참여형 기부 모델을 제시해 건전한 기부문화 확산에 기여했다는 평가를 받았다.\n\n 국무총리 표창은 40년 넘게 기부와 나눔 행사에 참여하며 국민의 기부 참여를 견인해 온 배우 고두심 씨와 지역 공동체 기반 나눔 생태계 조성에 기여한 정인조 씨가 받았다. 기업 부문에서는 창립 이후 국내외 취약계층과 아동을 지속 지원해 온 선진엔텍과 사랑나눔 바자회 등 참여형·현장형 사회공헌 활동을 실천한 동아제약이 받았다.\n\n이 상은 정부가 꾸준한 나눔 활동 주체를 발굴해 연대와 배려 문화를 확산하고 기부를 일상적 문화로 정착시키기 위해 제정했다. \n\n권용훈 기자 fact@hankyung.com",
  "published_at": "2025-12-08T17:28:31+09:00",
  "author": "권용훈",
  "image_urls": [
    "https://img.hankyung.com/photo/202512/01.42619243.1.jpg"
  ],
  "thumbnail_url": "https://img.hankyung.com/photo/202512/01.42619243.1.jpg",
  "content_url": "https://www.hankyung.com/article/202512080943i",
  "publisher": "한국경제",
  "analysis": {
    "companies": {
      "삼성전자": {
        "original_mention": "삼성전자",
        "mapped_name": "삼성전자",
        "listing_status": "상장",
        "exchange": "KOSPI",
        "country": "Korea",
        "sentiment": "긍정",
        "sentiment_reason": "기부 분야 대통령 표창 수상 및 사회적 약자 보호와 기부문화 확산에 기여",
        "stock_code": "005930"
      },
      "BTS": {
        "original_mention": "BTS",
        "mapped_name": "BTS",
        "listing_status": "비상장",
        "exchange": "",
        "country": "Other",
        "sentiment": "긍정",
        "sentiment_reason": "유니세프와의 캠페인으로 후원기금 조성 및 기부문화 확산에 기여",
        "stock_code": null
      },
      "빅히트뮤직": {
        "original_mention": "빅히트뮤직",
        "mapped_name": "빅히트뮤직",
        "listing_status": "비상장",
        "exchange": "",
        "country": "Korea",
        "sentiment": "긍정",
        "sentiment_reason": "BTS 소속사로서 기부 분야 대통령 표창 수상",
        "stock_code": null
      },
      "선진엔텍": {
        "original_mention": "선진엔텍",
        "mapped_name": "선진엔텍",
        "listing_status": "비상장",
        "exchange": "",
        "country": "Korea",
        "sentiment": "긍정",
        "sentiment_reason": "국내외 취약계층과 아동을 지속 지원",
        "stock_code": null
      },
      "동아제약": {
        "original_mention": "동아제약",
        "mapped_name": "동아제약",
        "listing_status": "비상장",
        "exchange": "",
        "country": "Korea",
        "sentiment": "긍정",
        "sentiment_reason": "참여형·현장형 사회공헌 활동 실천",
        "stock_code": null
      }
    },
    "relations": []
  }
}