{
  "title": "삼성전자 미래전략 나온다…노태문, CES 개막 직전 DX부문 비전 발표",
  "description": "삼성전자 미래전략 나온다…노태문, CES 개막 직전 DX부문 비전 발표, 삼성전자, CES 2026 개막 전 더 퍼스트룩 통해 비전 발표",
  "content": "[IMG]\n\n                            \n                        \n                        \n                    \n                노태문 삼성전자 대표이사 사장(DX부문장)이 직접 세계 최대 정보기술(IT)·가전 전시회 'CES 2026' 개막 전 DX부문 비전을 발표한다. \n\n삼성전자는 4일 내년 1월 개막하는 CES 2026에 앞서 '더 퍼스트룩' 행사를 개최한다고 밝혔다. 행사는 다음 달 4일 오후 7시(현지시간) 미국 라스베이거스 윈 호텔에 마련된 삼성전자 단독 전시장에서 진행된다. \n\n더 퍼스트룩은 삼성전자가 매년 CES 개막을 앞두고 비전을 공유하는 행사다. 이 행사엔 해마다 업계 안팎의 관심이 집중된다. \n\n삼성전자는 이 자리에서 DX부문의 통합된 비전과 인공지능(AI) 기반의 새로운 제품·고객 경험을 선보인다. \n\n행사 대표 연사로는 노 사장이 직접 나선다. 용석우 영상디스플레이사업부장(사장), 김철기 DA사업부장(부사장) 등도 함께 무대에 올라 사업 방향을 공유한다. \n\n이번 행사는 삼성전자 뉴스룸, 공식 유튜브 채널, 삼성 TV 플러스 등을 통해 생중계된다. \n\n김대영 한경닷컴 기자 kdy@hankyung.com",
  "published_at": "2025-12-04T11:07:14+09:00",
  "author": "김대영",
  "image_urls": [
    "https://img.hankyung.com/photo/202512/01.42576261.1.jpg"
  ],
  "thumbnail_url": "https://img.hankyung.com/photo/202512/01.42576261.1.jpg",
  "content_url": "https://www.hankyung.com/article/202512043346g",
  "publisher": "한국경제",
  "analysis": {
    "companies": {
      "삼성전자": {
        "original_mention": "삼성전자",
        "mapped_name": "삼성전자",
        "listing_status": "상장",
        "exchange": "KOSPI",
        "country": "Korea",
        "sentiment": "중립",
        "sentiment_reason": "CES 2026에서의 비전 발표와 관련된 중립적인 정보 제공",
        "stock_code": "005930"
      }
    },
    "relations": []
  }
}