{
  "title": "'161명 승진' 삼성전자, 임원 인사…5년 만에 규모 확대",
  "description": "161명 승진 삼성전자, 임원 인사…5년 만에 규모 확대, 삼성전자, 2026년 정기 임원인사 부사장 51명·상무 93명 등 승진 AI·로봇·반도체 미래기술 인재 중용 차세대 경영진 후보군 확대 방점 30대 상무·40대 부사장 등 발탁",
  "content": "[IMG]\n\n                            \n                        \n                        서울 서초구 삼성전자 사옥에서 직원들이 발걸음을 옮기고 있다. 사진=이솔 한국경제신문 기자\n                    \n                삼성전자가 부사장·상무·펠로우·마스터 등에 대한 정기 임원인사를 단행했다. 이번 인사를 통해 인공지능(AI)·로봇·반도체 분야의 미래기술 인재를 중용하고 차세대 경영진 후보군을 확대했다는 설명이다. 연공 서열과 상관없이 30대 상무, 40대 부사장 등의 인사를 단행해 세대교체에도 속도를 냈다. \n\n삼성전자는 25일 2026년 정기 임원인사를 단행했다고 밝혔다. 이에 따라 부사장 51명, 상무 93명, 펠로우 1명, 마스터 16명 등 총 161명이 승진했다. 137명이 승진했던 지난해 정기 임원인사 때보다 규모가 확대됐다. \n\n삼성전자 정기 임원인사 규모가 확대된 것은 5년 만이다. 그간 2021년 214명의 임원인사가 단행된 이후 2022년 198명, 2023년 187명, 2024년 143명, 2025년 137명으로 규모가 꾸준히 감소해 왔다. \n\n삼성전자는 산업 패러다임의 급속한 변화에 선제적으로 대응하고 주도권을 확보하기 위해 AI, 로봇, 반도체 등의 분야에서 미래기술을 이끌 리더들을 중용했다고 강조했다. 불확실한 경영 환경에서도 주요 사업 분야에서 경영성과를 창출한 인재들을 승진시켜 성과주의 인사 원칙을 견지했다. \n\n또 두각을 나타내는 젊은 인재들을 과감히 발탁해 세대교체를 가속화했다. 불확실한 경영환경을 돌파할 차세대 경영진 후보군을 육성하는 데도 힘을 실었다. \n\n주요 사업분야의 경쟁력 강화에 기여한 성과가 크고 향후 핵심적 역할이 기대되는 리더들의 경우 부사장으로 승진시켜 사업 성장을 주도해 나갈 미래 리더십을 강화했다. 연공과 서열에 상관없이 경영성과 창출에 기여하고 성장 잠재력을 갖춘 30대 상무·40대 부사장도 과감하게 발탁했다. 미래 경영진 후보군을 확대·강화하겠다는 취지다.\n\n성별이나 국적을 불문하고 성과를 창출하고 성장 잠재력을 갖춘 인재 발탁을 지속해 다양성과 포용성에 기반한 글로벌 인적 경쟁력을 제고했다는 점도 강조했다. \n\n삼성전자는 \"정기 임원인사를 통해 경영진 인사를 마무리했고 조만간 조직개편과 보직인사를 확정해 발표할 예정\"이라고 했다. \n\n김대영 한경닷컴 기자 kdy@hankyung.com",
  "published_at": "2025-11-25T09:53:17+09:00",
  "author": "김대영",
  "image_urls": [
    "https://img.hankyung.com/photo/202511/01.42449942.1.jpg"
  ],
  "thumbnail_url": "https://img.hankyung.com/photo/202511/01.42449942.1.jpg",
  "content_url": "https://www.hankyung.com/article/202511253391g",
  "publisher": "한국경제",
  "analysis": {
    "companies": {
      "삼성전자": {
        "original_mention": "삼성전자",
        "mapped_name": "삼성전자",
        "listing_status": "상장",
        "exchange": "KOSPI",
        "country": "Korea",
        "sentiment": "긍정",
        "sentiment_reason": "임원 인사 규모 확대와 미래기술 인재 중용으로 긍정적인 경영 성과 기대",
        "stock_code": "005930"
      }
    },
    "relations": []
  }
}