{
  "title": "SK하이닉스 대박나더니…SK그룹 '역대 최대' 수출액 눈앞",
  "description": "SK하이닉스 대박나더니…SK그룹 역대 최대 수출액 눈앞, SK그룹 수출액 120조원대 전망 SK하이닉스 수출 비중 절반 넘어",
  "content": "[IMG]\n\n                            \n                        \n                        경기도 이천시 SK하이닉스 본사 모습. 사진=연합뉴스\n                    \n                SK그룹의 올해 수출액이 역대 최고치를 기록할 전망이다. SK하이닉스가 기록적인 반도체 수출 실적을 달성하면서 120조원대에 이르는 수출액을 올릴 것으로 예상된다. \n\nSK그룹은 25일 올 1~3분기 수출 실적이 87조8000억원으로 집계됐다고 밝혔다. 이는 73조7000억원을 기록했던 지난해 같은 기간보다 20% 가까이 증가한 수준이다. 이 추세가 4분기에도 이어질 경우 올해 전체 수출액은 120조원대를 기록하게 된다. 지난해 연간 수출액 102조5000억원을 뛰어넘는 역대 최고치를 달성하는 셈이다. \n\n2년 연속 100조원대 수출액을 달성할 수 있도록 뒷받침한 곳은 SK하이닉스다. SK하이닉스가 고대역폭메모리(HBM) 등 고부가 메모리 반도체 수출을 늘리면서 수출액을 끌어올렸다. 실제 SK하이닉스는 지난해 SK그룹 전체 수출의 54%, 55조2000억원을 차지했다. 올 3분기 기준으로는 65%(56조7000억원)에 이른다. \n\nSK하이닉스의 수출 실적은 최근 우리나라 전체 수출액을 사상 최대치로 끌어올리는 데도 영향을 미쳤다. 정부가 발표한 3분기 우리나라 전체 수출액은 1850억달러로 관련 통계를 작성한 2010년 이후 최대 규모를 기록했다. 이 중 HBM을 포함한 고부가 메모리 반도체 등이 466억달러를 차지해 전체 수출 실적을 이끌었다. \n\nSK하이닉스 경영 실적은 납세, 시가총액 증가로도 이어지고 있다. SK하이닉스가 납부한 법인세는 3분기 기준 4조3000억원에 이른다. 지난해 같은 기간 납부만 940억원보다 약 45배 증가한 수준이다. 주가도 상승세가 이어지면서 시가총액이 300조원대를 나타내고 있다. 전날 종가 기준 379조원으로 국내 기업 가운데 두 번째 규모다. \n\nSK 관계자는 \"최태원 회장의 진두지휘 아래 SK그룹은 AI, 반도체, 에너지, 바이오 등 미래 성장사업을 중심으로 투자와 고용을 이어가면서 국가경제에 기여하고 있다\"며 \"2028년까지 국내에 128조원을 투자하고 연간 8000명 이상의 채용 또한 지속적으로 확대한다는 목표\"라고 했다.\n\n김대영 한경닷컴 기자 kdy@hankyung.com",
  "published_at": "2025-11-25T10:54:02+09:00",
  "author": "김대영",
  "image_urls": [
    "https://img.hankyung.com/photo/202511/AD.42414438.1.jpg"
  ],
  "thumbnail_url": "https://img.hankyung.com/photo/202511/AD.42414438.1.jpg",
  "content_url": "https://www.hankyung.com/article/202511253852g",
  "publisher": "한국경제",
  "analysis": {
    "companies": {
      "SK하이닉스": {
        "original_mention": "SK하이닉스",
        "mapped_name": "SK하이닉스",
        "listing_status": "상장",
        "exchange": "KOSPI",
        "country": "Korea",
        "sentiment": "긍정",
        "sentiment_reason": "SK하이닉스의 수출 실적이 SK그룹의 역대 최대 수출액 달성에 기여하고 있으며, 시가총액 증가와 납세 기여도 높아 긍정적인 평가를 받고 있음.",
        "stock_code": "000660"
      },
      "SK그룹": {
        "original_mention": "SK그룹",
        "mapped_name": "SK그룹",
        "listing_status": "비상장",
        "exchange": "",
        "country": "Korea",
        "sentiment": "긍정",
        "sentiment_reason": "SK그룹이 역대 최대 수출액을 기록할 전망이며, AI, 반도체, 에너지, 바이오 등 미래 성장사업에 대한 투자와 고용 확대 계획을 발표하여 긍정적인 평가를 받고 있음.",
        "stock_code": null
      }
    },
    "relations": [
      {
        "source": "SK하이닉스",
        "target": "SK그룹",
        "relation_type": "고객사",
        "relation_reason": "SK하이닉스의 수출 실적이 SK그룹의 전체 수출 실적에 큰 기여를 하고 있음.",
        "source_is_listed": true,
        "source_country": "Korea",
        "source_ticker": "000660",
        "target_is_listed": false,
        "target_country": "Korea",
        "target_ticker": null
      }
    ]
  }
}