{
  "title": "\"100만원까지 오른다\"…62만닉스, 황제주 전망 나왔다 [종목+]",
  "description": "100만닉스 된다는데…SK하이닉스, 팔면 안되겠네, SK하이닉스 주가 62만원 안착 하루에만 10% 급등해 최고가 AI 반도체 슈퍼 호황 기대 반영 SK證, 가치평가 PER로 반영 목표가 48만원→100만원으로 올려",
  "content": "[IMG]\n\n                            \n                        \n                        사진=연합뉴스\n                    \n                SK하이닉스 주가가 연일 사상 최고가를 새로 쓰고 있다. 인공지능(AI)발 메모리 반도체 슈퍼 호황이 과거보다 길고 강할 것이란 전망에 실적 성장 기대가 커지면서다. 증권가에서는 SK하이닉스의 목표주가를 잇달아 상향 조정하는 가운데 '황제주'(주가 100만원 이상 종목)에 올라설 수 있다는 파격 전망까지 나왔다.\n\n3일 한국거래소에 따르면 SK하이닉스는 이날 10.91% 급등한 62만원으로 거래를 마쳤다. 장중 한때 62만4000원까지 올라서기도 했다. 장중·종가 기준 모두 사상 최고가다. 일간 상승률이 10%를 넘어선 건 지난 4월10일(11.03%) 이후 약 6개월 만이다. 종가 기준 지난 24일 50만원을 돌파한 이후 불과 6거래일 만에 60만원도 넘어서며 거침없는 상승세를 이어가고 있다. 시가총액도 창사 이래 최대 실적을 발표한 지난달 29일 400조원을 넘어선 지 불과 3거래일 만에 사상 처음으로 450조원을 돌파했다.\n\n이날 기관투자가가 SK하이닉스를 3123억원어치 담아 주가를 밀어 올렸다. SK하이닉스는 기관의 순매수 상위 1위를 차지했다. 메모리 반도체 업황 회복에 대한 기대가 커지는 가운데 SK하이닉스와 엔비디아의 협력에 따른 AI 생태계 확장 기대감이 매수세를 유발한 것으로 보인다. 최근 젠슨 황 엔비디아 최고경영자(CEO)는 아시아태평양경제협력체(APEC) 참석차 방한해 \"삼성전자와 SK하이닉스가 필요하다\"고 언급한 점도 호재로 작용했다. 앞서 엔비디아는 한국 정부와 기업 4곳(삼성전자·SK그룹·현대차그룹·네이버클라우드)에 총 26만장의 고성능 그래픽처리장치(GPU)를 공급한다고 발표했다.\n\n반도체 업황 회복 강도가 과거보다 강할 것이란 전망도 주가 상승세를 이끌고 있다. 최근 노무라증권은 SK하이닉스의 내년과 2027년 영업이익 전망치를 99조원과 128조원으로 상향 조정했고 목표가도 기존 54만원에서 84만원으로 올렸다. 2027년까지 메모리 '슈퍼 사이클'이 이어질 것으로 판단하면서다. JP모건, 골드만삭스, 뱅크오브아메리카(BoA) 등 주요 글로벌 투자은행들도 SK하이닉스의 목표가를 일제히 70만원으로 높였다. 골드만삭스는 최근 보고서에서 \"메모리 업황 회복세가 예상보다 강하다\"며 \"고대역폭메모리(HBM) 출하량도 늘고 있다\"고 분석했다.\n\n국내 증권사인 흥국증권(55만원→75만원) 신한투자증권(50만원→73만원) NH투자증권(50만원→71만원) DB증권(51만원→70만원) iM증권(53만원→68만원) 등도 SK하이닉스의 목표가를 잇달아 올려 잡았다. 특히 SK증권은 SK하이닉스의 가치평가 방식을 주가순자산비율(PBR)이 아닌 주가수익비율(PER)로 반영하면서 목표가를 기존 48만원에서 100만원으로 대폭 상향했다. AI 시대에 접어들면서 반도체 산업 패러다임이 '선(先)증설 후(後)수주'에서 '선(先)수주 후(後)증설'로 바뀌고 있다는 이유에서다.\n\n한동희 SK증권 연구원은 \"PBR 밸류에이션(가치평가)은 거시경제 기반의 높은 실적 변동성에 따른 선택이었을 뿐\"이라며 \"AI 사이클 내 메모리 산업 구조는 변화하고 있다\"고 말했다. 이어 \"과거와 달리 SK하이닉스 실적은 최근 3년간 거시경제의 흐름에 연동되지 않고 있으며 메모리 사이클 강도가 강력해지면서 산업이 구조적으로 변화하고 있는 만큼 가치평가 기준도 바뀌어야 한다\"고 덧붙였다.\n\n그러면서 \"공급 부족과 맞물린 장기적 수요 강세 국면은 메모리 산업을 '선수주 후증설'의 구조로 변모시킬 것\"이라며 \"메모리의 안정적 수급 없이 AI 로드맵 달성은 불가능하다는 점에서 물량 확보를 위한 2~3여년의 장기 공급계약 비중이 빠르게 상승할 것\"이라고 내다봤다.\n\n고정삼 한경닷컴 기자 jsk@hankyung.com",
  "published_at": "2025-11-03T22:00:01+09:00",
  "author": "고정삼",
  "image_urls": [
    "https://img.hankyung.com/photo/202511/ZA.42204186.1.jpg"
  ],
  "thumbnail_url": "https://img.hankyung.com/photo/202511/ZA.42204186.1.jpg",
  "content_url": "https://www.hankyung.com/article/2025110307556",
  "publisher": "한국경제",
  "analysis": {
    "companies": {
      "SK하이닉스": {
        "original_mention": "SK하이닉스",
        "mapped_name": "SK하이닉스",
        "listing_status": "상장",
        "exchange": "KOSPI",
        "country": "Korea",
        "sentiment": "긍정",
        "sentiment_reason": "메모리 반도체 슈퍼 호황과 AI 생태계 확장 기대감으로 주가 상승",
        "stock_code": "000660"
      },
      "엔비디아": {
        "original_mention": "엔비디아",
        "mapped_name": "엔비디아",
        "listing_status": "상장",
        "exchange": "NASDAQ",
        "country": "USA",
        "sentiment": "긍정",
        "sentiment_reason": "SK하이닉스와의 협력에 따른 AI 생태계 확장 기대감",
        "stock_code": "NVDA"
      },
      "삼성전자": {
        "original_mention": "삼성전자",
        "mapped_name": "삼성전자",
        "listing_status": "상장",
        "exchange": "KOSPI",
        "country": "Korea",
        "sentiment": "중립",
        "sentiment_reason": "엔비디아의 협력 언급",
        "stock_code": "005930"
      },
      "SK증권": {
        "original_mention": "SK증권",
        "mapped_name": "SK증권",
        "listing_status": "상장",
        "exchange": "KOSPI",
        "country": "Korea",
        "sentiment": "긍정",
        "sentiment_reason": "SK하이닉스의 목표가를 대폭 상향",
        "stock_code": "001510"
      },
      "노무라증권": {
        "original_mention": "노무라증권",
        "mapped_name": "노무라증권",
        "listing_status": "비상장",
        "exchange": "",
        "country": "Japan",
        "sentiment": "긍정",
        "sentiment_reason": "SK하이닉스의 영업이익 전망치와 목표가 상향",
        "stock_code": null
      },
      "JP모건": {
        "original_mention": "JP모건",
        "mapped_name": "JP모건",
        "listing_status": "상장",
        "exchange": "NYSE",
        "country": "USA",
        "sentiment": "긍정",
        "sentiment_reason": "SK하이닉스의 목표가 상향",
        "stock_code": "JPM"
      },
      "골드만삭스": {
        "original_mention": "골드만삭스",
        "mapped_name": "골드만삭스",
        "listing_status": "상장",
        "exchange": "NYSE",
        "country": "USA",
        "sentiment": "긍정",
        "sentiment_reason": "메모리 업황 회복세 분석",
        "stock_code": "GS"
      },
      "뱅크오브아메리카": {
        "original_mention": "뱅크오브아메리카",
        "mapped_name": "뱅크오브아메리카",
        "listing_status": "상장",
        "exchange": "NYSE",
        "country": "USA",
        "sentiment": "긍정",
        "sentiment_reason": "SK하이닉스의 목표가 상향",
        "stock_code": "BAC"
      },
      "흥국증권": {
        "original_mention": "흥국증권",
        "mapped_name": "흥국증권",
        "listing_status": "상장",
        "exchange": "KOSPI",
        "country": "Korea",
        "sentiment": "긍정",
        "sentiment_reason": "SK하이닉스의 목표가 상향",
        "stock_code": "003530"
      },
      "신한지주": {
        "original_mention": "신한투자증권",
        "mapped_name": "신한지주",
        "listing_status": "상장",
        "exchange": "KOSPI",
        "country": "Korea",
        "sentiment": "긍정",
        "sentiment_reason": "SK하이닉스의 목표가 상향",
        "stock_code": "055550"
      },
      "농협금융": {
        "original_mention": "NH투자증권",
        "mapped_name": "농협금융",
        "listing_status": "상장",
        "exchange": "KOSPI",
        "country": "Korea",
        "sentiment": "긍정",
        "sentiment_reason": "SK하이닉스의 목표가 상향",
        "stock_code": "005940"
      },
      "DB증권": {
        "original_mention": "DB증권",
        "mapped_name": "DB증권",
        "listing_status": "상장",
        "exchange": "KOSPI",
        "country": "Korea",
        "sentiment": "긍정",
        "sentiment_reason": "SK하이닉스의 목표가 상향",
        "stock_code": "016610"
      },
      "iM증권": {
        "original_mention": "iM증권",
        "mapped_name": "iM증권",
        "listing_status": "비상장",
        "exchange": "",
        "country": "Korea",
        "sentiment": "긍정",
        "sentiment_reason": "SK하이닉스의 목표가 상향",
        "stock_code": null
      }
    },
    "relations": [
      {
        "source": "SK하이닉스",
        "target": "엔비디아",
        "relation_type": "파트너",
        "relation_reason": "AI 생태계 확장 협력",
        "source_is_listed": true,
        "source_country": "Korea",
        "source_ticker": "000660",
        "target_is_listed": true,
        "target_country": "USA",
        "target_ticker": "NVDA"
      },
      {
        "source": "엔비디아",
        "target": "삼성전자",
        "relation_type": "공급사",
        "relation_reason": "고성능 GPU 공급 계약",
        "source_is_listed": true,
        "source_country": "USA",
        "source_ticker": "NVDA",
        "target_is_listed": true,
        "target_country": "Korea",
        "target_ticker": "005930"
      }
    ]
  }
}