{
  "title": "국내 첫 오가노이드 협의체 출범…삼성바이오로직스 대웅제약 등 27곳 참여",
  "description": "국내 첫 오가노이드 협의체 출범…삼성바이오로직스 대웅제약 등 27곳 참여, 초대 회장은 박정태(바이오의약품협회), 부회장은 김동중(삼성바이오로직스) 오유경 식약처장 미래플랫폼 오가노이드 산업 촉진 역할해달라 아시아 심포지엄도 개최…생명연 등 18곳 기관도 참여",
  "content": "[IMG]\n\n                            \n                        \n                        13일 서울 소공동 웨스틴조선호텔에서 열린 K-오가노이드 출범식에서 참가자들이 기념 촬영을 하고 있다. 앞줄 왼쪽부터 나종천 강스템바이오텍 대표, 유종만 오가노이드사이언스 대표, 이정석 한국바이오의약품협회 회장, 오상훈 한국바이오의약품협회 이사장, 정진호 한국과학기술한림원 원장, 오유경 식품의약품안전처 처장, 강석연 식품의약품안전평가원 원장, 박정태 K-오가노이드 컨소시엄 회장, 윤호열 전남바이오진흥원 원장, 김동중 삼성바이오로직스 부사장, 김경숙 코아스템켐온 고문. 한국바이오의약품협회 제공\n                    \n                국내 최초로 오가노이드(미니 장기 모델) 전문 산·학·연 협의체인 'K-오가노이드 컨소시엄'이 출범했다. 오가노이드 전문 단체로 연내 아시아 심포지엄도 개최하고 향후 정책 제안도 할 예정이다. 컨소시엄 초대 회장엔 박정태 한국바이오의약품협회 상근 부회장이, 초대 부회장엔 김동중 삼성바이오로직스 부사장이 각각 선임됐다.\n\n한국바이오의약품협회는 13일 오전 서울 소공동 웨스틴조선호텔에서 'K-오가노이드 컨소시엄 창립총회 및 출범식'을 가졌다. 오유경 식품의약품안전처장과 이정석 바이오의약품협회 회장, 정진호 한국과학기술한림원 원장 등을 비롯해 컨소시엄 회원사인 삼성바이오로직스, 코아스템켐온, 오가노이드사이언스, 강스템바이오텍 등의 임원 120여명이 참석했다.\n\n오유경 식약처장은 이날 축사를 통해 \"오가노이드는 인체 장기의 유사한 구조와 기능을 모사할 수 있는 3차원 세포 모델로, 신약 개발, 질환 연구 등 다양한 분야에서 기존 동물시험을 대체하거나 보완할 수 있는 혁신 기술\"이라며 \"사람 중심의 시험법이라는 점에서 정확한 예측성을 확보할 수 있어 전 세계적으로 주목받고 있다\"고 말했다. 그러면서 \"오가노이드 기술은 단순히 하나의 과학기술을 넘어, 의약품의 개발 전 과정에서 보다 안전하고 과학적인 평가를 가능하게 하는 미래 플렛폼\"이라며 \"향후 우리나라 오가노이드 기술의 연구개발은 물론 산업화 촉진에 중추적인 역할을 하게 될 것으로 기대한다\"고 강조했다.\n                    \n                        \n                            \n[IMG]\n\n                            \n                        \n                        13일 서울 소공동 웨스틴조선호텔에서 열린 K-오가노이드 출범식에서 오유경 식품의약품안전처장이 축사를 하고 있다. 한국바이오의약품협회 제공\n                    \n                실제 오가노이드 기술은 기존 신약개발의 한계를 극복할 기술이라는 게 협회측의 설명이다. 현재 동물실험의 임상시험 성공률이 5~15%에 불과하고 신약 1개 개발 비용이 평균 30억 달러(약 4조1500억원)에 15년이 소요되며 임상 후기 실패시 수천억원의 손실을 볼 수 있다. 오가노이드는 신약개발 기간을 50%단축하며 비용을 70%절감할 수 있다. 또한 환자 유래 오가노이드로 약물 반응을 정밀하게 예측할 수 있다. 미국은 동물실험 폐지 방침을 밝혔고 유럽은 앞서 2023년 동물실험 폐지 로드맵을 발표하는 등 각국의 규제도 오가노이드에 유리하게 전개되고 있다. 리서치앤마켓에 따르면 글로벌 오가노이드 시장은 2024년 15억6000만달러(약 2조1500억원)에서 2029년 42억2000만달러(약 5조8300억원)로 연평균 22%씩 성장할 전망이다. 아시아태평양 오가노이드 시장 성장률은 23~29%로 세계 최고 수준으로 전망된다. 한국 오가노이드 시장은 2024년 기준 2500억원 규모로 성장률은 2025년부터 2030년까지 연평균 26.1%로 글로벌 성장률을 웃돌 전망이다. 국내에선 올들어 지난 5월 오가노이드사이언스와 로킷헬스케어가 오가노이드기업으로 코스닥시장에 상장했다. 삼성바이오로직스는 6월 삼성 오가노이드 서비스를 개시하며 대기업 가운데 처음으로 이 시장에 진출했다.\n                    \n                        \n                            \n[IMG]\n\n                            \n                        \n                        13일 서울 소공동 웨스틴조선호텔에서 열린 K-오가노이드 출범식에서 초대 회장인 박정태 한국바이오의약품협회 상근 부회장이 발언하고 있다. 한국바이오의약품협회 제공\n                    \n                 \n컨소시엄은 앞으로 표준화 체계를 구축하고 기술의 상용화 및 시장 진입 촉진을 지원하며, 재생연구를 확대하고 국제 협력 및 전문 인력 양성에 힘을 모으기로 했다. 박정태 K-오가노이드 컨소시엄 초대 회장은 이날 출범 선언문에서 \"국내의 산·학·연·관이 가진 전문성과 자원을 긴밀히 연결하고 서로 협력하는 연구 생태계를 조성할 것\"이라며 \"차세대 바이오 기술의 상용화와 실용화를 위한 연구개발을 촉진하고, 국내 기업과 연구자들이 세계 시장으로 진출할 수 있도록 든든한 기반이 될 것\"이라고 말했다.\n\n컨소시엄은 오는 10월 기술세미나를 거쳐 12월 아시아 최초의 오가노이드·ATMP(첨단바이오의약품) 전문 다국가 심포지엄을 태국 방콕에서 개최할 예정이다.\n\n컨소시엄엔 27곳 민간기업과 18개 기관이 참여했다. 삼성바이오로직스, 대웅제약, JW중외제약, 그래디언트바이오컨버전스를 비롯해 강스템바이오텍, 넥셀, 로킷헬스케어, 멥스젠, HLB바이오스텝, 토모큐브, 티앤알바이오팹, 코아스템켐온, 오가노이드사이언스 등이 참여한다. 기관 중에선 한국인공지능협회, 한국독성학회, 한국줄기세포학회, 한국과학기술연구원, 한국생명공학연구원, 한국표준과학연구원, 한국화학연구원, 한국화학융합시험연구원, 오송첨단의료산업진흥재단, 범부처재생의료기술개발사업단 등이 참여한다.\n\n안대규 기자 powerzanic@hankyung.com",
  "published_at": "2025-08-13T15:47:35+09:00",
  "author": "안대규",
  "image_urls": [
    "https://img.hankyung.com/photo/202508/01.41389536.1.jpg",
    "https://img.hankyung.com/photo/202508/01.41389534.1.jpg",
    "https://img.hankyung.com/photo/202508/01.41389535.1.jpg"
  ],
  "thumbnail_url": "https://img.hankyung.com/photo/202508/01.41389536.1.jpg",
  "content_url": "https://www.hankyung.com/article/202508138544i",
  "publisher": "한국경제",
  "analysis": {
    "companies": {
      "삼성바이오로직스": {
        "original_mention": "삼성바이오로직스",
        "mapped_name": "삼성바이오로직스",
        "listing_status": "상장",
        "exchange": "KOSPI",
        "country": "Korea",
        "sentiment": "중립",
        "sentiment_reason": "K-오가노이드 컨소시엄 참여 및 시장 진출",
        "stock_code": "207940"
      },
      "대웅제약": {
        "original_mention": "대웅제약",
        "mapped_name": "대웅제약",
        "listing_status": "상장",
        "exchange": "KOSPI",
        "country": "Korea",
        "sentiment": "중립",
        "sentiment_reason": "K-오가노이드 컨소시엄 참여",
        "stock_code": "069620"
      },
      "JW중외제약": {
        "original_mention": "JW중외제약",
        "mapped_name": "JW중외제약",
        "listing_status": "상장",
        "exchange": "KOSPI",
        "country": "Korea",
        "sentiment": "중립",
        "sentiment_reason": "K-오가노이드 컨소시엄 참여",
        "stock_code": "001060"
      },
      "그래디언트바이오컨버전스": {
        "original_mention": "그래디언트바이오컨버전스",
        "mapped_name": "그래디언트바이오컨버전스",
        "listing_status": "비상장",
        "exchange": "",
        "country": "Korea",
        "sentiment": "중립",
        "sentiment_reason": "K-오가노이드 컨소시엄 참여",
        "stock_code": null
      },
      "강스템바이오텍": {
        "original_mention": "강스템바이오텍",
        "mapped_name": "강스템바이오텍",
        "listing_status": "상장",
        "exchange": "KOSDAQ",
        "country": "Korea",
        "sentiment": "중립",
        "sentiment_reason": "K-오가노이드 컨소시엄 참여",
        "stock_code": "217730"
      },
      "넥셀": {
        "original_mention": "넥셀",
        "mapped_name": "넥셀",
        "listing_status": "비상장",
        "exchange": "",
        "country": "Korea",
        "sentiment": "중립",
        "sentiment_reason": "K-오가노이드 컨소시엄 참여",
        "stock_code": null
      },
      "로킷헬스케어": {
        "original_mention": "로킷헬스케어",
        "mapped_name": "로킷헬스케어",
        "listing_status": "상장",
        "exchange": "KOSDAQ",
        "country": "Korea",
        "sentiment": "중립",
        "sentiment_reason": "K-오가노이드 컨소시엄 참여",
        "stock_code": "900260"
      },
      "멥스젠": {
        "original_mention": "멥스젠",
        "mapped_name": "멥스젠",
        "listing_status": "비상장",
        "exchange": "",
        "country": "Korea",
        "sentiment": "중립",
        "sentiment_reason": "K-오가노이드 컨소시엄 참여",
        "stock_code": null
      },
      "HLB바이오스텝": {
        "original_mention": "HLB바이오스텝",
        "mapped_name": "HLB바이오스텝",
        "listing_status": "비상장",
        "exchange": "",
        "country": "Korea",
        "sentiment": "중립",
        "sentiment_reason": "K-오가노이드 컨소시엄 참여",
        "stock_code": null
      },
      "토모큐브": {
        "original_mention": "토모큐브",
        "mapped_name": "토모큐브",
        "listing_status": "비상장",
        "exchange": "",
        "country": "Korea",
        "sentiment": "중립",
        "sentiment_reason": "K-오가노이드 컨소시엄 참여",
        "stock_code": null
      },
      "티앤알바이오팹": {
        "original_mention": "티앤알바이오팹",
        "mapped_name": "티앤알바이오팹",
        "listing_status": "상장",
        "exchange": "KOSDAQ",
        "country": "Korea",
        "sentiment": "중립",
        "sentiment_reason": "K-오가노이드 컨소시엄 참여",
        "stock_code": "246710"
      },
      "코아스템켐온": {
        "original_mention": "코아스템켐온",
        "mapped_name": "코아스템켐온",
        "listing_status": "비상장",
        "exchange": "",
        "country": "Korea",
        "sentiment": "중립",
        "sentiment_reason": "K-오가노이드 컨소시엄 참여",
        "stock_code": null
      },
      "오가노이드사이언스": {
        "original_mention": "오가노이드사이언스",
        "mapped_name": "오가노이드사이언스",
        "listing_status": "상장",
        "exchange": "KOSDAQ",
        "country": "Korea",
        "sentiment": "중립",
        "sentiment_reason": "K-오가노이드 컨소시엄 참여",
        "stock_code": "322310"
      }
    },
    "relations": []
  }
}