{
  "title": "\"저평가 극심, 자사주 매입해라\"…LG화학, 행동주의 저격에 급등",
  "description": "저평가 극심, 자사주 매입해라…LG화학, 행동주의 저격에 급등, 팰리서캐피털, 가치제고 요구 지분 1% 이상 보유한 헤지펀드 주가, 내재가치 대비 74% 낮아 LG엔솔 지분 팔아 자사주 사야 LG화학, 13% 뛰며 52주 신고가",
  "content": "▶마켓인사이트 10월 22일 오전 10시 12분\n\n영국계 행동주의 헤지펀드 팰리서캐피털이 22일 LG화학을 상대로 ‘주식 가치 제고 캠페인’에 돌입했다. 최근 석유화학 업황 부진으로 주가 하락세를 면치 못하고 있는 것에 대해 공개 행동주의에 나선 것이다. 팰리서캐피털은 “LG화학 주가가 극심한 저평가 수준”이라며 해결 방안으로 자회사 LG에너지솔루션 지분을 활용한 자사주 매입을 요구했다. 이 같은 요구에 이날 LG화학은 13.01% 오른 39만1000원에 거래를 마치며 52주 신고가를 경신했다. ◇“LG화학 시총, 69조원 더 늘어야”\n                    \n                        \n                            \n[IMG]\n\n                            \n                                    \n                                        \n                                    \n                                    이미지 크게보기\n                                \n                        \n                        \n                    \n                팰리서캐피털은 21일(현지시간) 미국 뉴욕에서 열린 행동주의 콘퍼런스 ‘2025 액티브-패시브 투자자 서밋’에서 이 같은 ‘LG화학 저평가 해소 방안’을 발표했다. 대표적인 행동주의 펀드인 엘리엇 출신들이 설립한 팰리서캐피털은 최근 2년 사이 삼성물산, SK스퀘어 등 국내 대기업을 상대로 행동주의 캠페인을 펼친 바 있다. 현재 LG화학 지분 1% 이상을 보유하고 있다.\n\n팰리서캐피털은 “LG화학 주식이 순자산가치(NAV) 대비 74% 할인된 주가에 거래되고 있으며 그로 인해 69조원(483억달러) 규모의 가치 격차가 존재한다”며 “이는 한국 대기업 가운데 가장 저조한 수준”이라고 지적했다. 주식 저평가의 이유로는 업황 부진에 시달리는 석유화학 업종을 기준으로 주가가 형성돼 있는 점을 들었다. 2022년 물적분할돼 상장한 LG에너지솔루션에 대한 지분 가치를 제대로 평가받지 못하고 있는 것도 지적했다.\n\n이들이 내세운 해법은 자사주 매입이다. 팰리서캐피털은 “심각한 수준인 주가 할인율을 기반으로 자사주 매입을 전략적으로 활용하면 가치 증진 효과와 더불어 최고 수준의 수익률을 달성할 수 있다”고 주장했다. 장기적으로는 LG에너지솔루션 지분을 팔아 현금화하고 이 재원으로 자사주 매입을 추진해야 한다고도 했다. 적절한 자사주 매입을 통해 주주 신뢰를 회복할 수 있고, 매도 물량을 하루 거래량의 5~10% 이내로 관리하면 주가에 미치는 영향도 최소화할 수 있다고 부연했다. 중국 텐센트의 최대주주인 프로수스·내스퍼스가 2022년 6월 텐센트 지분을 시장에서 매각하고, 그 대금을 자사주 매입에 이용하겠다는 장기 정책을 발표하자 주식 저평가 폭이 대폭 축소됐다는 점도 언급했다. ◇이사회 구성 개편도 요구팰리서캐피털은 이사회 구성과 경영진 보상 제도 개편 등도 제안했다. 이사회가 학계 출신들로 구성돼 있어 생명과학과 전기자동차(EV), 첨단소재 등에 대한 전문성이 부족하다는 것이다. 또 지금은 매출, 영업이익 등 회사 실적을 근거로 부여하는 경영진 대상 인센티브를 주가와 연동되는 총주주수익률(TSR) 등을 통해 지급해야 한다고 강조했다.\n\n제임스 스미스 팰리서캐피털 최고투자책임자(CIO)는 “LG화학은 한국을 대표하는 기업으로서 이재명 대통령의 ‘코스피지수 5000’ 비전을 뒷받침하는 막중한 책임을 이행할 절호의 기회를 맞이했다”고 말했다. 이에 LG화학 관계자는 “다양한 주주들의 의견을 경청하고 있으며 기업가치 제고를 위해 노력 중”이라고 밝혔다.\n\n송은경 기자 norae@hankyung.com",
  "published_at": "2025-10-22T17:40:08+09:00",
  "author": "송은경",
  "image_urls": [
    "https://img.hankyung.com/photo/202510/AA.42128096.1.jpg"
  ],
  "thumbnail_url": "https://img.hankyung.com/photo/202510/AA.42128096.1.jpg",
  "content_url": "https://www.hankyung.com/article/2025102261301",
  "publisher": "한국경제",
  "analysis": {
    "companies": {
      "팰리서캐피털": {
        "original_mention": "팰리서캐피털",
        "mapped_name": "팰리서캐피털",
        "listing_status": "비상장",
        "exchange": "",
        "country": "USA",
        "sentiment": "중립",
        "sentiment_reason": "행동주의 펀드로서 LG화학에 대한 주식 가치 제고 캠페인을 시작함",
        "stock_code": null
      },
      "LG화학": {
        "original_mention": "LG화학",
        "mapped_name": "LG화학",
        "listing_status": "상장",
        "exchange": "KOSPI",
        "country": "Korea",
        "sentiment": "긍정",
        "sentiment_reason": "행동주의 펀드의 캠페인으로 주가가 급등함",
        "stock_code": "051910"
      },
      "LG에너지솔루션": {
        "original_mention": "LG에너지솔루션",
        "mapped_name": "LG에너지솔루션",
        "listing_status": "상장",
        "exchange": "KOSPI",
        "country": "Korea",
        "sentiment": "중립",
        "sentiment_reason": "자회사로서 자사주 매입 전략에 활용될 가능성이 있음",
        "stock_code": "373220"
      },
      "텐센트": {
        "original_mention": "텐센트",
        "mapped_name": "텐센트",
        "listing_status": "상장",
        "exchange": "HKEX",
        "country": "Other",
        "sentiment": "중립",
        "sentiment_reason": "프로수스·내스퍼스의 자사주 매입 사례로 언급됨",
        "stock_code": "0700"
      },
      "프로수스": {
        "original_mention": "프로수스",
        "mapped_name": "프로수스",
        "listing_status": "상장",
        "exchange": "Euronext Amsterdam",
        "country": "Other",
        "sentiment": "중립",
        "sentiment_reason": "텐센트 지분 매각 후 자사주 매입 사례로 언급됨",
        "stock_code": "PRX"
      },
      "내스퍼스": {
        "original_mention": "내스퍼스",
        "mapped_name": "내스퍼스",
        "listing_status": "상장",
        "exchange": "JSE",
        "country": "Other",
        "sentiment": "중립",
        "sentiment_reason": "텐센트 지분 매각 후 자사주 매입 사례로 언급됨",
        "stock_code": "NPN"
      }
    },
    "relations": [
      {
        "source": "팰리서캐피털",
        "target": "LG화학",
        "relation_type": "고객사",
        "relation_reason": "팰리서캐피털이 LG화학의 주식을 보유하고 있으며, 주식 가치 제고 캠페인을 진행 중임",
        "source_is_listed": false,
        "source_country": "USA",
        "source_ticker": null,
        "target_is_listed": true,
        "target_country": "Korea",
        "target_ticker": "051910"
      },
      {
        "source": "LG화학",
        "target": "LG에너지솔루션",
        "relation_type": "자회사",
        "relation_reason": "LG화학이 LG에너지솔루션의 지분을 보유하고 있음",
        "source_is_listed": true,
        "source_country": "Korea",
        "source_ticker": "051910",
        "target_is_listed": true,
        "target_country": "Korea",
        "target_ticker": "373220"
      }
    ]
  }
}