{
  "title": "'錢錢긍긍' LG화학, LG엔솔 주식 담보로 3兆 당긴다",
  "description": "불황 늪 빠진 LG화학, LG엔솔 주식 담보로 3조 조달, 역대 최대 주가수익스와프 추진 전방사업 부진·신사업 투자 절실 자산 유동화로 실탄 마련나서 LG엔솔 지분 2.2~3.7%가 대상 순차입금 비율 50% 넘은 LG화학 자금 확보해 재무구조 개선 기대",
  "content": "▶마켓인사이트 9월 8일 오후 2시 14분\n\nLG화학이 자회사 LG에너지솔루션 지분을 활용해 최대 3조원 규모의 자금을 조달한다. 역대 최대 규모 주가수익스와프(PRS) 계약을 통해서다. 수혈한 자금은 지난해부터 악화하는 재무구조를 개선하는 데 사용할 것으로 전망된다. 석유화학 업황이 악화하는 가운데 2차전지 등 신사업 투자가 지속돼 LG화학의 순차입금은 작년 1분기 15조3890억원에서 올 2분기 23조4130억원으로 52.1% 늘었다.\n                    \n                        \n                            \n[IMG]\n\n                            \n                                    \n                                        \n                                    \n                                    이미지 크게보기\n                                \n                        \n                        \n                    \n                 ◇이르면 이달 말 PRS 체결8일 투자은행(IB)업계에 따르면 LG화학은 LG에너지솔루션 주식을 기초로 한 PRS 계약을 체결하기로 하고 증권사들과 세부 협의에 들어갔다. PRS를 통한 자금 조달 규모는 2조~3조원 정도다. 지난 5일 34만3000원인 LG에너지솔루션 주가를 기준으로 전체 주식의 약 2.2~3.7%가 PRS 계약 대상이 될 것으로 보인다.\n\nPRS는 자회사 지분을 약정 기간 동안 매수자(금융회사)에게 넘긴 뒤, 계약 만기 시 주가가 기준가를 밑돌면 기업이 매수자에게 손실을 보전하는 파생상품이다. 해당 기간 기업은 매수자에게 회사채 금리 이상의 이자를 지급한다. 이번 LG화학의 PRS 계약은 기존 최대 규모인 SK이노베이션의 SK온 지분 PRS 계약(2조원)을 훌쩍 뛰어넘을 전망이다.\n\nLG화학은 LG에너지솔루션 주식 1억9150만 주(82%)를 보유한 최대주주다. LG화학은 수개월 전부터 복수의 증권사와 PRS 계약 체결을 논의해왔고, 실무 검토를 대부분 완료했다. 지난 6월 LG에너지솔루션 교환사채(EB) 발행 당시 설정한 90일간의 추가 지분 매도 금지 기간이 끝나는 이달 말 PRS 계약을 체결할 것으로 예상된다.\n\n전체 계약 규모가 최대 3조원에 이르는 대형 계약인 만큼 증권사들이 신디케이션을 구성해 물량을 받아낸다. 한 증권사당 5000억원어치씩 LG에너지솔루션 주식을 인수할 예정이다. PRS 연 이자율은 LG화학 회사채 3년 만기 금리인 연 3%보다 1~1.5%포인트 높은 연 4~4.5%대에 책정될 것으로 예상된다.\n\n이와 관련해 LG화학 관계자는 “LG에너지솔루션 지분 유동화를 고려하고 있지만 아직 확정된 바 없다”고 말했다. ◇재무 부담 낮춰 신사업 투자LG화학은 실적 부진 속에서도 신사업 투자를 이어가고 있다. 범용 화학 제품군 매출 비중을 줄이고, 2차전지 등 새로운 먹거리 발굴을 가속화하기 위해서다. 하지만 석유화학 업황 악화로 지난해 LG화학의 연결기준 매출은 전년 대비 11.5%, 영입이익은 63.8% 감소했다. 이런 가운데 신사업 투자가 지속돼 작년 1분기 35.6%이던 LG화학의 총자본 대비 순차입비율은 올 2분기 52.5%까지 치솟았다.\n\n이번 대규모 PRS 발행은 이 같은 재무 부담을 완화해 신사업 투자를 차질 없이 수행하겠다는 의지가 반영된 결과로 분석된다. 차동석 LG화학 최고재무책임자(CFO)는 지난달 열린 2분기 콘퍼런스콜에서 “전방 산업 부진이 지속되고 고성장, 고수익 사업 쪽으로의 전환을 위한 투자 필요성이 커지고 있다”며 “LG에너지솔루션 보유 지분은 지속 가능한 성장을 위해 전략적으로 사용할 자원으로 보고 있다”고 밝혔다. 이번 PRS 계약을 통해 조달하는 자금은 차입금 상환에 우선 사용할 것으로 예상된다. 올 들어 LG화학은 사업부 매각과 회사채 발행 등으로 3조6000억원을 조달했다.\n\n다만 EB 발행에 이어 PRS까지 LG화학의 유동화 대상이 된 LG에너지솔루션 주가에는 단기적으로 악영향이 불가피할 전망이다.\n\n배정철 기자 bjc@hankyung.com",
  "published_at": "2025-09-08T17:19:32+09:00",
  "author": "배정철",
  "image_urls": [
    "https://img.hankyung.com/photo/202509/AA.41651245.1.jpg"
  ],
  "thumbnail_url": "https://img.hankyung.com/photo/202509/AA.41651245.1.jpg",
  "content_url": "https://www.hankyung.com/article/2025090805601",
  "publisher": "한국경제",
  "analysis": {
    "companies": {
      "LG화학": {
        "original_mention": "LG화학",
        "mapped_name": "LG화학",
        "listing_status": "상장",
        "exchange": "KOSPI",
        "country": "Korea",
        "sentiment": "중립",
        "sentiment_reason": "자금 조달을 통한 재무구조 개선 기대",
        "stock_code": "051910"
      },
      "LG에너지솔루션": {
        "original_mention": "LG에너지솔루션",
        "mapped_name": "LG에너지솔루션",
        "listing_status": "상장",
        "exchange": "KOSPI",
        "country": "Korea",
        "sentiment": "부정",
        "sentiment_reason": "유동화로 인한 주가 단기 악영향 우려",
        "stock_code": "373220"
      }
    },
    "relations": [
      {
        "source": "LG화학",
        "target": "LG에너지솔루션",
        "relation_type": "자회사",
        "relation_reason": "LG화학은 LG에너지솔루션의 최대주주",
        "source_is_listed": true,
        "source_country": "Korea",
        "source_ticker": "051910",
        "target_is_listed": true,
        "target_country": "Korea",
        "target_ticker": "373220"
      }
    ]
  }
}