{
  "title": "\"네이버, 커머스 부문 역성장 우려…목표가↓\"",
  "description": "네이버, 커머스 부문 역성장 우려…목표가↓, 하나금투 NAVER, 목표가 55만원→45만원",
  "content": "[IMG]\n\n                            \n                        \n                        \n                    \n                하나금융투자는 14일 네이버(NAVER)에 대해 글로벌 경쟁사들의 밸류에이션 하향과 주요 지분가치 하락을 반영한다며 목표주가를 55만원에서 45만원으로 하향조정했다. 다만 콘텐츠 부문의 고성장세가 예상된다며 투자의견은 '매수'를 유지했다.\n\n윤예지 하나금융투자 연구원은 \"네이버의 1분기 매출액은 전년 동기 대비 23.4% 증가한 1조8500억 원, 영업이익은 19.4% 증가한 3450억 원을 예상한다\"며 \"계절적 비수기인 광고와 역기저로 인해 커머스는 성장이 둔화하지만 웹툰, 스노우 등 콘텐츠 매출은 올해도 60%가 넘는 고성장을 지속할 것으로 예상한다\"고 분석했다.\n\n윤 연구원은 \"페이먼츠 역시 커머스와 연동되는 사업부로 역성장이 예상된다\"며 \"클라우드는 정부 기관 예산 집행에 마줘 하반기에 매출이 쏠리는 경향이 있는 만큼 상반기에는 큰 폭의 성장이 기대되지 않는다\"고 설명했다.\n\n다만 그는 \"네이버웹툰은 일본에서 최근 웹 망가 전문업체인 이북재팬을 이수하며 작년 거래액 기준 일본에서 가장 큰 웹툰 플랫폼으로 등극했다\"며 \"일본 플랫폼인 라인망가는 현재 공격적인 시장점유율 확대 국면으로 마케팅비 집행에 따라 마진이 좋지는 않을 것으로 예상하지만, 향후에는 전사 마진 상승의 원동력이 될 수 있을 것\"이라고 기대했다.\n\n\n박해린기자 hlpark@wowtv.co.kr",
  "published_at": "2022-04-14T08:58:00+09:00",
  "author": "박해린 기자 hlpark@wowtv.co.kr",
  "image_urls": [
    "https://img.hankyung.com/photo/202204/B20210908131836877.jpg"
  ],
  "thumbnail_url": "https://img.hankyung.com/photo/202204/B20210908131836877.jpg",
  "content_url": "https://www.hankyung.com/article/2022041451615",
  "publisher": "한국경제",
  "analysis": {
    "companies": {
      "네이버": {
        "original_mention": "네이버",
        "mapped_name": "NAVER",
        "listing_status": "상장",
        "exchange": "KOSPI",
        "country": "Korea",
        "sentiment": "부정",
        "sentiment_reason": "목표주가 하향조정 및 커머스 부문 역성장 우려",
        "stock_code": "035420"
      },
      "하나금융투자": {
        "original_mention": "하나금융투자",
        "mapped_name": "하나금융지주",
        "listing_status": "상장",
        "exchange": "KOSPI",
        "country": "Korea",
        "sentiment": "중립",
        "sentiment_reason": "투자의견 '매수' 유지",
        "stock_code": "086790"
      }
    },
    "relations": []
  }
}