{
  "title": "24일, 외국인 거래소에서 SK하이닉스(-0.19%), NAVER(-0.57%) 등 순매도",
  "description": "24일, 외국인 거래소에서 SK하이닉스(-0.19%), NAVER(-0.57%) 등 순매도, 증권",
  "content": "외국인 투자자는 24일 거래소에서 SK하이닉스, NAVER, 삼성에피스홀딩스 등을 중점적으로 매도한 것으로 나타났다.\n\n외국인 투자자의 순매도 상위 20개 종목은 SK하이닉스, NAVER, 삼성에피스홀딩스, 삼성바이오로직스, KB금융, 셀트리온, 현대차, 하나금융지주, 두산에너빌리티, POSCO홀딩스등이다.\n\n이중에 운수장비 업종에 속한 종목이 5개 포함되어 있다.\n\n삼성전기 등은 전일 대비 주가가 상승했고, SK하이닉스, NAVER, 삼성에피스홀딩스 등은 주가가 하락했다.\n\n[11월24일]거래소 외국인 순매도 상위 종목\n\n\n\n\n\n한경로보뉴스\n\n이 기사는 한국경제신문과 금융 AI 전문기업 씽크풀이 공동 개발한 기사 자동생성 알고리즘에 의해 실시간으로 작성된 것입니다.",
  "published_at": "2025-11-24T18:35:10+09:00",
  "author": "한경로보뉴스",
  "image_urls": [],
  "thumbnail_url": "https://static.hankyung.com/img/logo/logo-news-sns.png?v=20201130",
  "content_url": "https://www.hankyung.com/article/202511242703L",
  "publisher": "한국경제",
  "analysis": {
    "companies": {
      "SK하이닉스": {
        "original_mention": "SK하이닉스",
        "mapped_name": "SK하이닉스",
        "listing_status": "상장",
        "exchange": "KOSPI",
        "country": "Korea",
        "sentiment": "부정",
        "sentiment_reason": "주가 하락",
        "stock_code": "000660"
      },
      "NAVER": {
        "original_mention": "NAVER",
        "mapped_name": "NAVER",
        "listing_status": "상장",
        "exchange": "KOSPI",
        "country": "Korea",
        "sentiment": "부정",
        "sentiment_reason": "주가 하락",
        "stock_code": "035420"
      },
      "삼성에피스홀딩스": {
        "original_mention": "삼성에피스홀딩스",
        "mapped_name": "삼성에피스홀딩스",
        "listing_status": "비상장",
        "exchange": "",
        "country": "Korea",
        "sentiment": "부정",
        "sentiment_reason": "주가 하락",
        "stock_code": null
      },
      "삼성바이오로직스": {
        "original_mention": "삼성바이오로직스",
        "mapped_name": "삼성바이오로직스",
        "listing_status": "상장",
        "exchange": "KOSPI",
        "country": "Korea",
        "sentiment": "중립",
        "sentiment_reason": "순매도 상위 종목",
        "stock_code": "207940"
      },
      "KB금융": {
        "original_mention": "KB금융",
        "mapped_name": "KB금융",
        "listing_status": "상장",
        "exchange": "KOSPI",
        "country": "Korea",
        "sentiment": "중립",
        "sentiment_reason": "순매도 상위 종목",
        "stock_code": "105560"
      },
      "셀트리온": {
        "original_mention": "셀트리온",
        "mapped_name": "셀트리온",
        "listing_status": "상장",
        "exchange": "KOSPI",
        "country": "Korea",
        "sentiment": "중립",
        "sentiment_reason": "순매도 상위 종목",
        "stock_code": "068270"
      },
      "현대차": {
        "original_mention": "현대차",
        "mapped_name": "현대자동차",
        "listing_status": "상장",
        "exchange": "KOSPI",
        "country": "Korea",
        "sentiment": "중립",
        "sentiment_reason": "순매도 상위 종목",
        "stock_code": "005380"
      },
      "하나금융지주": {
        "original_mention": "하나금융지주",
        "mapped_name": "하나금융지주",
        "listing_status": "상장",
        "exchange": "KOSPI",
        "country": "Korea",
        "sentiment": "중립",
        "sentiment_reason": "순매도 상위 종목",
        "stock_code": "086790"
      },
      "두산에너빌리티": {
        "original_mention": "두산에너빌리티",
        "mapped_name": "두산에너빌리티",
        "listing_status": "상장",
        "exchange": "KOSPI",
        "country": "Korea",
        "sentiment": "중립",
        "sentiment_reason": "순매도 상위 종목",
        "stock_code": "034020"
      },
      "POSCO홀딩스": {
        "original_mention": "POSCO홀딩스",
        "mapped_name": "POSCO홀딩스",
        "listing_status": "상장",
        "exchange": "KOSPI",
        "country": "Korea",
        "sentiment": "중립",
        "sentiment_reason": "순매도 상위 종목",
        "stock_code": "005490"
      },
      "삼성전기": {
        "original_mention": "삼성전기",
        "mapped_name": "삼성전기",
        "listing_status": "상장",
        "exchange": "KOSPI",
        "country": "Korea",
        "sentiment": "긍정",
        "sentiment_reason": "주가 상승",
        "stock_code": "009150"
      }
    },
    "relations": []
  }
}