{
  "title": "\"중도해지 기능 고지 안해\" 과징금 처분, 대법원서 취소된 이유",
  "description": "중도해지 기능 고지 미흡 카카오 과징금, 대법원서 취소된 이유, 공정위, 9800만원 과징금 부과하자 카카오 불복 2심서 카카오 승…상고심은 공정위 손 들어줘",
  "content": "[IMG]\n\n                            \n                        \n                        \n                    \n                디지털 음원 서비스를 판매하면서 소비자들에게 중도 해지가 가능하다는 사실을 제대로 고지하지 않았다는 이유로 공정거래위원회가 카카오에 내린 과징금 처분은 위법했다고 대법원이 판단했다. 올해 1월 2심 재판부는 공정위의 손을 들어줬는데, 상고심에서 결론이 뒤집힌 것이다.\n\n대법원 2부(주심 박영재 대법관)는 13일 카카오가 공정위를 상대로 시정명령과 과징금 납부 명령을 취소해달라며 낸 소송에서 원고 패소로 판단한 원심을 일부 깨고 사건을 서울고등법원에 돌려보냈다.\n\n지난해 1월 공정위는 카카오가 2017년 5월부터 2021년 5월까지 멜론이나  등을 통해 정기 결제형 음원서비스를 판매하면서 중도 해지 기능을 충분히 알리지 않아 전자상거래법을 위반했다며 시정명령과 과징금 9800만원을 부과했다.\n\n모바일 앱에서는 중도 해지 기능을 제공하지 않고 PC 웹에서만 가능하게 하면서, 모바일 앱에서 해지를 신청한 소비자에게 PC 웹에서 가능한 기능이란 사실을 알리지 않았다는 게 공정위가 지적한 사항이었다.\n\n카카오는 시정조치 명령을 받은 이후에도 같은 위반 행위를 반복했는데, 이는 영업정지 사유에 해당한다. \n\n문제는 카카오가 공정위 처분 이후 디지털 음원 사업 부문을 분할해 멜론컴퍼니를 세웠고, 이 회사가 카카오 계열사인 카카오엔터테인먼트에 흡수합병되면서 발생했다.\n\n공정위는 \"카카오의 영업을 정지하더라도 분할신설회사(멜론컴퍼니)를 통해 사실상 영업을 계속할 수 있으므로 영업정지의 실효성이 없다\"는 이유로 영업정지에 갈음한 과징금을 부과했다. '영업정지가 소비자 등에게 심한 불편을 줄 우려가 있다고 인정하는 경우 영업정지에 갈음해 과징금을 부과할 수 있다'고 정한 전자상거래법 34조 1항에 따른 처분이었다.\n\n카카오는 공정위가 제재를 내린 사유가 멜론컴퍼니로 승계된 데다 카카오가 더 이상 디지털 음원 사업을 영위하지 않으므로 시정명령과 과징금 처분이 부당하다며 소송을 제기했다.\n\n지난 1월 서울고법은 전자상거래법 위반 행위에서 시정명령·과징금 처분 대상은 분할존속회사라고 보는 게 타당하다며 카카오 측 주장을 받아들이지 않았다. 카카오가 디지털 음원 서비스 사업을 영위하지 않더라도 위반 행위로 인한 이득을 얻었으므로 자기책임원칙상 시정명령 대상이라는 판단이었다.\n\n고법은 또 전자상거래법 34조 1항의 '소비자에게 심한 불편을 줄 우려가 있는 경우'는 예시적인 규정일 뿐 '영업정지가 가능한 경우에 해당할 것'을 요건으로 두고 있지 않다면서 공정위 처분이 위법하다고 볼 수 없다고 봤다.\n\n그러나 대법원은 공정위가 해당 조항의 '영업정지가 소비자 등에게 심한 불편을 줄 우려가 있다고 인정하는 경우'에 한해서만 영업정지를 갈음하는 과징금을 부과할 수 있고, '회사분할 등으로 영업정지 처분이 제재 처분으로서 실효성이 없게 된 경우'까지 과징금 부과 사유에 포함하는 건 문언을 벗어난 해석이라고 짚었다.\n\n재판부는 \"과징금 납부 명령은 침익적 행정 처분으로 그 근거가 되는 행정법규를 더욱 엄격하게 해석·적용해야 하고, 처분 상대방에게 지나치게 불리한 방향으로 확대 또는 유추 해석을 해선 안 된다\"는 2016년 대법원 판례를 들어 공정위의 과징금 납부 명령이 취소돼야 한다고 판결했다.\n\n다만  시정명령 처분은 원심 판단을 수긍해 카카오 측 상고를 기각했다.\n\n장서우 기자 suwu@hankyung.com",
  "published_at": "2025-11-13T13:53:28+09:00",
  "author": "장서우",
  "image_urls": [
    "https://img.hankyung.com/photo/202511/01.42365499.1.jpg"
  ],
  "thumbnail_url": "https://img.hankyung.com/photo/202511/01.42365499.1.jpg",
  "content_url": "https://www.hankyung.com/article/202511131758i",
  "publisher": "한국경제",
  "analysis": {
    "companies": {
      "카카오": {
        "original_mention": "카카오",
        "mapped_name": "카카오",
        "listing_status": "상장",
        "exchange": "KOSPI",
        "country": "Korea",
        "sentiment": "부정",
        "sentiment_reason": "공정위의 과징금 처분에 대한 법적 분쟁",
        "stock_code": "035720"
      },
      "공정거래위원회": {
        "original_mention": "공정거래위원회",
        "mapped_name": "공정거래위원회",
        "listing_status": "비상장",
        "exchange": "",
        "country": "Korea",
        "sentiment": "부정",
        "sentiment_reason": "과징금 처분이 대법원에서 취소됨",
        "stock_code": null
      },
      "멜론컴퍼니": {
        "original_mention": "멜론컴퍼니",
        "mapped_name": "멜론컴퍼니",
        "listing_status": "비상장",
        "exchange": "",
        "country": "Korea",
        "sentiment": "중립",
        "sentiment_reason": "카카오의 디지털 음원 사업 부문 분할로 설립",
        "stock_code": null
      },
      "카카오엔터테인먼트": {
        "original_mention": "카카오엔터테인먼트",
        "mapped_name": "카카오엔터테인먼트",
        "listing_status": "비상장",
        "exchange": "",
        "country": "Korea",
        "sentiment": "중립",
        "sentiment_reason": "멜론컴퍼니를 흡수합병",
        "stock_code": null
      }
    },
    "relations": [
      {
        "source": "카카오",
        "target": "멜론컴퍼니",
        "relation_type": "분할",
        "relation_reason": "카카오가 디지털 음원 사업 부문을 분할하여 멜론컴퍼니를 설립",
        "source_is_listed": true,
        "source_country": "Korea",
        "source_ticker": "035720",
        "target_is_listed": false,
        "target_country": "Korea",
        "target_ticker": null
      },
      {
        "source": "멜론컴퍼니",
        "target": "카카오엔터테인먼트",
        "relation_type": "흡수합병",
        "relation_reason": "멜론컴퍼니가 카카오엔터테인먼트에 흡수합병됨",
        "source_is_listed": false,
        "source_country": "Korea",
        "source_ticker": null,
        "target_is_listed": false,
        "target_country": "Korea",
        "target_ticker": null
      }
    ]
  }
}