{
  "title": "티에리 앙리와 함께…기아, 북중미 월드컵 마케팅 시동",
  "description": "티에리 앙리와 함께…기아, 북중미 월드컵 마케팅 시동, 기아, 피파 공식 후원사 OMBC 참가 어린이 선발 티에리 앙리와 OMBC컵 개최",
  "content": "[IMG]\n\n                            \n                        \n                        사진=기아\n                    \n                국제축구연맹(FIFA)의 공식 후원사인 기아가 2026년 북중미 월드컵 관련 글로벌 마케팅 활동에 나선다.\n\n기아는 FIFA 월드컵 2026을 맞이해 글로벌 캠페인을 실시한다고 9일 밝혔다.\n\n기아는 이번 캠페인을 통해 브랜드와 고객의 연결, 모빌리티를 통한 연결, 그리고 월드컵을 매개로 한 글로벌 화합이라는 세 가지 의미를 선보일 예정이며, 이를 기반으로 브랜드가 제공하는 영감과 모빌리티 경험을 중심으로 한 고객과의 새로운 연결을 제시할 방침이다.\n\n이를 위해 기아는 '영감은 우리 모두를 연결합니다'라는 브랜드 메세지 아래 기아와 월드컵을 통해 전 세계 축구팬들이 화합하고 서로 소통할 수 있는 다양한 프로그램을 마련했다.\n\n우선, 기아는 경기 시작 전 공인구를 심판에게 전달하고 선수진과 함께 입장하는 '오피셜 매치볼 캐리어'(OMBC)에 참가할 어린이를 선발하는 프로그램을 운영할 예정이다.\n\nOMBC는 기아가 국제축구연맹의 공식 후원사로서 고유 권한을 갖고 진행하는 프로그램으로, 기아는 이번 북중미 월드컵부터 OMBC에 선발된 어린이들이 직접 참가하는 'OMBC 컵'을 개최할 예정이다.\n\nOMBC 컵은 단순히 월드컵 경기 식전 행사에 참여하는 것을 넘어, 10개국에서 선발된 유소년 선수들이 세계 무대에서 자신의 잠재력을 시험하는 글로벌 유스 축구 대회이다.\n\n참가 선수들은 미래의 레전드가 되기를 꿈꾸며 월드컵의 열기 속에서 치열한 경기를 펼치게 된다. 특히 이번 대회의 일부 경기에는 축구 레전드들이 직접 참여해 멘토링과 영감을 제공할 예정이다.\n\n기아는 OMBC 컵을 통해 유소년 선수들의 꿈을 응원하고, 도전과 교류를 통한 글로벌 화합을 실현해 나갈 계획이다.\n\n기아는 이와 관련해 지난 5일진행된 조추첨과 연계한 캠페인 티저 영상을 공개했다. 이번에 공개된 영상은 OMBC 프로그램 관련 영상 2건을 비롯해 '더 넥스트 레전드' 캠페인 티저 등 총 3편이다.\n\nOMBC 프로그램 관련 티저 영상 '49번째 팀 추첨'와 '티에리 프레서'는 티에리 앙리가 월드컵 조추첨에서 49번째 참가팀으로 OMBC팀을 공개하고 언론에도 발표하는 영상으로 향후 진행될 OMBC 컵에 대한 기대감을 높였다.\n\n더 넥스트 레전드 티저는 월드컵 글로벌 앰버서더이자 최고의 축구 선수 중 한 명으로 꼽히는 레전드 '티에리 앙리'가 OMBC로 선발된 어린이를 축구 경기장에 데려다주며 응원하는 영상으로 기아의 영감을 통해 과거의 레전드와 미래의 레전드를 연결하는 동시에, 유소년 선수들에게 도전을 통한 성장의 기회와 꿈에 대한 동기를 부여하는 의미를 담았다.\n                    \n                        \n                            \n[IMG]\n\n                            \n                        \n                        사진=기아\n                    \n                이와 더불어 기아는 이번 월드컵을 맞아 차량 내에서도 월드컵의 열기를 경험할 수 있는 'FIFA 월드컵 2026 디스플레이 테마'를 이날 첫 공개했다.\n\n다채롭고 대담한 색감의 월드컵 공식 그래픽 디자인을 담은 '글로벌 테마'를 첫 번째로 공개한데 이어 개막 전까지 한국, 개최국, OMBC 컵 참가국 등 총 17종의 디스플레이를 순차적으로 배포할 계획이다.\n\n디스플레이 테마는 ccNC 인포테인먼트 시스템이 적용된 차량에서 이용할 수 있으며, 기아 커넥트 스토어에서 기간 한정으로 무료로 다운로드가 가능하다.\n\n류창승 기아 고객경험본부장 전무는 \"FIFA 월드컵은 단순한 스포츠 이벤트를 넘어 전 세계를 하나로 연결하는 문화적 축제\"라며 \"기아는 이번 캠페인을 통해 브랜드 메시지 '영감은 우리 모두를 연결합니다(Inspiration connects us all)'를 담아, 팬들에게 특별한 경험과 영감을 제공해 나갈 것\"이라고 밝혔다.\n\n최수진 한경닷컴 기자 naive@hankyung.com",
  "published_at": "2025-12-09T10:09:56+09:00",
  "author": "최수진",
  "image_urls": [
    "https://img.hankyung.com/photo/202512/01.42625208.1.jpg",
    "https://img.hankyung.com/photo/202512/01.42625207.1.jpg"
  ],
  "thumbnail_url": "https://img.hankyung.com/photo/202512/01.42625207.1.jpg",
  "content_url": "https://www.hankyung.com/article/202512092016g",
  "publisher": "한국경제",
  "analysis": {
    "companies": {
      "기아": {
        "original_mention": "기아",
        "mapped_name": "기아",
        "listing_status": "상장",
        "exchange": "KOSPI",
        "country": "Korea",
        "sentiment": "긍정",
        "sentiment_reason": "기아가 FIFA 월드컵 2026을 맞이해 글로벌 캠페인을 실시하고 다양한 프로그램을 통해 브랜드와 고객의 연결을 강화하려는 긍정적인 활동을 하고 있음.",
        "stock_code": "000270"
      },
      "FIFA": {
        "original_mention": "FIFA",
        "mapped_name": "FIFA",
        "listing_status": "비상장",
        "exchange": "",
        "country": "Other",
        "sentiment": "중립",
        "sentiment_reason": "FIFA는 기아의 글로벌 마케팅 활동의 파트너로서 언급됨.",
        "stock_code": null
      }
    },
    "relations": [
      {
        "source": "기아",
        "target": "FIFA",
        "relation_type": "파트너",
        "relation_reason": "기아는 FIFA의 공식 후원사로서 월드컵 관련 글로벌 마케팅 활동을 진행.",
        "source_is_listed": true,
        "source_country": "Korea",
        "source_ticker": "000270",
        "target_is_listed": false,
        "target_country": "Other",
        "target_ticker": null
      }
    ]
  }
}