{
  "title": "자전거로 출발한 기아, 글로벌 빅3로…위기마다 '도전 DNA' 빛났다",
  "description": "자전거로 출발한 기아, 글로벌 빅3로…위기마다 도전 DNA 빛났다, 정의선 기아 80년은 위대한 여정…도전 이어갈 것 창립 80주년 기념행사서 비전 제시 1998년 현대차 인수 이후 글로벌 메이커 도약 이끌어 혁신DNA·첨단 기술로 100년 향해 또다시 나아가자",
  "content": "[IMG]\n\n                            \n                        \n                        기아 콘셉트카 ‘비전 메타투리스모’ 첫 공개  이학영 국회부의장(왼쪽부터), 정의선 현대자동차그룹 회장, 송호성 기아 사장, 카림 하비브 기아 글로벌 디자인 담당 부사장이 5일 경기 용인 기아비전스퀘어에서 열린 ‘기아 창립 80주년 행사’에 참석해 미래 콘셉트카 ‘비전 메타 투리스모’ 앞에서 박수를 치고 있다. ﻿/이솔 기자\n                    \n                “기아의 미래는 도전입니다.”\n\n정의선 현대자동차그룹 회장은 5일 경기 용인 기아 비전스퀘어에서 열린 ‘기아 80주년 기념식’에서 “기아는 항상 도전을 통해 성장해 왔고, 앞으로도 이런 도전을 이어나갈 것”이라며 이같이 말했다. 기아는 1944년 12월 창립 이후 1960년, 1998년 두 차례 부도와 1981년 정부의 자동차산업 통폐합에 따른 승용차 사업 강제 철수 등 숱한 시련을 이겨내고 글로벌 메이커로 도약한 ‘도전의 DNA’를 갖고 있다. 1998년 현대차에 인수된 이후 정몽구 현대차그룹 명예회장의 ‘품질 경영’과 카니발 등 레저용차량(RV)을 앞세워 이듬해 흑자 전환에 성공했다. \n\n기아를 글로벌 메이커로 끌어올린 주역은 정 회장이다. 2005년 기아 사장을 맡아 ‘세계 3대 자동차 디자이너’로 꼽히던 피터 슈라이어 폭스바겐 디자인총괄을 영입해 ‘디자인 경영’에 나섰다. 이후 기아는 K5, K7 등 ‘K시리즈’ 세단과 스포티지R·쏘렌토R 등 ‘R시리즈’ 스포츠유틸리티차량(SUV)을 내놓으며 도약의 발판을 마련했다. 1999년 7조9310억원이던 기아 매출은 작년 107조4488억원으로 13배 늘었다.\n\n기아는 2021년 사명에서 ‘자동차’를 떼어냈다. 단순 자동차 메이커에서 벗어나 미래 모빌리티 기업으로 새로운 도전에 나서기 위해서다. 최근 내놓은 신개념 목적기반차량(PBV) ‘PV5’가 그런 예다. 기아의 이런 미래 비전은 이날 처음 공개한 미래 콘셉트카 ‘비전 메타투리스모’에도 담겼다.\n\n정 회장은 “기아의 80년은 한 편의 서사처럼 위대한 여정이었다”며 “80년 헤리티지를 가슴에 품고 100년을 향한 또하나의 위대한 여정으로 나아가자”고 말했다. 그는 자율주행 기술 경쟁에 대해 “(현대차그룹이) 조금 늦은 편이고, 중국과 테슬라가 잘하고 있다”면서도 “기술 격차보다 중요한 안전에 포커스를 둘 계획”이라고 했다.'최초'의 기록 써온 기아…\"100년 여정 항해 나아간다\"\n\"기아, 정제되지 않은 다이아몬드…잘 다듬어 훌륭한 보석 만들 것\"\n                    \n                        \n                            \n[IMG]\n\n                            \n                                    \n                                        \n                                    \n                                    이미지 크게보기\n                                \n                        \n                        \n                    \n                서울 영등포에 자전거 부품공장 ‘경성정공’의 간판이 걸린 건 해방을 8개월 앞둔 1944년 12월이었다. 자전거 바퀴조차 우리 손으로 못 만들던 시절, “가난을 추방하고 자주 국가를 세우는 길은 기계 공업 발전 뿐”이란 신념을 가진 39세 청년(기아 창업자 김철호)의 꿈은 80년 뒤 글로벌 ‘빅3’ 완성차 업체로 결실을 맺었다.\n\n기아는 두 번의 부도 위기와 회사 매각 등 숱한 시련을 매번 오뚝이처럼 이겨냈다. 김 창업자의 ‘기술자 정신’, 정몽구 현대차그룹 명예회장의 ‘품질경영’, 정의선 회장의 ‘혁신경영’라는 승부수가 있었기에 가능한 일이었다.\n\n정 회장은 5일 경기 용인 기아비전스퀘어에서 열린 ‘기아 창립 80주년 행사’에서 “기아의 80년은 위대한 여정이었다”며 “80년의 헤리티지를 가슴에 품고 100년을 향한 또 하나의 위대한 여정을 나아가겠다”고 했다. 전기차 캐즘(일시적 수요 정체)과 모빌리티 기술 경쟁 등 급변하는 산업 환경을 기아의 도전 정신으로 뚫겠다는 의미다.◇두 바퀴로 시작해 ‘봉고 신화’ 쓰다기아의 역사는 한국 자동차 산업의 역사와 궤를 같이 한다. “자전거가 완성되면 자동차를, 자동차가 완성되면 비행기를 만들겠다”던 김 창업자의 집념은 1952년 국내 최초 자전거 ‘3000리호’, 1962년 삼륜차 ‘K-360’, 1974년 첫 승용차 ‘브리사’로 이어졌다. ‘최초’ 타이틀은 늘 기아 몫이었다. 기술이 있었기 때문에 가능한 일이었다.\n\n예고 없이 찾아 온 시련을 이겨낸 힘도 기술이었다. 1980년대 초 정부의 산업 통폐합 조치로 승용차 생산이 금지되자, 기아는 일본 마쓰다의 모델을 한국 지형에 맞게 개량한 승합차 ‘봉고’를 출시했다. 소상공인의 발이 된 봉고 덕분에 기아는 3년 만에 적자를 탈출했다.\n\n1997년 외환위기는 더 혹독했다. 분식 회계와 무리한 사업 확장이 겹쳐 법정관리에 들어갔다. 1998년 현대차에 인수될 때만 해도 “부실 덩어리를 떠안았다”는 우려가 팽배했다. 구원투수로 나선 정 명예회장은 ‘품질 경영’을 내세웠다. “품질을 잃으면 모든 것을 잃는다”는 그의 철학은 현장에서 빛을 발했다.\n\n그는 한달에 한번씩 여의도 기아 사옥(현 현대캐피탈 사옥) 지하에서 직접 신차를 점검하고, ‘카니발’ 개발 당시엔 직접 3시간 넘게 차량을 점검해 와이퍼 소음 불량까지 잡아냈다. 철저한 품질 관리에 현대차의 부품 공급망이 더해지자 기아는 인수 이듬해인 1999년 흑자 전환하고 2000년 법정관리를 조기 졸업했다.◇‘3-less’를 없앤 정의선품질을 잡은 다음 스텝은 브랜드 정상화였다. 고장 나지 않는 차는 만들었지만, 소비자를 끌어들일 매력이 부족했기 때문이다. 2005년 기아 사장에 취임한 정의선 회장은 임직원들에게 “기아는 정체성(Homeless), 차별성(Edgeless), 열정(Spiritless)이 없다”고 일갈했다. 기아의 문제로 이른바 ‘3-less’를 꼽은 것이다.\n\n이후 정 회장은 폭스바겐 출신의 디자이너 피터 슈라이어를 영입하고 ‘디자인 경영’을 선포했다. 호랑이 코 그릴을 앞세운 ‘K시리즈’가 흥행하자 회사엔 ‘디자인의 기아’라는 수식어가 따라붙었다. 2021년에는 30년 간 써온 사명에서 ‘자동차’를 떼어내고 ‘기아’로 새 출발을 선언했다. 단순히 차를 파는 제조사를 넘어 미래 모빌리티 기업으로 거듭나겠다는 선언이었다. 정 회장은 이날 기아의 DNA에 대해 “기아는 정제되지 않은 다이아몬드”라며 “원초적으로 강하고 개성 있는 성질을 갖고 있는 만큼 잘 다듬으면 훌륭한 보석이 될 것”이라고 했다.\n\n정 회장은 “이번 행사는 임직원들이 과거를 정확히 알아야 현재와 미래를 생각할 수 있기에 마련한 것”이라고 말했다. 과거 봉고로 산업 합리화 조치를 뚫고 품질 경영으로 부도를 이겨냈듯 지금의 위기 역시 기아의 도전 정신으로 넘어서자는 주문이다. 송호성 기아 사장도 “위기 돌파의 열쇠를 ‘이동의 가치 실현’이라는 본질에서 찾겠다”며 “다양한 전기차와 목적기반차량(PBV) 모델을 활용해 국가 경제에 기여하는 100년 기업으로 나아가겠다”고 말했다.\n\n용인=양길성 기자/김보형/신정은 기자 vertigo@hankyung.com",
  "published_at": "2025-12-05T17:00:48+09:00",
  "author": "양길성/김보형/신정은",
  "image_urls": [
    "https://img.hankyung.com/photo/202512/AA.42592475.1.jpg",
    "https://img.hankyung.com/photo/202512/AA.42592450.1.jpg"
  ],
  "thumbnail_url": "https://img.hankyung.com/photo/202512/AA.42592450.1.jpg",
  "content_url": "https://www.hankyung.com/article/2025120568901",
  "publisher": "한국경제",
  "analysis": {
    "companies": {
      "기아": {
        "original_mention": "기아",
        "mapped_name": "기아",
        "listing_status": "상장",
        "exchange": "KOSPI",
        "country": "Korea",
        "sentiment": "긍정",
        "sentiment_reason": "기아는 도전 정신과 혁신 경영을 통해 글로벌 빅3로 성장하고 있으며, 미래 모빌리티 기업으로의 전환을 추진하고 있다.",
        "stock_code": "000270"
      },
      "현대자동차": {
        "original_mention": "현대차",
        "mapped_name": "현대자동차",
        "listing_status": "상장",
        "exchange": "KOSPI",
        "country": "Korea",
        "sentiment": "중립",
        "sentiment_reason": "현대차는 기아 인수 후 품질 경영을 통해 기아의 성장을 지원했다.",
        "stock_code": "005380"
      },
      "테슬라": {
        "original_mention": "테슬라",
        "mapped_name": "테슬라",
        "listing_status": "상장",
        "exchange": "NASDAQ",
        "country": "USA",
        "sentiment": "중립",
        "sentiment_reason": "테슬라는 자율주행 기술 경쟁에서 언급되었다.",
        "stock_code": "TSLA"
      }
    },
    "relations": [
      {
        "source": "기아",
        "target": "현대자동차",
        "relation_type": "파트너",
        "relation_reason": "현대차는 기아 인수 후 품질 경영을 통해 기아의 성장을 지원했다.",
        "source_is_listed": true,
        "source_country": "Korea",
        "source_ticker": "000270",
        "target_is_listed": true,
        "target_country": "Korea",
        "target_ticker": "005380"
      }
    ]
  }
}