{
  "title": "\"기아 80년, 실패의 역사도 기록해달라\"…정의선표 '헤리티지' 담았다 [현장+]",
  "description": "기아 80년, 실패의 역사도 기록해달라…정의선표 헤리티지 담았다, 기아 80년 사사 편찬 기념 행사 현대차그룹 합류 이후 첫 사사 기아 80년 역사 망라한 전시회도 송호성 사장 기아 자산 되새길것 정의선 회장 100년 향한 여정 함께",
  "content": "[IMG]\n\n                            \n                        \n                         정의선 현대차그룹 회장이 5일 경기 용인시 기아 비전스퀘어에서 열린 기아 80주년 기념식에서 발언하고 있다. 사진=연합\n                    \n                \"정의선 회장님의 당부는 첫째, 임직원이 친근하게 읽을 수 있도록 쉽게 써달라는 것이었습니다.\"\n\n이장규 현대차 사사(社史)편찬TFT 고문은 5일 용인 비전스퀘어에서 열린 '기아 80주년 기념행사'에서 사사 '기아 80년' 편찬 비화를 이 같이 밝혔다. 이 고문은 \"(정 회장이) 솔직하게 써달라고 주문했다. 자랑스러운 성공의 역사뿐만 아니라 실패의 역사도 에누리 없이 기록해달라고 했다\"고 전했다.\n\n정의선 현대차그룹 회장이 주도해 시작 단계에서부터 공을 들인 기아 80년 역사서는 기아가 현대차그룹에 합류한 이후 처음 발간된 것이다. 1994년 50주년 기아의 사사를 펴낸 이후 30년 만에 출간됐다. 1944년 경성정공 이래로 두 바퀴 자전거부터 삼륜차와 승용차, 전기차에서 목적기반차량(PBV)까지 기아의 성장사를 모두 담았다.\n                    \n                        \n                            \n[IMG]\n\n                            \n                        \n                        송호성 기아 사장이 5일 경기 용인 기아 비전스퀘어에서 열린 기아 80주년 기념식에서 발언하고 있다. 사진=연합\n                    \n                이날 기아 80주년 사사 편찬을 기념해 정 회장과 송호성 기아 사장 및 기아 전·현직 임직원 등 400여 명이 기념 행사에 참석했다. 송 사장과 정의철 기아 기업전략실 전무가 편찬된 사사를 공개하며 기념 세리머니를 하기도 했다.\n\n송 사장은 \"기아 80년 사사 편찬에서의 교훈을 바탕으로 창업 이래 이어 온 분발의 정신을 되새길 것\"이라며 \"정신적 자산을 포함한 기아의 헤리티지를 잘 간직해 미래로 나아갈 수 있는 원동력으로 삼겠다\"고 했다.\n\n정 회장은 \"기아는 한국 산업사에서 매우 특별하다\"며 \"기아는 저력으로 모든 역경을 이겨냈다. 앞으로 기아가 만들 미래를 생각하면 설렌다. 80년의 헤리티지를 가슴에 품고 100년을 향한 위대한 여정을 함께하고 싶다\"고 했다.\n                    \n                        \n                            \n[IMG]\n\n                            \n                        \n                        정의선 현대차그룹 회장(왼쪽 네번째), 송호성 기아 사장(왼쪽 다섯번째) 등 전 계열사 CEO 및 임원들이 5일 경기 용인 기아 비전스퀘어에서 열린 기아 80주년 기념식에서 기념 촬영하고 있다.  사진=연합\n                    \n                자전거부터 PV5까지...창립 80주년 기념 전시이날 행사가 진행된 비전스퀘어 1층에는 기아의 80년 역사를 한눈에 알아볼 수 있는 전시가 진행됐다.\n\n1952년 완성된 최초의 국산 자전거 '3000리호'를 비롯해 기아의 장수 모델인 1세대 '스포티지' 및 '카니발' 등 17대의 차량이 전시됐다.\n\n기아를 만든 김철호 창업자의 비전을 주제로 한 '바퀴와 유산', 봉고에서 PV5로 이어지는 '진화와 유산', 현지 생산 및 판매 전략에 기반해 세계로 뻗어간 기아의 이야기를 담은 '개척과 유산' 등 총 8개의 세부 공간으로 구성됐다.\n                    \n                        \n                            \n[IMG]\n\n                            \n                        \n                        \n                    \n                특히 전시 공간 '사람과 유산'은 '품질을 잃으면 모든 것을 잃는다'고 강조하며 품질 경영의 중요성을 강조했던 정몽구 현대차그룹 명예회장의 리더십 스토리와 기아의 대표 장수 모델 '스포티지'와 '카니발'을 조명한다. 이 공간은 기아와 소중한 일상을 함께 해온 고객들과 그 뒤에서 현대자동차그룹이 묵묵히 쌓아온 품질·글로벌 경영의 역사를 동시에 보여준다는 점에서 의미를 더했다.\n\n'움직임의 유산' 전시는 기념행사에 맞춰 5일 공개돼 2029년까지 운영될 예정이며, 추후 외부인도 전시를 관람할 수 있게 '고객 방문 특별 프로그램'을 마련할 방침이다.\n\n최수진 한경닷컴 기자 naive@hankyung.com",
  "published_at": "2025-12-05T14:39:25+09:00",
  "author": "최수진",
  "image_urls": [
    "https://img.hankyung.com/photo/202512/01.42590327.1.jpg",
    "https://img.hankyung.com/photo/202512/01.42590326.1.jpg",
    "https://img.hankyung.com/photo/202512/01.42590325.1.jpg",
    "https://img.hankyung.com/photo/202512/01.42590366.1.jpg"
  ],
  "thumbnail_url": "https://img.hankyung.com/photo/202512/01.42590329.1.jpg",
  "content_url": "https://www.hankyung.com/article/202512056108g",
  "publisher": "한국경제",
  "analysis": {
    "companies": {
      "기아": {
        "original_mention": "기아",
        "mapped_name": "기아",
        "listing_status": "상장",
        "exchange": "KOSPI",
        "country": "Korea",
        "sentiment": "긍정",
        "sentiment_reason": "기아의 80주년 기념행사와 역사서 발간을 통해 긍정적인 기업 이미지와 미래 비전을 강조함.",
        "stock_code": "000270"
      },
      "현대차그룹": {
        "original_mention": "현대차그룹",
        "mapped_name": "현대차그룹",
        "listing_status": "비상장",
        "exchange": "",
        "country": "Korea",
        "sentiment": "긍정",
        "sentiment_reason": "정의선 회장의 리더십과 현대차그룹의 품질 경영을 강조하며 긍정적인 이미지를 부각함.",
        "stock_code": null
      }
    },
    "relations": [
      {
        "source": "현대차그룹",
        "target": "기아",
        "relation_type": "파트너",
        "relation_reason": "현대차그룹의 품질 경영과 기아의 역사적 성과를 함께 강조하며 협력 관계를 부각함.",
        "source_is_listed": false,
        "source_country": "Korea",
        "source_ticker": null,
        "target_is_listed": true,
        "target_country": "Korea",
        "target_ticker": "000270"
      }
    ]
  }
}