{
  "title": "\"스마트글라스 쓰고 생생하게\"…기아, 콘셉트카 '비전 메타투리스모' 최초 공개",
  "description": "스마트글라스 쓰고 생생하게…기아, 콘셉트카 비전 메타투리스모 최초 공개, 기아 80주년 기념 행사서 콘셉트카 공개",
  "content": "[IMG]\n\n                            \n                        \n                        기아 미래 콘셉트카 '비전 메타투리스모' 사진=기아\n                    \n                기아는 5일 용인 비전스퀘어에서 열린 '기아 80주년 기념 행사'에서 새로운 모빌리티 시대를 맞이해 브랜드 방향성과 확고한 비전을 제시하는 미래 콘셉트카 '비전 메타투리스모'를 최초 공개했다.\n\n비전 메타투리스모는 역동적인 주행 성능과 여유로운 실내 공간을 결합해 이동의 개념을 단순한 주행에서 휴식과 소통으로 확장한 미래 콘셉트카다.\n\n기아는 1960년대 장거리 여행의 매력을 현대적으로 재해석해 운전의 즐거움, 디지털 기술을 활용한 새로운 경험, 그리고 편안한 휴식 공간 등을 콘셉트카에 담아냈다.\n                    \n                        \n                            \n[IMG]\n\n                            \n                        \n                        기아 미래 콘셉트카 '비전 메타투리스모' 사진=기아\n                    \n                외장 디자인은 기아의 디자인 철학을 바탕으로 부드러운 표면과 기하학적 요소를 반영한 미래지향적 실루엣을 선보였다.\n\n내장 디자인은 디지털 기술을 통해 인간과 모빌리티의 상호작용을 강화하며, 이동의 순간을 몰입감 넘치는 경험으로 바꿔주는 공간으로 구현했다.\n                    \n                        \n                            \n[IMG]\n\n                            \n                        \n                        기아 미래 콘셉트카 '비전 메타투리스모' 사진=기아\n                    \n                특히, 이번 콘셉트카는 증강현실(AR) 헤드업 디스플레이(HUD) 기술을 활용한 '스피드스터', '드리머', '게이머' 세 가지 디지털 주행 모드를 탑재했다.\n\nAR HUD는 운전자가 별도의 장비를 착용하지 않고, 차량에 탑재된 스마트 글라스를 이용해 가상의 그래픽을 실제 도로 위에 떠 있는 것처럼 입체적으로 볼 수 있는 기능이다.\n\n각 주행 모드는 AR HUD와 스마트 글라스를 바탕으로 동적인 조명, 실감 나는 사운드, 주변 환경을 활용한 가상 레이싱 등 다양한 요소를 결합해 상황에 따라 몰입감 있는 주행 경험을 제공할 예정이다.\n                    \n                        \n                            \n[IMG]\n\n                            \n                        \n                        기아 미래 콘셉트카 '비전 메타투리스모' 사진=기아\n                    \n                비전 메타투리스모의 여유로운 내부 공간은 운전자와 탑승자 모두에게 즐거움을 제공하는데, 기아는 이를 통해 기술적으로 진보한 모빌리티뿐만 아니라 영감을 주는 경험을 미래에도 지속적으로 선사하겠다는 의지를 담았다.\n\n카림 하비브 기아 글로벌 디자인 담당 부사장은 \"비전 메타투리스모는 역동적인 모빌리티와 사람 중심의 공간을 반영해 기아의 비전을 보여주는 모빌리티\"라며 \"앞으로도 기아는 기술적으로 앞선 모빌리티뿐만 아니라 감각을 자극하고 영감을 줄 수 있는 경험을 지속적으로 제공하겠다\"고 말했다.\n\n\n최수진 한경닷컴 기자 naive@hankyung.com",
  "published_at": "2025-12-05T11:11:40+09:00",
  "author": "최수진",
  "image_urls": [
    "https://img.hankyung.com/photo/202512/01.42586689.1.jpg",
    "https://img.hankyung.com/photo/202512/01.42586685.1.jpg",
    "https://img.hankyung.com/photo/202512/01.42586686.1.jpg"
  ],
  "thumbnail_url": "https://img.hankyung.com/photo/202512/01.42586689.1.jpg",
  "content_url": "https://www.hankyung.com/article/202512055267g",
  "publisher": "한국경제",
  "analysis": {
    "companies": {
      "기아": {
        "original_mention": "기아",
        "mapped_name": "기아",
        "listing_status": "상장",
        "exchange": "KOSPI",
        "country": "Korea",
        "sentiment": "긍정",
        "sentiment_reason": "미래 콘셉트카 '비전 메타투리스모'의 혁신적인 기술과 디자인 공개",
        "stock_code": "000270"
      }
    },
    "relations": []
  }
}