{
  "title": "현대모비스 이규석·현대제철 서강현…현대차그룹 사장단 인사",
  "description": "현대모비스 이규석·현대제철 서강현…현대차그룹 사장단 인사, 2023 현대차그룹 대표이사 사장단 인사 이규석 현대모비스 신임 사장, 부품 조달 성과 서강현 현대제철 신임 사장, 그룹 내 대표 재무통 미래사업 전환에 필요한 리더 발탁",
  "content": "[IMG]\n\n                            \n                        \n                        이규석 현대모비스 신임 사장. 사진=현대차그룹 제공.\n                    \n                현대차그룹은 17일 2023년 하반기 대표이사·사장단 임원 인사를 실시했다.\n\n현대차그룹은 현대차·기아 구매본부장 이규석 부사장과 현대차 기획재경본부장 서강현 부사장을 각각 사장으로 승진 인사하고, 현대모비스 대표이사에 이 사장을, 현대제철 대표이사에 서 사장을 선임했다.\n\n이번 인사는 사업 성과와 역량이 검증된 리더를 주요 그룹사의 신임 대표이사로 전진배치해, 성과 중심의 책임경영 체제를 강화하고 미래 핵심 전략 수립 및 실행을 가속화한 것이 특징이다.\n\n현대모비스는 대표이사 사장에 공급망 관리(SCM) 분야의 탁월한 전문성과 글로벌 역량을 갖춘 현대차·기아 이규석 부사장(구매본부장)을 승진, 내정했다.\n\n이 신임 사장은 팬데믹 및 국제정세 불안 등 어려운 경영환경에서 공급망 안정화를 위한 다각적 솔루션을 성공적으로 시행하는 등 그룹 내 구매 분야 최고 전문가다.\n\n특히 차량용 반도체 등 주요 부품 수급이 어려운 공급망 위기 상황에서 중요 전략 자재를 적시에 확보함으로써 완성차 및 차량부품의 생산 운영 최적화로 그룹 실적 개선의 기틀을 마련했다.\n\n이 사장은 차량 SCM 분야에 대한 높은 이해도와 탁월한 글로벌 역량을 바탕으로 변화와 혁신을 주도해, 소프트웨어 중심 모빌리티 기업으로의 전략적 전환 등 '뉴 모비스' 비전 아래 현대모비스가 추진 중인 신사업 전략 수립 및 실행을 가속화할 것으로 기대된다.\n                    \n                        \n                            \n[IMG]\n\n                            \n                        \n                        서강현 현대제철 신임 사장. 사진=현대차그룹 제공.\n                    \n                현대제철은 대표이사 사장에 현대차 재무·전략 부문을 이끈 서강현 부사장(기획재경본부장)을 승진, 내정했다.\n\n서 신임 사장은 현대차 최고재무책임자(CFO) 재임 기간에 회사가 매출·영업이익 등에서 최대 실적을 달성하는 등 괄목할 경영 성과를 거둔 그룹 내 대표적 재무 분야 전문가로 정평이 나 있다.\n\n서 사장은 재무구조 안정화 및 수익성 관리 등 재무적 성과뿐만 아니라, 2021년부터 현대차의 기획 부문도 겸임하면서 회사의 중장기 방향 수립 및 미래 관점의 투자 확대 등 사업 경쟁력 강화를 위한 전략적 의사결정의 핵심 역할을 수행했다.\n\n앞서 서 사장은 2019년부터 2020년까지 현대제철 CFO를 맡아 재무구조 개선 작업을 성공적으로 수행한 바 있는 만큼, 현대제철의 중장기 전략 수립과 함께 향후 신규 수요 발굴 및 제품 개발을 통한 수익성 확보 등 사업 구조 개선에 주력할 것으로 기대된다.\n\n한편, 조성환 현대모비스 사장과 안동일 현대제철 사장은 각각 현대차그룹 고문에 위촉됐다. 조 사장은 국제표준화기구(ISO)의 회장직을 2024년부터 2년간 수행할 예정이다.\n\n현대차그룹 관계자는 \"조직 운영의 안정성을 제고하고 글로벌 경영 환경에 민첩하게 대응하기 위한 인사\"라며 \"금번 대표이사·사장단 인사에 이어 내달 정기 임원 인사 등을 통해 그룹의 미래 사업 전환에 필요한 변화와 혁신을 주도할 리더 육성 및 발탁 등 과감한 인사를 이어 나갈 것\"이라고 말했다.\n\n이날 일부 계열사에 대한 사장단 인사를 먼저 낸 현대차그룹은 이후 순차적으로 사장단 인사를 단행할 가능성이 높다. 현대트랜시스, 현대위아, 현대로템 등 계열사 대표이사 교체 가능성도 있다.\n\n부사장 이하 임원 인사는 예년처럼 12월에 할 것으로 전망된다. 지난해처럼 40대를 대거 발탁해 미래 준비를 위한 성과중심의 인사 기조를 이어갈 것으로 보인다. 전기차, 소프트웨어 중심 자동차(SDV) 전환 등을 고려해 연구개발(R&amp;D) 인재를 중용할 가능성도 높다.\n\n노정동 한경닷컴 기자 dong2@hankyung.com",
  "published_at": "2023-11-17T10:21:32+09:00",
  "author": "노정동",
  "image_urls": [
    "https://img.hankyung.com/photo/202311/01.35095845.1.jpg",
    "https://img.hankyung.com/photo/202311/01.35095846.1.jpg"
  ],
  "thumbnail_url": "https://img.hankyung.com/photo/202311/01.35095845.1.jpg",
  "content_url": "https://www.hankyung.com/article/202311174171g",
  "publisher": "한국경제",
  "analysis": {
    "companies": {
      "현대모비스": {
        "original_mention": "현대모비스",
        "mapped_name": "현대모비스",
        "listing_status": "상장",
        "exchange": "KOSPI",
        "country": "Korea",
        "sentiment": "중립",
        "sentiment_reason": "신임 사장 임명 및 미래 전략 수립 기대",
        "stock_code": "012330"
      },
      "현대제철": {
        "original_mention": "현대제철",
        "mapped_name": "현대제철",
        "listing_status": "상장",
        "exchange": "KOSPI",
        "country": "Korea",
        "sentiment": "중립",
        "sentiment_reason": "신임 사장 임명 및 중장기 전략 수립 기대",
        "stock_code": "004020"
      },
      "현대차": {
        "original_mention": "현대차",
        "mapped_name": "현대자동차",
        "listing_status": "상장",
        "exchange": "KOSPI",
        "country": "Korea",
        "sentiment": "중립",
        "sentiment_reason": "사장단 인사 및 미래 사업 전환 기대",
        "stock_code": "005380"
      },
      "기아": {
        "original_mention": "기아",
        "mapped_name": "기아",
        "listing_status": "상장",
        "exchange": "KOSPI",
        "country": "Korea",
        "sentiment": "중립",
        "sentiment_reason": "사장단 인사 및 미래 사업 전환 기대",
        "stock_code": "000270"
      },
      "현대차그룹": {
        "original_mention": "현대차그룹",
        "mapped_name": "현대차그룹",
        "listing_status": "비상장",
        "exchange": "",
        "country": "Korea",
        "sentiment": "중립",
        "sentiment_reason": "사장단 인사 및 미래 사업 전환 기대",
        "stock_code": null
      }
    },
    "relations": [
      {
        "source": "현대모비스",
        "target": "현대차",
        "relation_type": "고객사",
        "relation_reason": "현대차의 부품 공급사로서의 역할",
        "source_is_listed": true,
        "source_country": "Korea",
        "source_ticker": "012330",
        "target_is_listed": true,
        "target_country": "Korea",
        "target_ticker": "005380"
      },
      {
        "source": "현대제철",
        "target": "현대차",
        "relation_type": "고객사",
        "relation_reason": "현대차의 철강 공급사로서의 역할",
        "source_is_listed": true,
        "source_country": "Korea",
        "source_ticker": "004020",
        "target_is_listed": true,
        "target_country": "Korea",
        "target_ticker": "005380"
      }
    ]
  }
}