{
  "title": "\"비행기인 줄\"…현대모비스 직원이 낸 아이디어 'EV9'에 구현 [영상]",
  "description": "비행기인 줄…현대모비스 직원이 낸 아이디어 EV9에 구현, 현대모비스, 파라볼릭 모션 글로브 박스 개발 항공기 수납함 구조에서 착안…사용성 개선 3년 전 사내 아이디어 공모전서 출발",
  "content": "[IMG]\n\n                            \n                        \n                        파라볼릭 모션 글로브 박스/영상=현대모비스\n                    \n                현대모비스가 전기차에 최적화된 글로브 박스를 개발해 기아의 대형 전기 스포츠유틸리티차량(SUV) EV9에 공급한다. 내연기관 차량 대비 글로브 박스 용량이 늘어났음에도 불구하고 사용 편의성을 개선한 것이 특징이다. 이 글로브 박스는 2021년 사내 공모전에서 수상한 아이디어를 구체화했다는 데 의미가 있다.\n\n현대모비스는 항공기 기내 수납함 구조에서 착안해 '파라볼릭 모션 글로브 박스'를 개발했다고 2일 밝혔다. 파라볼릭 모션은 포물선 궤적을 의미하는데, 항공기 좌석 위 짐칸이 움직이는 궤적과 같다. 기존 차량의 단순 회전식이나 커버 열림식 글로브 박스와 다르게 움직인다는 의미에서 붙여진 이름이다.\n\n자동차에서 글로브 박스는 조수석 무릎 쪽에 위치한 수납공간을 부를 때 쓰는 표현이다. 보통 차량 사용 설명서 등 소형 책자나 휴지, 선글라스, 접이식 우산 등을 넣어두는 용도로 사용된다.\n\n현대모비스는 최근 개발되는 전기차가 기존 내연 기관 차량과는 차량의 부품 패키지 구성이 다르다는 측면을 착안해 최적화된 글로브 박스를 개발했다. 엔진룸 등이 필요 없는 전기차는 공간의 활용도가 커지는데, 이에 따라 글로브 박스의 수납 용량도 확대가 가능하다.\n\n현대모비스는 전기차에 최적화된 글로브 박스를 개발하면서 수납 용량을 키웠다. 기존 내연기관 차량의 글로브 박스 용량이 보통 5.5ℓ 수준인데 현대모비스는 파라볼릭 모션 방식으로 바꾸면서 이 용량을 8ℓ 이상으로 늘렸다.\n\n현대모비스는 이 기술이 2021년 사내 공모전에서 금상을 받은 아이디어로, 구체적인 제품화 과정을 거쳐 양산까지 이어지게 됐다고 설명했다. 아이디어 제안 당시 전기차에 최적화된 글로브 박스 메커니즘 개발로 주목받기도 했다.\n\n현대모비스는 2019년부터 직원들의 자발적이고 창의적인 연구개발 문화 조성을 위해 미래 모빌리티 아이디어를 제안받고 있는데 올해 상반기까지 누적 아이디어만 3200여 건에 이른다.\n\n최재섭 현대모비스 의장모듈설계섹터장은 \"미래 모빌리티는 승객의 거주 공간을 재해석하는 것이 중요하다. 사용자 경험을 최우선으로 맞춤형 신기술을 지속해서 개발하겠다\"고 말했다.\n\n\n최수진 한경닷컴 기자 naive@hankyung.com",
  "published_at": "2023-08-02T11:22:19+09:00",
  "author": "최수진",
  "image_urls": [
    "https://img.hankyung.com/photo/202308/01.34129972.1.jpg"
  ],
  "thumbnail_url": "https://img.hankyung.com/photo/202308/01.34129972.1.gif",
  "content_url": "https://www.hankyung.com/article/202308029560g",
  "publisher": "한국경제",
  "analysis": {
    "companies": {
      "현대모비스": {
        "original_mention": "현대모비스",
        "mapped_name": "현대모비스",
        "listing_status": "상장",
        "exchange": "KOSPI",
        "country": "Korea",
        "sentiment": "긍정",
        "sentiment_reason": "전기차에 최적화된 글로브 박스를 개발하여 기아의 EV9에 공급한다는 긍정적인 뉴스",
        "stock_code": "012330"
      },
      "기아": {
        "original_mention": "기아",
        "mapped_name": "기아",
        "listing_status": "상장",
        "exchange": "KOSPI",
        "country": "Korea",
        "sentiment": "중립",
        "sentiment_reason": "현대모비스의 글로브 박스를 공급받는다는 중립적인 뉴스",
        "stock_code": "000270"
      }
    },
    "relations": [
      {
        "source": "현대모비스",
        "target": "기아",
        "relation_type": "공급사",
        "relation_reason": "현대모비스가 기아의 EV9에 글로브 박스를 공급",
        "source_is_listed": true,
        "source_country": "Korea",
        "source_ticker": "012330",
        "target_is_listed": true,
        "target_country": "Korea",
        "target_ticker": "000270"
      }
    ]
  }
}