{
  "title": "POSCO홀딩스, 그린본드 발행·기술 협업·수급 재평가로 상승 기대감",
  "description": "POSCO홀딩스, 그린본드 발행·기술 협업·수급 재평가로 상승 기대감, 증권",
  "content": "[IMG]\n\n                            \n                        \n                         \n                    \n                \n\nPOSCO홀딩스는 최근 글로벌 금융시장에서 새롭게 주목받고 있다. 먼저 해외 투자자들이 높은 관심을 보인 그린본드 발행은 기업의 친환경 전환 전략에 대한 시장의 신뢰를 강화한 대표적 이벤트였다. POSCO홀딩스는 에너지 소재와 신재생 인프라 투자 자금 조달을 위해 700백만 달러 규모의 글로벌 그린본드를 성공적으로 발행했으며, 예상보다 높은 수요에 힘입어 빠르게 완판된 것으로 알려졌다. 이 과정은 지속 가능한 경영과 ESG 중심 전략에 대한 시장 평가를 크게 끌어올렸다.\n\n기술 협업 측면에서도 긍정적 변화가 감지된다. POSCO홀딩스는 호주의 그린 수소 기업 ‘Hysata’와의 전해조 기술 공동 개발을 추진하고 있으며, 이는 향후 수소 경제 시대의 성장 동력으로 꼽히는 혁신 프로젝트에 대한 기대감을 자극했다. 전해조 소재와 시스템 기술 역량을 결합해 상업화 속도를 높이려는 이 전략은 ESG 트렌드가 실질 사업으로 이어지는 구조적 모멘텀으로 인식된다.\n\n기업 구조 개선과 수급 재평가도 흐름을 뒷받침한다. 해외 증권사 애널리스트들은 최근 POSCO홀딩스의 매출 회복과 함께 실적 기반 기업가치 재평가 가능성에 대한 리포트를 내놓고 있으며, 일부는 철강산업 내 경쟁사 대비 상대 강도(RS) 지표의 상승 여력을 언급하기도 했다. 내년 초 예정된 실적 발표도 중요한 분기점으로 꼽히고 있으며, 시장에서는 이를 통해 상승 주도권이 강화될 수 있다는 기대가 형성되고 있다.\n\n수출·투자 측면에서도 주목할 만한 진전이 있다. POSCO E&amp;C는 최근 태국 LNG 터미널 프로젝트 수주에 성공하며 인프라 사업에서의 해외 성과를 확보했으며, 이는 그룹의 비철강 부문 수익 확장 가능성을 증명했다. 이러한 프로젝트 중심 수익 기반 확대는 기업 리스크를 분산시키고 성장 잠재력을 강화하는 요소로 평가된다.\n\n다날, 우리금융지주, 한화시스템, 쿠콘, 삼성바이오로직스\n\n무료상담",
  "published_at": "2025-07-25T10:53:01+09:00",
  "author": "한국경제",
  "image_urls": [
    "https://img.hankyung.com/photo/202507/0D.41217607.1.png"
  ],
  "thumbnail_url": "https://img.hankyung.com/photo/202507/0D.41217607.1.png",
  "content_url": "https://www.hankyung.com/article/202507251304a",
  "publisher": "한국경제",
  "analysis": {
    "companies": {
      "POSCO홀딩스": {
        "original_mention": "POSCO홀딩스",
        "mapped_name": "POSCO홀딩스",
        "listing_status": "상장",
        "exchange": "Korea Exchange",
        "country": "Korea",
        "sentiment": "긍정",
        "sentiment_reason": "그린본드 발행과 기술 협업, 수급 재평가로 인한 긍정적 시장 반응",
        "stock_code": "005490"
      },
      "Hysata": {
        "original_mention": "Hysata",
        "mapped_name": "Hysata",
        "listing_status": "비상장",
        "exchange": "",
        "country": "Other",
        "sentiment": "중립",
        "sentiment_reason": "POSCO홀딩스와의 기술 협업으로 주목받음",
        "stock_code": null
      },
      "POSCO E&C": {
        "original_mention": "POSCO E&C",
        "mapped_name": "POSCO E&C",
        "listing_status": "비상장",
        "exchange": "",
        "country": "Korea",
        "sentiment": "긍정",
        "sentiment_reason": "태국 LNG 터미널 프로젝트 수주 성공",
        "stock_code": null
      },
      "다날": {
        "original_mention": "다날",
        "mapped_name": "다날",
        "listing_status": "상장",
        "exchange": "Korea Exchange",
        "country": "Korea",
        "sentiment": "중립",
        "sentiment_reason": "",
        "stock_code": "064260"
      },
      "우리금융지주": {
        "original_mention": "우리금융지주",
        "mapped_name": "우리금융지주",
        "listing_status": "상장",
        "exchange": "Korea Exchange",
        "country": "Korea",
        "sentiment": "중립",
        "sentiment_reason": "",
        "stock_code": "316140"
      },
      "한화시스템": {
        "original_mention": "한화시스템",
        "mapped_name": "한화시스템",
        "listing_status": "상장",
        "exchange": "Korea Exchange",
        "country": "Korea",
        "sentiment": "중립",
        "sentiment_reason": "",
        "stock_code": "272210"
      },
      "쿠콘": {
        "original_mention": "쿠콘",
        "mapped_name": "쿠콘",
        "listing_status": "상장",
        "exchange": "Korea Exchange",
        "country": "Korea",
        "sentiment": "중립",
        "sentiment_reason": "",
        "stock_code": "294570"
      },
      "삼성바이오로직스": {
        "original_mention": "삼성바이오로직스",
        "mapped_name": "삼성바이오로직스",
        "listing_status": "상장",
        "exchange": "Korea Exchange",
        "country": "Korea",
        "sentiment": "중립",
        "sentiment_reason": "",
        "stock_code": "207940"
      }
    },
    "relations": [
      {
        "source": "POSCO홀딩스",
        "target": "Hysata",
        "relation_type": "파트너",
        "relation_reason": "전해조 기술 공동 개발 추진",
        "source_is_listed": true,
        "source_country": "Korea",
        "source_ticker": "005490",
        "target_is_listed": false,
        "target_country": "Other",
        "target_ticker": null
      }
    ]
  }
}