{
  "title": "오전 이슈 [철강] : 하이스틸, 동양철관, 세아제강, POSCO홀딩스, 대동스틸",
  "description": "오전 이슈 [철강] : 하이스틸, 동양철관, 세아제강, POSCO홀딩스, 대동스틸, 증권",
  "content": "라씨 매매비서 (주식AI앱) 매일 장전부터 장마감까지 시간별로 업데이트되는 오늘의 이슈\n 오전 이슈 : 철강 이슈 버블 차트\n \n                    \n                        \n                            \n[IMG]\n\n                            \n                        \n                         \n                    \n                 7/23 오전 10:10 기준  \n 버블 차트 클릭시 앱을 쉽게 다운 받을 수 있습니다. \n 다운이 안될 경우, 구글플레이 또는 앱스토어에서 라씨 매매비서를 검색하세요.\n\n 오전 핫이슈 : 철강 \n\n\n                    \n                        \n                            \n[IMG]\n\n                            \n                        \n                         \n                    \n                \n\n\n  철강 연관 종목 \t\t\t\t\t\t연관종목\t\t\t등락률\t\t\tAI매매신호상태\t\t\t\t\t\t\t#하이스틸\t\t\t15.28%\t\t\t[관망중]\t\t\t\t\t\t\t#동양철관\t\t\t7.05%\t\t\t[보유중]\t\t\t\t\t\t\t#세아제강\t\t\t5.52%\t\t\t[보유중]\t\t\t\t\t\t\t#POSCO홀딩스\t\t\t4.33%\t\t\t[보유중]\t\t\t\t\t\t\t#대동스틸\t\t\t4.27%\t\t\t[보유중]\t\t\t  \n ▶ 종목별 AI매매신호 매매내역 자세히 보기  ▶ 오전 핫 이슈 및 오늘의 이슈 전체 보기  \n\n                    \n                        \n                            \n[IMG]\n\n                            \n                        \n                         \n                    \n                \n차트 클릭시 앱을 쉽게 다운 받으실 수 있습니다. \n\n 철강 이슈 내용 요약 : 트럼프 “일본과 무역… 핵심 내용:  • 트럼프 미국 대통령, 일본과 무역 협상 완료 발표\n • 일본, 미국에 5,500억 달러 투자 예정…일자리 수십만 개 창출 예상\n • 자동차·트럭·쌀 등 일부 농산물 시장 일본이 개방하기로\n • 미국의 대일 관세율은 25%에서 15%로 낮춰져 상호 적용\n 요약 내용: 도널드 트럼프 미국 대통령은 일본과의 무역 협상이 완료됐다고 발표했다. 일본은 미국에 5,500억 달러를 투자하고, 자동차와 농산물 시장을 개방하기로 했다. 미국의 일본에 대한 관세는 기존 25%에서 15%로 낮아졌으며, 이는 상호관세로 적용된다. \n ▶ 이슈 내용 자세히 보기  \n ※ [철강] 이슈 관련 종목 : 하이스틸, 동양철관, 세아제강, POSCO홀딩스, 대동스틸\n ※ AI 관심 종목 : 풀무원, 넥스틸, 기아, 포스코인터내셔널, 한국가스공사 [ ▶ AI 관심 종목 매매내역 자세히 보기 ]\n \n                    \n                        \n                            \n[IMG]\n\n                            \n                        \n                         \n                    \n                \n 안녕하세요? 주식AI 라씨 매매비서 입니다.\n 자본시장법 개정으로 인해 주식투자자들의 피해가 많았던 주식리딩방, 유튜브, 증권방송에 대해 규제가 강화 되었다.\n 때문에 요즘 주식투자의 트렌드로 주식AI매매 이용이 주식 투자자들에게 필수앱으로 올라섰다.\n 여의도 증권가에서는 주식AI앱인 라씨 매매비서를 투자 정보로 적극 활용 하고 있다.\n\n 라씨매매비서는 ETF까지 코스피, 코스닥은 물론 ETF까지 전 종목에 대해 AI매매신호를 실시간 발생한다.\n 라씨매매비서를 이용하는 사람들은 한번에 최대 500종목까지 발생 신호를 실시간으로 받아 볼 수 있다.\n 또한 개별 종목에서 나의 보유 매수가를 입력하면, 나만의 매도신호도 개별적으로 받을 수 있다.\n\n 라씨매매비서는 무료로 AI매매신호 내역을 1초 회원가입으로 암호화된 아이디외 다른 정보를 수집하지도 않아, 내 개인정보도 지킬 수 있다.\n 로그인 후에는 매일 5종목에 대해서 무료로 AI매매내역을 100% 볼 수 있으니, 종목 정보 활용도가 매우 좋다.\n\n 라씨매매비서는 SBS방송 출연을 SBS 세기의대결 주식투자 AI VS 인간 대결에 출연한 바로 그 AI가 탑재 되어 있다.\n 현재는 더욱 학습되어 고도화된 AI매매신호를 발생하고 있어, 이용자들의 호응이 아주 크다.\n\n  \n QR코드를 카메라로 찍으면 앱을 쉽게 다운로드 할 수 있습니다. \n  \n                    \n                        \n                            \n[IMG]\n\n                            \n                        \n                         \n                    \n                 라씨매매비서앱은 구글플레이, 애플 앱스토어에서 무료로 다운로드 됩니다. \n\n                    \n                        \n                            \n[IMG]\n\n                            \n                        \n                         \n                    \n                프리미엄 서비스 22% 상시 할인 행사중!! ( 최대 500종목 AI매매신호 실시간 받기 가능 )\n\n\n                    \n                        \n                            \n[IMG]\n\n                            \n                        \n                         \n                    \n                \n이미지 클릭 시 앱을 쉽게 다운 받을 수 있습니다.\n\n 무료상담",
  "published_at": "2025-07-23T12:00:01+09:00",
  "author": "NEWSFLOW",
  "image_urls": [
    "https://img.hankyung.com/photo/202507/0D.41197286.1.jpg",
    "https://img.hankyung.com/photo/202507/0D.41197287.1.jpg",
    "https://img.hankyung.com/photo/202507/0D.41197288.1.jpg",
    "https://img.hankyung.com/photo/202507/0D.41197289.1.png",
    "https://img.hankyung.com/photo/202507/0D.41197290.1.jpg",
    "https://img.hankyung.com/photo/202507/0D.41197291.1.jpg",
    "https://img.hankyung.com/photo/202507/0D.41197292.1.jpg"
  ],
  "thumbnail_url": "https://img.hankyung.com/photo/202507/0D.41197286.1.jpg",
  "content_url": "https://www.hankyung.com/article/202507236588a",
  "publisher": "한국경제",
  "analysis": {
    "companies": {
      "하이스틸": {
        "original_mention": "하이스틸",
        "mapped_name": "하이스틸",
        "listing_status": "상장",
        "exchange": "",
        "country": "Korea",
        "sentiment": "중립",
        "sentiment_reason": "철강 이슈 관련",
        "stock_code": "071090"
      },
      "동양철관": {
        "original_mention": "동양철관",
        "mapped_name": "동양철관",
        "listing_status": "상장",
        "exchange": "",
        "country": "Korea",
        "sentiment": "중립",
        "sentiment_reason": "철강 이슈 관련",
        "stock_code": "008970"
      },
      "세아제강": {
        "original_mention": "세아제강",
        "mapped_name": "세아제강",
        "listing_status": "상장",
        "exchange": "",
        "country": "Korea",
        "sentiment": "중립",
        "sentiment_reason": "철강 이슈 관련",
        "stock_code": "306200"
      },
      "POSCO홀딩스": {
        "original_mention": "POSCO홀딩스",
        "mapped_name": "POSCO홀딩스",
        "listing_status": "상장",
        "exchange": "",
        "country": "Korea",
        "sentiment": "중립",
        "sentiment_reason": "철강 이슈 관련",
        "stock_code": "005490"
      },
      "대동스틸": {
        "original_mention": "대동스틸",
        "mapped_name": "대동스틸",
        "listing_status": "상장",
        "exchange": "",
        "country": "Korea",
        "sentiment": "중립",
        "sentiment_reason": "철강 이슈 관련",
        "stock_code": "048470"
      }
    },
    "relations": []
  }
}