{
  "title": "셀트리온, 美서 '스토보클로-오센벨트' 오리지널 의약품과 상호교환성 지위 획득",
  "description": "셀트리온, 美서 스토보클로-오센벨트 오리지널 의약품과 상호교환성 지위 획득, 셀트리온 유플라이마 오리지널 의약품과 상호교환성 입증",
  "content": "[IMG]\n\n                            \n                        \n                        \n                    \n                셀트리온은 미국 식품의약국(FDA)으로부터 골 질환 치료제 ‘프롤리아-엑스지바(성분명: 데노수맙)’ 바이오시밀러 ‘스토보클로(STOBOCLO)-오센벨트(OSENVELT)’의 상호교환성 지위를 추가로 획득했다고 30일 밝혔다.\n\n상호교환성은 의사의 개입 없이 오리지널 의약품을 약국 단계에서 대체 의약품(바이오시밀러)으로 처방할 수 있게 되는 지위를 의미한다.\n\n셀트리온은 올해 2월 FDA로부터 ‘스토보클로-오센벨트’의 품목허가를 받고 약 8개월 만에 미국 내 상호교환성 지위를 추가로 확보했다.\n\n이번 승인을 통해 스토보클로-오센벨트는 폐경 후 여성의 골다공증, 골전이 암 환자의 골격계 합병증 예방, 골거대세포종 등 각각의 오리지널 의약품이 보유한 전체 적응증(Full Label)에 대해 상호교환성 지위를 인정받았다.\n\n스토보클로와 오센벨트의 오리지널 제품인 프롤리아-엑스지바는 지난해 두 제품 연간 합산 글로벌 매출액이 약 65억 9900만 달러(한화 약 9조 2000억원)에 달하며, 이 중 미국 시장 매출은 약 43억 9200만 달러(한화 약 6조 1500억원)로 전체의 약 67%를 차지한다.\n\n셀트리온은 2024년 11월 스토보클로와 오센벨트의 국내 허가를 시작으로, 올해 2월 유럽과 미국에서 잇따라 품목허가를 획득했다. 이어 호주와 캐나다에서도 허가를 추가하며 글로벌 주요국에서 순차적으로 허가 승인을 이어가고 있다. 미국에서는 7월 초 제품 출시를 통해 본격적인 시장 공략에 나섰다.\n\n오현아 기자 5hyun@hankyung.com",
  "published_at": "2025-10-30T15:32:05+09:00",
  "author": "오현아",
  "image_urls": [
    "https://img.hankyung.com/photo/202510/01.42221114.1.jpg"
  ],
  "thumbnail_url": "https://img.hankyung.com/photo/202510/01.42221114.1.jpg",
  "content_url": "https://www.hankyung.com/article/202510303369i",
  "publisher": "한국경제",
  "analysis": {
    "companies": {
      "셀트리온": {
        "original_mention": "셀트리온",
        "mapped_name": "셀트리온",
        "listing_status": "상장",
        "exchange": "KOSDAQ",
        "country": "Korea",
        "sentiment": "긍정",
        "sentiment_reason": "미국 FDA로부터 바이오시밀러의 상호교환성 지위를 획득하여 긍정적인 시장 반응 예상",
        "stock_code": "068270"
      }
    },
    "relations": []
  }
}