{
  "title": "셀트리온 1000억원 규모 자사주 추가 매입 결정",
  "description": "셀트리온 1000억원 규모 자사주 추가 매입 결정, 올들어 9차례 8500억 자사주 매입, 9000억 자사주 소각 서정진 회장과 셀트리온스킨큐어도 7월까지 1000억 취득 임직원도 400억원 규모의 우리 사주 매입 동참",
  "content": "셀트리온은 이사회를 통해 약 1000억원 규모의 추가 자사주 매입을 결정했다고 17일 밝혔다. 이번 매입은 이달 18일부터 장내매수 방식으로 진행될 예정으로, 연내 취득을 마무리한다는 계획이다.\n\n 셀트리온 관계자는 \"기업의 내재 가치가 성장 잠재성에 비해 시장에서 저평가되고 있다는 판단에 따라 자사주 매입 결정을 이어가고 있다\"고 밝혔다. 또 \"주가 안정과 주주가치 제고를 목표로 삼고 자사주 매입과 소각 등 주주친화 정책을 지속적으로 실행하고 있다\"고 강조했다. 이번 결정을 포함하면 올해 9차례에 걸친 자사주 매입 규모는 약 8500억원, 자사주 소각 규모는 약 9000억원에 이른다.\n\n 최고경영진을 비롯한 지주사와 계열사, 임직원도 적극적으로 힘을 보태며 그룹 차원의 주주가치 제고에 총력을 다하고 있다. 셀트리온홀딩스는 올해  6월 초까지 약  1200억원 규모의 셀트리온 주식 매입을 완료한 후, 추가로  5000억원 규모의 주식 매입을 추진하고 있다. 이중  9월까지  2620억원 규모의 주식 취득을 완료한 데 이어 최근 1250억원 규모의 추가 매입 계획을 발표하고 내달 초부터 취득에 나설 예정이다. 계획된  5000억원 중 남은 약 1250억원 규모 매입도 연내 취득을 완료한다는 계획이다.\n\n 앞서 서정진 셀트리온그룹 회장과 셀트리온스킨큐어도 7월까지 장내에서 각각  500억원 규모의 주식 취득하며 주주가치 제고에 힘을 보탰다. 임직원들도 약 400억원 규모의 우리사주 매입에 동참했다. 회사 관계자는 “후속 바이오시밀러 제품의 순차적 출시에 따른 매출 확대와 신약개발 성과를 통해 장기적인 성장 잠재력을 현실화하고 글로벌 경쟁력을 강화해 주주가치 제고에 최선을 다하겠다”고 말했다.\n\n안대규 기자 powerzanic@hankyung.com",
  "published_at": "2025-09-17T10:51:00+09:00",
  "author": "안대규",
  "image_urls": [],
  "thumbnail_url": "https://static.hankyung.com/img/logo/logo-news-sns.png?v=20201130",
  "content_url": "https://www.hankyung.com/article/202509179177i",
  "publisher": "한국경제",
  "analysis": {
    "companies": {
      "셀트리온": {
        "original_mention": "셀트리온",
        "mapped_name": "셀트리온",
        "listing_status": "상장",
        "exchange": "KOSDAQ",
        "country": "Korea",
        "sentiment": "긍정",
        "sentiment_reason": "자사주 매입을 통해 주가 안정과 주주가치 제고를 목표로 하고 있음",
        "stock_code": "068270"
      },
      "셀트리온홀딩스": {
        "original_mention": "셀트리온홀딩스",
        "mapped_name": "셀트리온홀딩스",
        "listing_status": "비상장",
        "exchange": "",
        "country": "Korea",
        "sentiment": "긍정",
        "sentiment_reason": "셀트리온 주식 매입을 통해 주주가치 제고에 기여",
        "stock_code": null
      },
      "셀트리온스킨큐어": {
        "original_mention": "셀트리온스킨큐어",
        "mapped_name": "셀트리온스킨큐어",
        "listing_status": "비상장",
        "exchange": "",
        "country": "Korea",
        "sentiment": "긍정",
        "sentiment_reason": "주식 취득을 통해 주주가치 제고에 기여",
        "stock_code": null
      }
    },
    "relations": [
      {
        "source": "셀트리온홀딩스",
        "target": "셀트리온",
        "relation_type": "지주사",
        "relation_reason": "셀트리온홀딩스가 셀트리온 주식을 매입하여 주주가치 제고에 기여",
        "source_is_listed": false,
        "source_country": "Korea",
        "source_ticker": null,
        "target_is_listed": true,
        "target_country": "Korea",
        "target_ticker": "068270"
      },
      {
        "source": "셀트리온스킨큐어",
        "target": "셀트리온",
        "relation_type": "계열사",
        "relation_reason": "셀트리온스킨큐어가 셀트리온 주식을 취득하여 주주가치 제고에 기여",
        "source_is_listed": false,
        "source_country": "Korea",
        "source_ticker": null,
        "target_is_listed": true,
        "target_country": "Korea",
        "target_ticker": "068270"
      }
    ]
  }
}