{
  "title": "삼성家 총출동한 날…이재용 회장, 모친 홍라희 삼성물산 지분 넘겨받았다",
  "description": "삼성家 총출동한 날…이재용 회장, 모친 홍라희 삼성물산 지분 넘겨받았다, 김봉구 기자, 경제",
  "content": "[IMG]\n\n                            \n                        \n                        지난달 28일 해군 사관후보생 임관식에 참석한 이재용 회장(왼쪽)과 홍라희 명예관장. / 사진=뉴스1\n                    \n                이재용 삼성전자 회장이 어머니 홍라희 리움미술관 명예관장으로부터 그룹 지주사 격인 삼성물산 지분을 전량 넘겨받는다. 삼성물산 최대주주인 이 회장의 지분율은 20%를 돌파하게 됐다.\n\n삼성물산은 홍 명예관장이 보유한 삼성물산 주식 전량(180만8577주·지분율 기준 1.06%)을 이 회장에게 증여한다고 2일 공시했다. 증여일은 내년 1월2일이다.\n\n업계에 따르면 모자는 지난달 28일 이 같은 내용이 담긴 증여(수증) 계약을 체결했다. 이 회장 아들 지호 씨(24)의 해군·해병대 사관후보생 수료 및 임관식에 홍 명예관장과 이 회장, 이서현 삼성물산 사장 등 삼성가(家)가 대거 참석한 날이었다.\n\n삼성물산 지분 19.93%(3388만220주·보통주)를 보유 중인 이 회장은 내년 초 수증이 완료되면 지분율이 21%로 늘어난다. 이 회장의 그룹 지배력이 한층 탄탄해진다는 얘기다.\n\n김봉구 한경닷컴 기자 kbk9@hankyung.com",
  "published_at": "2025-12-02T19:35:16+09:00",
  "author": "김봉구",
  "image_urls": [
    "https://img.hankyung.com/photo/202512/ZN.42518274.1.jpg"
  ],
  "thumbnail_url": "https://img.hankyung.com/photo/202512/ZN.42518274.1.jpg",
  "content_url": "https://www.hankyung.com/article/202512029520g",
  "publisher": "한국경제",
  "analysis": {
    "companies": {
      "삼성전자": {
        "original_mention": "삼성전자",
        "mapped_name": "삼성전자",
        "listing_status": "상장",
        "exchange": "KOSPI",
        "country": "Korea",
        "sentiment": "중립",
        "sentiment_reason": "기사에서 삼성전자의 직접적인 긍정 또는 부정적 언급이 없음",
        "stock_code": "005930"
      },
      "삼성물산": {
        "original_mention": "삼성물산",
        "mapped_name": "삼성물산",
        "listing_status": "상장",
        "exchange": "KOSPI",
        "country": "Korea",
        "sentiment": "긍정",
        "sentiment_reason": "이재용 회장이 삼성물산 지분을 추가로 확보하여 그룹 지배력이 강화됨",
        "stock_code": "028260"
      }
    },
    "relations": []
  }
}