{
  "title": "\"한화보단 삼성물산·LG…떨어질 위험 적다\"",
  "description": "한화보단 삼성물산·LG…하락 위험 적다, 실적보단 불확실성 해소 삼성물산·LG 편안한 구간 [와우퀵] 투자정보 플랫폼",
  "content": "지주사 주가와 관련해 실적보단 상법 개정안과 정치 불확실성이 더 큰 영향을 미친다는 분석이 제기됐다.\n\n11일 한국경제TV에서 은경환 신한투자증권 연구원은 \"지주사는 실적이 다른 업종 대비 중요하지는 않다\"며 \"연결 자회사들의 실적이 거의 단순 합산되고, 실적 부진이 주가로 연결되지 않을 것\"이라고 평가했다.\n\n은 연구원은 \"상법개정안. 다음에 정치 불확실성 해소 이런 이슈들에 주목해야 한다\"고 강조했다.\n\n은 연구원은 \"하방 리스크가 제한적이고 상법개정안, 행동주의 등에 노출이 되어 있는 삼성물산이나 LG 같은 기업들이 투자하기 편안한 구간에 있다\"고 언급했다.\n\n다만, 한화와 관련해서는 \"주가가 많이 올랐고 한화오션, 한화에어로스페이스 주가가 워낙 좋다\"면서도 \"(최근) 장을 고려해야 하는 만큼 보수적인 관점에서 봐야 한다\"고 설명했다.\n\n● 핵심 포인트\n\n- 지주사의 주가는 연결 자회사들의 실적과는 크게 상관없음.\n\n- 대신, 상법 개정안 및 정치 불확실성 해소 여부가 중요함.\n\n- 현시점에서는 하방 리스크가 제한적인 삼성물산과 LG를 추천함.\n                    \n                        \n                            \n[IMG]\n\n                            \n                        \n                        \n                    \n                이민재기자 tobemj@wowtv.co.kr",
  "published_at": "2025-03-11T15:03:00+09:00",
  "author": "이민재 기자 tobemj@wowtv.co.kr",
  "image_urls": [
    "https://img.hankyung.com/photo/202503/B20250311145622590.jpg"
  ],
  "thumbnail_url": "https://img.hankyung.com/photo/202503/B20250311145622590.jpg",
  "content_url": "https://www.hankyung.com/article/2025031167825",
  "publisher": "한국경제",
  "analysis": {
    "companies": {
      "삼성물산": {
        "original_mention": "삼성물산",
        "mapped_name": "삼성물산",
        "listing_status": "상장",
        "exchange": "KOSPI",
        "country": "Korea",
        "sentiment": "긍정",
        "sentiment_reason": "하방 리스크가 제한적이고 투자하기 편안한 구간에 있다는 평가",
        "stock_code": "028260"
      },
      "LG": {
        "original_mention": "LG",
        "mapped_name": "LG",
        "listing_status": "상장",
        "exchange": "KOSPI",
        "country": "Korea",
        "sentiment": "긍정",
        "sentiment_reason": "하방 리스크가 제한적이고 투자하기 편안한 구간에 있다는 평가",
        "stock_code": "003550"
      },
      "한화": {
        "original_mention": "한화",
        "mapped_name": "한화",
        "listing_status": "상장",
        "exchange": "KOSPI",
        "country": "Korea",
        "sentiment": "부정",
        "sentiment_reason": "주가가 많이 올랐고 보수적인 관점에서 봐야 한다는 평가",
        "stock_code": "000880"
      },
      "신한지주": {
        "original_mention": "신한투자증권",
        "mapped_name": "신한지주",
        "listing_status": "상장",
        "exchange": "KOSPI",
        "country": "Korea",
        "sentiment": "중립",
        "sentiment_reason": "지주사의 실적이 주가에 크게 영향을 미치지 않는다는 평가",
        "stock_code": "055550"
      }
    },
    "relations": [
      {
        "source": "한화",
        "target": "한화오션",
        "relation_type": "고객사",
        "relation_reason": "한화오션 주가가 좋다는 언급",
        "source_is_listed": true,
        "source_country": "Korea",
        "source_ticker": "000880",
        "target_is_listed": true,
        "target_country": "Korea",
        "target_ticker": null
      },
      {
        "source": "한화",
        "target": "한화에어로스페이스",
        "relation_type": "고객사",
        "relation_reason": "한화에어로스페이스 주가가 좋다는 언급",
        "source_is_listed": true,
        "source_country": "Korea",
        "source_ticker": "000880",
        "target_is_listed": true,
        "target_country": "Korea",
        "target_ticker": null
      }
    ]
  }
}