{
  "title": "1조 벌고 떠난 어피너티…매력 커진 신한지주 [마켓딥다이브]",
  "description": "1조 벌고 떠난 어피너티…매력 커진 신한지주, 어피너티, 신한지주 지분 1.94% 블록딜 5년전 유상증자 이후 주가 100% 상승 올해 최대 실적 전망…주주환원도 강화",
  "content": "영상 모듈 닫기\n                            \n                        \n                    \n                    \n                        \n                        $(function(){\n                            $('#floatingVideo button').on('click', function(){\n                                $('#floatingVideo').removeClass('active').addClass('stop');\n\n                            });\n    \n                            \n                            var videoHeight = $('#floatingVideo').height();\n                            $(window).on('scroll', function(){\n                                if($('#floatingVideo').hasClass('stop')){\n                                    return false;\n                                }\n                                var videoTop = $('#floatingVideo').offset().top;\n                                var scrTop = $(window).scrollTop();\n                                if( scrTop \n                    \n&lt;앵커&gt;\n\n글로벌 사모펀드인 어피너티에쿼티파트너스(어피너티)가 어제 남은 신한지주 지분을 모두 매각했습니다. 주가를 짓누르던 오버행(잠재적 매도물량) 리스크가 해소된 데다, 실적 개선까지 맞물리며 신한지주의 주가 추가 상승에도 관심이 쏠리는데요. 마켓딥다이브 최민정 기자가 정리합니다.\n\n&lt;기자&gt;\n\n신한지주 주가의 상승으로 바쁘진 곳이 있죠. 바로 어피너티에쿼티파트너스인데요. \n\n어피너티는 지난 24일 장 마감 이후 신한지주 보유 지분 1.94%를 시간 외 대량매매(블록딜)로 처분했습니다. 24일 종가(6만 1천 원)와 비교해 2.25% 할인된 가격인데요. 블록딜로 5,800억 원의 현금을 손에 쥐게 됐습니다.\n\n어피너티는 신한지주 주식을 얼마에 사들였을까요? 지난 2020년 신한지주 유상증자에 참여하면서 주당 2만 9,600원에 매입했는데요. 총 6,050억 원을 투자했는데요.\n\n이후 작년 1월과 2월 두 차례에 걸쳐 1,050주를 4,500억 원에 매각했고 이번에 남은 지분을 모두 정리하며 1조 300억 원을 벌어들인 겁니다.\n\n어피너티와 함께 투자한 EQT파트너스(옛 베어링PE) 역시 작년 3월에 보유 지분을 정리한 바 있는데요. 이제 신한지주에 남은 사모펀드 지분은 3.7%를 보유한 IMM프라이빗에쿼티(PE)가 유일합니다.\n\n업계 관계자는 \"IMM PE의 경우 주당 매수 가격이 4만 원대로, 다른 사모펀드에 비해 높은 가격에 매수했다\"며 \"장기 보유에 더 무게를 두고 있다\"고 설명했습니다.\n\n2020년 다른 사모펀드가 인수한 가격(2만 9,600원)과 비교해 현재 신한지주의 주가는 100% 넘게 올랐는데요. 특히 작년부터 시행된 밸류업 프로그램으로 주주환원이 강화됐고, 여기에 실적 개선까지 이뤄지며 주가 상승을 이끌었습니다.\n\n실제 신한지주는 5조 원에 육박하는 실적을 내며 올해 창사 이래 최대 순이익을 기록할 것으로 전망되는데요.\n\n최근 원·달러 환율이 내려, 외화자산 환산액이 감소해 위험가중자산이 줄어들고, 주주환원의 기반이 되는 보통주자본(CET1) 비율도 개선됐습니다. \n\n증권가에선 주주환원율 상향 가능성도 높다고 평가하는데요.\n\n오늘 8월 소각 예정이었던 5천억 원 규모의 자사주를 소각합니다. 올해 1월 물량까지 포함하면 상반기에만 6,500억 원 규모의 신한지주 유통 주식이 사라지는 건데요. 하반기 4천억 원의 자사주 매입 및 소각까지 기대되는 상황입니다.\n\n높은 주주환원율과 역대급 실적에 비해 주가순자산비율은 0.5배 수준에 머물러있는데요.\n\n실제 KB금융에 비해 40% 차이납니다. 역대급 실적에도 PBR이 낮다는 건, 실적에 비해 주가가 충분한 평가를 받지 못한다는 걸 의미하는데요.\n\n증권업계 관계자도 \"어피너티 블록딜로 인해 오버행 부담 해소와 주주환원 증가로 KB금융과의 PBR 격차가 점차 줄어들 것\"이라고 내다봤습니다.\n\n매력도가 커진 신한지주에 매수세라 유입될 수 있을지 지켜볼 필요가 있습니다. 지금까지 마켓 딥다이브였습니다.\n\n\n최민정기자 choimj@wowtv.co.kr\n                    \n                        \n                            \n[IMG]",
  "published_at": "2025-06-26T14:40:00+09:00",
  "author": "최민정 기자 choimj@wowtv.co.kr",
  "image_urls": [
    "https://img.hankyung.com/photo/202506/P384320250626000062244-011.png"
  ],
  "thumbnail_url": "https://img.hankyung.com/photo/202506/AC.40943593.1.png",
  "content_url": "https://www.hankyung.com/article/2025062619215",
  "publisher": "한국경제",
  "analysis": {
    "companies": {
      "신한지주": {
        "original_mention": "신한지주",
        "mapped_name": "신한지주",
        "listing_status": "상장",
        "exchange": "KOSPI",
        "country": "Korea",
        "sentiment": "긍정",
        "sentiment_reason": "오버행 리스크 해소와 실적 개선으로 주가 상승 기대",
        "stock_code": "055550"
      },
      "어피너티에쿼티파트너스": {
        "original_mention": "어피너티에쿼티파트너스",
        "mapped_name": "어피너티에쿼티파트너스",
        "listing_status": "비상장",
        "exchange": "",
        "country": "Other",
        "sentiment": "긍정",
        "sentiment_reason": "신한지주 지분 매각으로 수익 실현",
        "stock_code": null
      },
      "EQT파트너스": {
        "original_mention": "EQT파트너스",
        "mapped_name": "EQT파트너스",
        "listing_status": "비상장",
        "exchange": "",
        "country": "Other",
        "sentiment": "중립",
        "sentiment_reason": "신한지주 지분 정리 완료",
        "stock_code": null
      },
      "IMM프라이빗에쿼티": {
        "original_mention": "IMM프라이빗에쿼티",
        "mapped_name": "IMM프라이빗에쿼티",
        "listing_status": "비상장",
        "exchange": "",
        "country": "Korea",
        "sentiment": "중립",
        "sentiment_reason": "신한지주 지분 장기 보유 계획",
        "stock_code": null
      },
      "KB금융": {
        "original_mention": "KB금융",
        "mapped_name": "KB금융",
        "listing_status": "상장",
        "exchange": "KOSPI",
        "country": "Korea",
        "sentiment": "중립",
        "sentiment_reason": "신한지주와의 PBR 격차 감소 예상",
        "stock_code": "105560"
      }
    },
    "relations": [
      {
        "source": "어피너티에쿼티파트너스",
        "target": "신한지주",
        "relation_type": "투자자",
        "relation_reason": "신한지주 지분 매각",
        "source_is_listed": false,
        "source_country": "Other",
        "source_ticker": null,
        "target_is_listed": true,
        "target_country": "Korea",
        "target_ticker": "055550"
      },
      {
        "source": "EQT파트너스",
        "target": "신한지주",
        "relation_type": "투자자",
        "relation_reason": "신한지주 지분 정리",
        "source_is_listed": false,
        "source_country": "Other",
        "source_ticker": null,
        "target_is_listed": true,
        "target_country": "Korea",
        "target_ticker": "055550"
      },
      {
        "source": "IMM프라이빗에쿼티",
        "target": "신한지주",
        "relation_type": "투자자",
        "relation_reason": "신한지주 지분 장기 보유",
        "source_is_listed": false,
        "source_country": "Korea",
        "source_ticker": null,
        "target_is_listed": true,
        "target_country": "Korea",
        "target_ticker": "055550"
      }
    ]
  }
}