{
  "title": "어피너티, 신한지주 지분 970만주 매각",
  "description": "어피너티, 신한지주 지분 970만주 매각, 블록딜로 처분…3000억 차익 신한지주 오버행 우려 해소",
  "content": "글로벌 사모펀드(PEF) 운용사 어피너티에쿼티파트너스가 보유 중인 신한금융지주 지분을 모두 매각했다. 이번 잔여지분 매각으로만 3000억원에 가까운 차익을 거뒀다.\n\n25일 금융권에 따르면 어피너티는 지난 24일 장 마감 후 보유 중인 신한지주 지분 974만2430주(1.94%)를 전량 블록딜(시간 외 대량매매)로 처분했다. 전날 종가인 6만1000원에서 2.0~2.5% 할인된 5만9475~5만9780원에서 매각이 이뤄진 것으로 알려졌다. UBS가 블록딜 주관을 맡았다.\n\n어피너티는 2020년 9월 신한지주의 유상증자에 참여해 총 6050억원을 들여 지분 3.85%(2044만 주)를 취득했다. 당시 매입가격은 주당 2만9600원이었다. 이 PEF 운용사는 그 후 주가 상승에 맞춰 보유 주식을 처분해 왔다. 이번 블록딜로 4년여 만에 투자금을 모두 회수했다. 매입 때보다 주가가 두 배 이상으로 상승한 데 힘입어 이번 마지막 거래로만 약 2910억~2940억원의 차익을 실현한 것으로 추정된다.\n\n신한지주는 이번 블록딜로 재무적 투자자(FI)들의 지분 매각에 따른 오버행 우려를 잠재울 수 있을 전망이다. 과거 유상증자 당시 어피너티와 함께 투자한 EQT파트너스는 이보다 앞서 보유 지분을 모두 정리해서다. 또 다른 주요 주주인 IMM프라이빗에쿼티(PE)는 장기간 보유하겠다는 입장을 유지 중이다. 이날 신한지주 주가는 6만600원으로 마감했다. 올 들어 27.17% 올랐다.\n\n김진성 기자 jskim1028@hankyung.com",
  "published_at": "2025-06-25T17:33:36+09:00",
  "author": "김진성",
  "image_urls": [],
  "thumbnail_url": "https://static.hankyung.com/img/logo/logo-news-sns.png?v=20201130",
  "content_url": "https://www.hankyung.com/article/2025062598431",
  "publisher": "한국경제",
  "analysis": {
    "companies": {
      "어피너티에쿼티파트너스": {
        "original_mention": "어피너티에쿼티파트너스",
        "mapped_name": "어피너티에쿼티파트너스",
        "listing_status": "비상장",
        "exchange": "",
        "country": "Other",
        "sentiment": "중립",
        "sentiment_reason": "지분 매각으로 인한 차익 실현",
        "stock_code": null
      },
      "신한지주": {
        "original_mention": "신한지주",
        "mapped_name": "신한지주",
        "listing_status": "상장",
        "exchange": "KOSPI",
        "country": "Korea",
        "sentiment": "긍정",
        "sentiment_reason": "오버행 우려 해소",
        "stock_code": "055550"
      },
      "UBS": {
        "original_mention": "UBS",
        "mapped_name": "UBS",
        "listing_status": "상장",
        "exchange": "NYSE",
        "country": "USA",
        "sentiment": "중립",
        "sentiment_reason": "블록딜 주관",
        "stock_code": "UBS"
      }
    },
    "relations": [
      {
        "source": "어피너티에쿼티파트너스",
        "target": "신한지주",
        "relation_type": "투자자",
        "relation_reason": "어피너티에쿼티파트너스가 신한지주 지분을 매각",
        "source_is_listed": false,
        "source_country": "Other",
        "source_ticker": null,
        "target_is_listed": true,
        "target_country": "Korea",
        "target_ticker": "055550"
      },
      {
        "source": "UBS",
        "target": "신한지주",
        "relation_type": "파트너",
        "relation_reason": "UBS가 신한지주 블록딜 주관",
        "source_is_listed": true,
        "source_country": "USA",
        "source_ticker": "UBS",
        "target_is_listed": true,
        "target_country": "Korea",
        "target_ticker": "055550"
      }
    ]
  }
}