{
  "title": "한국전력공사, 전력 공급 안정에 고객 참여",
  "description": "한국전력공사, 전력 공급 안정에 고객 참여, 2024 한국의경영대상 Innovative Service of the Year",
  "content": "[IMG]\n\n                            \n                        \n                        지난 7월 한국전력공사가 깨끗한나라와 계약을 체결했다. /한국전력공사 제공\n                    \n                한국전력공사(대표 김동철·사진)가 ‘2024 한국의 경영대상’을 수상했다.\n\n\n                    \n                        \n                            \n[IMG]\n\n                            \n                        \n                        \n                    \n                한국전력공사는 저비용·고품질 전기를 안정적으로 공급하며, 미래 전력망의 안정성을 확보하기 위해 다양한 노력을 기울이고 있다. 이번에 도입한 ‘고객참여 부하차단 제도’는 전력 계통 고장이나 주파수 하락 발생 시, 사전에 계약된 고객 부하를 자동으로 즉시 차단해 불안정한 계통을 신속히 복구하는 전력 계통 안정화 제도다. 최근 데이터센터와 반도체 클러스터의 확산, 전기차 보급 확대에 따라 전력 수요가 급증하고 있고, 태양광·풍력 등 재생에너지의 확대와 전력망 건설 지연으로 전력 계통 운영에 어려움을 겪고 있다. 이를 해결하기 위해 한국전력공사는 기존 전력망을 최대한 활용하고, 전력 계통의 안정성을 확보하기 위한 방안을 마련했다.\n\n\n                    \n                        \n                            \n[IMG]\n\n                            \n                        \n                        \n                    \n                제도 도입을 위해 산업통상자원부와 전력거래소와 협의를 거쳤으며, 전력 계통 분야의 제도 및 정책 협의 기구인 전력계통신뢰도협의회에 안건을 상정하고, 선택공급약관을 개정해 법적·제도적 근거를 확보했다. 제도의 성공적인 운영을 위해 전담 조직을 구성해 가입 대상 업종별로 공정과 정전에 따른 영향을 분석했다. 한국전력공사는 ‘고객참여 부하차단 제도’ 시행을 통해 동·서해안 발전 제약을 완화하고, 저비용 발전기의 추가 운전으로 전력 구입비를 절감해 전기요금 상승 요인을 억제하고 있다. 미래 전력망의 안정화 방안을 확보해 고품질의 전기를 지속적으로 공급하는 데 기여하고 있다.\n\n한국전력공사는 정전 발생 시 고객 안전을 최우선으로 고려하기 위해 교육 과정을 개설하고, 고객 설비 점검을 실시할 계획이다. 고객의 에너지 절감을 지원하기 위해 빅데이터를 활용한 고객 전력 사용 분석 서비스도 제공할 예정이다.\n\n임다연 기자",
  "published_at": "2024-12-03T08:00:20+09:00",
  "author": "임다연",
  "image_urls": [
    "https://img.hankyung.com/photo/202412/AA.38757385.1.jpg",
    "https://img.hankyung.com/photo/202412/AA.38757336.1.jpg",
    "https://img.hankyung.com/photo/202412/AA.38757300.1.jpg"
  ],
  "thumbnail_url": "https://img.hankyung.com/photo/202412/AA.38757385.1.jpg",
  "content_url": "https://www.hankyung.com/article/2024120271871",
  "publisher": "한국경제",
  "analysis": {
    "companies": {
      "한국전력공사": {
        "original_mention": "한국전력공사",
        "mapped_name": "한국전력공사",
        "listing_status": "상장",
        "exchange": "Korea Exchange",
        "country": "Korea",
        "sentiment": "긍정",
        "sentiment_reason": "전력 공급 안정화 및 고객 참여 제도 도입으로 긍정적인 평가",
        "stock_code": "015760"
      },
      "깨끗한나라": {
        "original_mention": "깨끗한나라",
        "mapped_name": "깨끗한나라",
        "listing_status": "상장",
        "exchange": "Korea Exchange",
        "country": "Korea",
        "sentiment": "중립",
        "sentiment_reason": "한국전력공사와의 계약 체결 언급",
        "stock_code": "004540"
      }
    },
    "relations": [
      {
        "source": "한국전력공사",
        "target": "깨끗한나라",
        "relation_type": "고객사",
        "relation_reason": "한국전력공사가 깨끗한나라와 계약을 체결",
        "source_is_listed": true,
        "source_country": "Korea",
        "source_ticker": "015760",
        "target_is_listed": true,
        "target_country": "Korea",
        "target_ticker": "004540"
      }
    ]
  }
}