{
  "title": "두산에너빌리티, 시총 6위로 '껑충'…\"신규 수주 기대\"",
  "description": "두산에너빌리티, 시총 6위로 껑충…신규 수주 기대, 주가 14%대 급등 신한證, 두산에너빌리티 목표가 10만원 제시",
  "content": "[IMG]\n\n                            \n                        \n                        두산에너빌리티 가스터빈의 핵심 구성품인 로터 조립체. 두산에너빌리티 제공 \n                    \n                두산에너빌리티가 장중 최고가를 경신했다. 올해 신규 수주 목표치를 초과 달성할 것이라는 전망이 나오면서다.\n\n10일 오후 3시15분 현재 두산에너빌리티는 전 거래일 대비 9500원(14.66%) 뛴 7만4300원에 거래되고 있다. 주가는 장중 7만4800원까지 오르며 상장 후 최고가를 경신했다. 현재 시가총액은 47조5937억원이다. 유가증권시장 시가총액 6위에 올랐다.\n\n증권가 호평에 힘입어 투자심리가 개선된 것으로 풀이된다. 이날 신한투자증권은 두산에너빌리티에 목표주가 10만원을 제시했다. 또 두산에너빌리티를 원자력과 천연가스 발전 기자재 내 최선호주로 꼽았다. 이 증권사 최규헌 연구원은 \"하반기 수주가 확정되면 올해 신규 수주 목표치(10조7000억원)를 크게 상회하는 실적을 달성할 수 있을 것\"이라고 말했다.\n\n그러면서 \"체코 원전 수주 금액이 가이던스(3조8000억원)보다 늘어날 가능성이 있다. 뉴스케일파워와의 기업 전용 전력구매계약(PPA) 계약 체결과 올 4분기 중 미국 가스 터빈 수출 계약 등 기대감도 있다\"며 \"또 아시아태평양경제협력체(APEC)를 기점으로 원팀 코리아의 미국 원전 시장 진출안 구체화 등 수주 모멘텀이 4분기에 집중됐다\"고 덧붙였다.\n\n진영기 한경닷컴 기자 young71@hankyung.com",
  "published_at": "2025-10-10T15:21:10+09:00",
  "author": "진영기",
  "image_urls": [
    "https://img.hankyung.com/photo/202510/01.35352887.1.jpg"
  ],
  "thumbnail_url": "https://img.hankyung.com/photo/202510/01.35352887.1.jpg",
  "content_url": "https://www.hankyung.com/article/2025101012966",
  "publisher": "한국경제",
  "analysis": {
    "companies": {
      "두산에너빌리티": {
        "original_mention": "두산에너빌리티",
        "mapped_name": "두산에너빌리티",
        "listing_status": "상장",
        "exchange": "KOSPI",
        "country": "Korea",
        "sentiment": "긍정",
        "sentiment_reason": "신규 수주 목표 초과 달성 전망과 주가 상승",
        "stock_code": "034020"
      },
      "신한지주": {
        "original_mention": "신한투자증권",
        "mapped_name": "신한지주",
        "listing_status": "상장",
        "exchange": "KOSPI",
        "country": "Korea",
        "sentiment": "중립",
        "sentiment_reason": "두산에너빌리티에 대한 목표주가 제시",
        "stock_code": "055550"
      },
      "뉴스케일파워": {
        "original_mention": "뉴스케일파워",
        "mapped_name": "뉴스케일파워",
        "listing_status": "비상장",
        "exchange": "",
        "country": "USA",
        "sentiment": "중립",
        "sentiment_reason": "기업 전용 전력구매계약(PPA) 계약 체결 기대감",
        "stock_code": null
      }
    },
    "relations": [
      {
        "source": "두산에너빌리티",
        "target": "신한지주",
        "relation_type": "고객사",
        "relation_reason": "신한투자증권이 두산에너빌리티에 목표주가 제시",
        "source_is_listed": true,
        "source_country": "Korea",
        "source_ticker": "034020",
        "target_is_listed": true,
        "target_country": "Korea",
        "target_ticker": "055550"
      },
      {
        "source": "두산에너빌리티",
        "target": "뉴스케일파워",
        "relation_type": "파트너",
        "relation_reason": "기업 전용 전력구매계약(PPA) 계약 체결 기대감",
        "source_is_listed": true,
        "source_country": "Korea",
        "source_ticker": "034020",
        "target_is_listed": false,
        "target_country": "USA",
        "target_ticker": null
      }
    ]
  }
}