{
  "title": "우리금융지주, 예보 잔여 지분 매각 추진에 3% 넘게 내려",
  "description": "우리금융지주, 예보 잔여 지분 매각 추진에 3% 넘게 내려, 우리금융지주 지분 3.6%…수요 예측 나서",
  "content": "[IMG]\n\n                            \n                        \n                        서울 중구 회현동 우리금융그룹 사옥. /사진=한경DB\n                    \n                우리금융지주가 18일 장 초반 약세다. 예금보험공사의 잔여 지분 매각 추진 소식이 전해지면서 주가를 끌어내리고 있다.\n\n이날 오전 9시38분 현재 유가증권시장에서 우리금융지주는 전 거래일보다 600원(3.82%) 내린 1만5100원에 거래되고 있다. 장 한때 1만4800원까지 낙폭을 키우기도 했다.\n\n앞서 예금보험공사가 보유 중인 우리금융지주 잔여 지분 매각에 나섰다는 소식이 전해졌다. \n\n금융권에 따르면 예보는 이날 정규장 마감 이후 우리금융지주 지분 3.6% 매각을 위한 수요 예측에 나섰다. 예보는 앞서 지난 2월 11일 우리금융 잔여 지분 5.8% 중 2.2%를 시간외 대량 매매(블록딜) 방식으로 매각한 바 있다.\n\n이번에도 지난 2월과 유사한 수준의 지분 매각이 국내외 기관투자자 등을 상대로 성사될 것으로 업계에선 보고 있다.\n\n류은혁 한경닷컴 기자 ehryu@hankyung.com",
  "published_at": "2022-05-18T09:42:51+09:00",
  "author": "류은혁",
  "image_urls": [
    "https://img.hankyung.com/photo/202205/AD.28226376.1.jpg"
  ],
  "thumbnail_url": "https://img.hankyung.com/photo/202205/AD.28226376.1.jpg",
  "content_url": "https://www.hankyung.com/article/2022051837066",
  "publisher": "한국경제",
  "analysis": {
    "companies": {
      "우리금융지주": {
        "original_mention": "우리금융지주",
        "mapped_name": "우리금융지주",
        "listing_status": "상장",
        "exchange": "KOSPI",
        "country": "Korea",
        "sentiment": "부정",
        "sentiment_reason": "예금보험공사의 잔여 지분 매각 추진 소식으로 주가 하락",
        "stock_code": "316140"
      },
      "예금보험공사": {
        "original_mention": "예금보험공사",
        "mapped_name": "예금보험공사",
        "listing_status": "비상장",
        "exchange": "",
        "country": "Korea",
        "sentiment": "중립",
        "sentiment_reason": "우리금융지주 지분 매각 추진",
        "stock_code": null
      }
    },
    "relations": []
  }
}