{
  "title": "[인사] 삼성전자 ; 삼성디스플레이 ; 삼성SDI 등",
  "description": "삼성전자 ; 삼성디스플레이 ; 삼성SDI 등, 사회",
  "content": "◈삼성전자◇DX부문◎승진&lt;부사장&gt;▷강상용 구자천 김문수 노성원 서치영 설지윤 설훈 송인강 유종민 유한종 이민철 이성진 이종규 정원석 정효명 조철호 최청호 최항석 한의택 황근철 황용호&lt;상무&gt;▷강상균 고진일 곽호석 권기훈 권주성 김기현 김대영 김세웅 김운 김원종 김지웅 김지은 김포천 김효정 문희철 박건호 박대순 박영재 박영진 박재우 박형규 안성호 안정식 양준원 엄윤성 유기훈 유상현 이상석 이상엽 이상천 이성심 이세문 이승연 이승윤 이정준 이정환 이존기 이종덕 이종해 이진영 이충현 이태용 이형주 이형중 장혁 전형석 정윤현 조승기 차완철 최동열 최보람 최성훈 최승기 한성웅 홍희영 황정호◎선임▷강병권 고재연 김도형 우원명 이재성 최진◇DS부문◎승진&lt;부사장&gt;▷권기덕 권혁우 김영대 김용찬 김이태 김정헌 김태우 김태훈 노경윤 박봉일 배상기 오형석 이강호 이병현 이종민 장실완 정광희 정용덕 정인호 조성일 조성훈 최정연 홍기준 Jacob Zhu&lt;상무&gt;▷강성석 경세진 권석남 권영헌 김경석 김경아 김경진 김대현 문성수 문원민 민경일 박성열 박준성 백승엽 서무현 성훈제 안재상 우성훈 우수영 유금현 유호인 이광우 이근석 이동환 이지현 이창훈 임경춘 전윤광 정재훈 조윤상 최동준 홍석구 황현익◎선임▷이재덕▷강명길 김재춘 김준수 남인철 노숙영 손영환 오길근 원복연 유준희 전하영\n\n◈삼성디스플레이◎승진&lt;부사장&gt;▷강태욱 김성원 백승인 안나리 장상민 정경호 최연수 하동완&lt;상무&gt;▷강호정 김영종 김진영 박근태 박성언 박진석 심현보 윤성진 이각석 장하연 정성목 정용빈 최신범◎선임&lt;마스터&gt;▷고수병 장의윤\n\n◈삼성SDI◎승진&lt;부사장&gt;▷김기준 이종훈 정현&lt;상무&gt;▷김경보 김재혁 노건배 백승민 최재홍\n\n◈삼성전기◎승진&lt;부사장&gt;▷김현우 이충은&lt;상무&gt;▷나준보 신승일 양우석 양진혁 정중혁 허재혁\n\n◈삼성SDS◎승진&lt;부사장&gt;▷김정욱 이태희&lt;상무&gt;▷김긍환 김승진 문신정 신창민 이준형 최규황 한호전 홍기영\n\n◈삼성바이오로직스◎승진&lt;부사장&gt;▷정형남&lt;상무&gt;▷유동선 차영필 황준호\n\n◈삼성바이오에피스◎승진&lt;부사장&gt;▷신동훈 신지은&lt;상무&gt;▷손성훈 안소신 이남훈 정의한\n\n◈삼성벤처투자◎승진&lt;부사장&gt;▷양성훈\n\n◈LS그룹◇LS전선◎신규 이사 선임▷LSCMX 법인장 지예규▷전력기기솔루션부문장 손시호▷해상풍력사업추진부문장 유창우◇LS ELECTRIC◎승진&lt;전무&gt;▷사업총괄 Americas사업본부장 이충희▷사업총괄 AP EMEA사업본부장 겸 AP사업부장 조욱동▷사업총괄 K-신전력 제어사업본부장 박우범▷생산 R&amp;BD총괄 생산본부장 윤원호&lt;상무&gt;▷비전경영총괄 DX S/W센터장(연구위원) 이진호▷사업총괄 경영지원부문장 최종섭▷비전경영총괄 법무부문장(전문위원) 최해운◎신규 이사 선임▷생산 R&amp;BD총괄 생산본부 전략구매부문장 CPO 유동일▷생산 R&amp;BD총괄 생산본부 청주 생산·설계부문장 박준석▷비전경영총괄 GHR 경영지원부문장 CHO 최규태▷사업총괄 K-신전력 제어사업본부 전력Grid사업부장 백승택◇LS MnM◎승진&lt;상무&gt;▷기술부문장 이승곤▷생산부문장 김동환◎신규 이사 선임▷기획재경부문장 이정태◇LS엠트론◎승진&lt;상무&gt;▷전자부품사업부장 송인덕◎신규 이사 선임▷재경부문장 CFO 김명훈◇E1◎승진&lt;전무&gt;▷Trading본부장 김상무◎신규 이사 선임▷경영지원실장 강기훈◇INVENI◎승진&lt;상무&gt;▷사업부문 대표 겸 지원본부장 CHO 이창우◇예스코◎승진&lt;상무&gt;▷경영지원부문장 CHO 김은일◎신규 이사 선임▷안전관리부문장 이제환◎이동(전입)&lt;상무&gt;▷RM부문장 이정철◇가온전선◎승진&lt;상무&gt;▷생산본부장 김근식◎신규 이사 선임▷테크센터장 김영호◇LS e-Mobility Solutions◎선임&lt;이사&gt;▷CEO 석영래◇LS사우타◎선임&lt;상무&gt;▷CEO 김성용 \n\n◈중소벤처기업부◎전보&lt;국장급&gt;▷중소기업전략기획관 김대희▷대변인 김지현▷소상공인정책관 김정주▷정책기획관 이대건▷기술혁신정책관 황영호▷서울지방중소벤처기업청장 김우순▷소상공인경영안정지원관 박상용▷상생협력정책국장 이은청\n\n◈연합뉴스TV◎승진&lt;부국장&gt;▷시청자센터장 성장현&lt;부장&gt;▷국제부 정호윤▷영상취재부 황환필▷뉴스진행부 뉴스PD팀 박경재▷보도국 행정팀 박중일▷방송기술부 디지털혁신팀 박승걸&lt;부장대우&gt;▷인사총무부 유성종▷정치부 정영빈▷사회부 임광빈▷뉴스진행부 아나운서팀장 박진형&lt;차장&gt;▷보도국 박효정▷경제부 정다미▷영상취재부 이재호▷영상편집부 고종필▷뉴스제작지원부장 정영민&lt;차장대우&gt;▷경제부 곽준영▷영상취재부 문원철 오은재 정재현▷영상편집부 심지미 함성웅▷뉴스진행부 뉴스PD팀 이민경▷뉴스제작지원부 이혜선",
  "published_at": "2025-11-25T17:34:22+09:00",
  "author": "한국경제",
  "image_urls": [],
  "thumbnail_url": "https://static.hankyung.com/img/logo/logo-news-sns.png?v=20201130",
  "content_url": "https://www.hankyung.com/article/2025112550951",
  "publisher": "한국경제",
  "analysis": {
    "companies": {
      "삼성전자": {
        "original_mention": "삼성전자",
        "mapped_name": "삼성전자",
        "listing_status": "상장",
        "exchange": "KOSPI",
        "country": "Korea",
        "sentiment": "중립",
        "sentiment_reason": "인사 발표",
        "stock_code": "005930"
      },
      "삼성디스플레이": {
        "original_mention": "삼성디스플레이",
        "mapped_name": "삼성디스플레이",
        "listing_status": "비상장",
        "exchange": "",
        "country": "Korea",
        "sentiment": "중립",
        "sentiment_reason": "인사 발표",
        "stock_code": null
      },
      "삼성SDI": {
        "original_mention": "삼성SDI",
        "mapped_name": "삼성SDI",
        "listing_status": "상장",
        "exchange": "KOSPI",
        "country": "Korea",
        "sentiment": "중립",
        "sentiment_reason": "인사 발표",
        "stock_code": "006400"
      },
      "삼성전기": {
        "original_mention": "삼성전기",
        "mapped_name": "삼성전기",
        "listing_status": "상장",
        "exchange": "KOSPI",
        "country": "Korea",
        "sentiment": "중립",
        "sentiment_reason": "인사 발표",
        "stock_code": "009150"
      },
      "삼성SDS": {
        "original_mention": "삼성SDS",
        "mapped_name": "삼성SDS",
        "listing_status": "상장",
        "exchange": "KOSPI",
        "country": "Korea",
        "sentiment": "중립",
        "sentiment_reason": "인사 발표",
        "stock_code": "018260"
      },
      "삼성바이오로직스": {
        "original_mention": "삼성바이오로직스",
        "mapped_name": "삼성바이오로직스",
        "listing_status": "상장",
        "exchange": "KOSPI",
        "country": "Korea",
        "sentiment": "중립",
        "sentiment_reason": "인사 발표",
        "stock_code": "207940"
      },
      "삼성바이오에피스": {
        "original_mention": "삼성바이오에피스",
        "mapped_name": "삼성바이오에피스",
        "listing_status": "비상장",
        "exchange": "",
        "country": "Korea",
        "sentiment": "중립",
        "sentiment_reason": "인사 발표",
        "stock_code": null
      },
      "삼성벤처투자": {
        "original_mention": "삼성벤처투자",
        "mapped_name": "삼성벤처투자",
        "listing_status": "비상장",
        "exchange": "",
        "country": "Korea",
        "sentiment": "중립",
        "sentiment_reason": "인사 발표",
        "stock_code": null
      },
      "LS그룹": {
        "original_mention": "LS그룹",
        "mapped_name": "LS",
        "listing_status": "상장",
        "exchange": "KOSPI",
        "country": "Korea",
        "sentiment": "중립",
        "sentiment_reason": "인사 발표",
        "stock_code": "006260"
      },
      "LS전선": {
        "original_mention": "LS전선",
        "mapped_name": "LS전선",
        "listing_status": "비상장",
        "exchange": "",
        "country": "Korea",
        "sentiment": "중립",
        "sentiment_reason": "인사 발표",
        "stock_code": null
      },
      "LS ELECTRIC": {
        "original_mention": "LS ELECTRIC",
        "mapped_name": "LS ELECTRIC",
        "listing_status": "상장",
        "exchange": "KOSPI",
        "country": "Korea",
        "sentiment": "중립",
        "sentiment_reason": "인사 발표",
        "stock_code": "010120"
      },
      "LS MnM": {
        "original_mention": "LS MnM",
        "mapped_name": "LS MnM",
        "listing_status": "비상장",
        "exchange": "",
        "country": "Korea",
        "sentiment": "중립",
        "sentiment_reason": "인사 발표",
        "stock_code": null
      },
      "LS엠트론": {
        "original_mention": "LS엠트론",
        "mapped_name": "LS엠트론",
        "listing_status": "비상장",
        "exchange": "",
        "country": "Korea",
        "sentiment": "중립",
        "sentiment_reason": "인사 발표",
        "stock_code": null
      },
      "E1": {
        "original_mention": "E1",
        "mapped_name": "E1",
        "listing_status": "상장",
        "exchange": "KOSPI",
        "country": "Korea",
        "sentiment": "중립",
        "sentiment_reason": "인사 발표",
        "stock_code": "017940"
      },
      "INVENI": {
        "original_mention": "INVENI",
        "mapped_name": "INVENI",
        "listing_status": "비상장",
        "exchange": "",
        "country": "Korea",
        "sentiment": "중립",
        "sentiment_reason": "인사 발표",
        "stock_code": null
      },
      "예스코": {
        "original_mention": "예스코",
        "mapped_name": "예스코",
        "listing_status": "비상장",
        "exchange": "",
        "country": "Korea",
        "sentiment": "중립",
        "sentiment_reason": "인사 발표",
        "stock_code": null
      },
      "가온전선": {
        "original_mention": "가온전선",
        "mapped_name": "가온전선",
        "listing_status": "상장",
        "exchange": "KOSPI",
        "country": "Korea",
        "sentiment": "중립",
        "sentiment_reason": "인사 발표",
        "stock_code": "000500"
      },
      "LS e-Mobility Solutions": {
        "original_mention": "LS e-Mobility Solutions",
        "mapped_name": "LS e-Mobility Solutions",
        "listing_status": "비상장",
        "exchange": "",
        "country": "Korea",
        "sentiment": "중립",
        "sentiment_reason": "인사 발표",
        "stock_code": null
      },
      "LS사우타": {
        "original_mention": "LS사우타",
        "mapped_name": "LS사우타",
        "listing_status": "비상장",
        "exchange": "",
        "country": "Korea",
        "sentiment": "중립",
        "sentiment_reason": "인사 발표",
        "stock_code": null
      }
    },
    "relations": []
  }
}