{
  "title": "삼성전자, 전영현·노태문 '2인 대표 체제'로",
  "description": "삼성전자, 전영현·노태문 2인 대표 체제로, 2026년 정기 사장단 인사 반도체·모바일 사업 역량 집중",
  "content": "[IMG]\n\n                            \n                        \n                        전영현 부회장·노태문 사장\n                    \n                노태문 삼성전자 사장이 스마트폰, 가전 등 완제품 사업을 총괄하는 디바이스경험(DX)부문장 겸 대표이사(CEO)에 선임됐다. 한종희 부회장 유고 이후 반도체 사업을 이끄는 전영현 디바이스솔루션(DS)부문장(부회장)이 혼자 CEO를 맡았는데 다시 ‘2인 CEO’ 체제로 복원됐다. 삼성전자는 또 양자컴퓨팅 전문가인 박홍근 미국 하버드대 석좌교수를 SAIT(옛 삼성종합기술원) 원장(사장급)으로 임명했다.\n\n삼성전자는 21일 이 같은 내용을 담은 ‘2026년 정기 사장단 인사’를 발표했다. 노 사장은 CEO로 선임되는 동시에 지난 3월부터 맡은 DX부문장 직무대행을 떼고 정식 부문장이 됐다. 모바일경험(MX)사업부장도 겸임한다. 전 부회장도 CEO, 부문장, 메모리사업부장을 계속 맡는다. 삼성전자는 “핵심 사업 경쟁력을 강화하기 위해 부문장들이 각각 MX 및 메모리사업부장을 겸직하는 체제를 유지하기로 했다”고 설명했다.\n\nSAIT, 삼성리서치 등 5~10년 안에 상용화할 미래 기술을 개발하는 연구개발(R&amp;D) 조직의 수장은 기술 인재를 영입하거나 사장으로 승진시켜 임명했다. 전 부회장이 겸직하던 SAIT 원장에 하버드대에서 25년 넘게 기초과학과 공학을 연구해온 박 교수를 선임했다.\n\n황정수/김채연 기자 hjs@hankyung.com",
  "published_at": "2025-11-21T17:53:17+09:00",
  "author": "황정수/김채연",
  "image_urls": [
    "https://img.hankyung.com/photo/202511/01.42455576.1.jpg"
  ],
  "thumbnail_url": "https://static.hankyung.com/img/logo/logo-news-sns.png?v=20201130",
  "content_url": "https://www.hankyung.com/article/2025112187011",
  "publisher": "한국경제",
  "analysis": {
    "companies": {
      "삼성전자": {
        "original_mention": "삼성전자",
        "mapped_name": "삼성전자",
        "listing_status": "상장",
        "exchange": "KRX",
        "country": "Korea",
        "sentiment": "중립",
        "sentiment_reason": "경영진 변화와 관련된 중립적인 정보 제공",
        "stock_code": "005930"
      },
      "하버드대": {
        "original_mention": "하버드대",
        "mapped_name": "하버드대",
        "listing_status": "비상장",
        "exchange": "",
        "country": "USA",
        "sentiment": "중립",
        "sentiment_reason": "인재 영입과 관련된 중립적인 정보 제공",
        "stock_code": null
      }
    },
    "relations": [
      {
        "source": "삼성전자",
        "target": "하버드대",
        "relation_type": "파트너",
        "relation_reason": "하버드대 교수의 삼성전자 연구소장 임명",
        "source_is_listed": true,
        "source_country": "Korea",
        "source_ticker": "005930",
        "target_is_listed": false,
        "target_country": "USA",
        "target_ticker": null
      }
    ]
  }
}