{
  "title": "SK하이닉스 최대 실적…\"내년 메모리 완판\"",
  "description": "SK하이닉스, 24조 잭팟 터졌는데…젠슨 황 한마디에 깜짝, SK하이닉스 내년 메모리 완판 3분기 영업익 11.4조 최대 실적 新공장 완공 앞당겨 생산 확대",
  "content": "[IMG]\n\n                            \n                        \n                        SK하이닉스가 인공지능(AI)발 메모리 반도체 슈퍼사이클에 힘입어 올 3분기 창사 이후 최대인 11조4000억원에 달하는 영업이익을 기록했다고 29일 발표했다. 경기 이천 SK하이닉스 본사 전경.  /연합뉴스\n                    \n                메모리 반도체 슈퍼 호황 사이클에 올라탄 SK하이닉스가 올해 3분기 역대 최대 영업이익을 거뒀다. 인공지능(AI) 서버와 AI 폰에 들어가는 최첨단 D램 및 낸드플래시 수요가 폭발적으로 늘어나면서 내년에 생산할 물량까지 완판됐다. \n\nSK하이닉스는 “올해 3분기 매출 24조4489억원, 영업이익 11조3834억원을 기록했다”고 29일 발표했다. 매출과 영업이익은 전년 동기 대비 각각 39.1%, 61.9% 급증했다. SK하이닉스가 1개 분기에 10조원이 넘는 영업이익을 올린 것은 이번이 처음이다.\n\nSK하이닉스는 D램, 낸드플래시 가격 상승과 고대역폭메모리(HBM) 등 AI 서버용 고성능 제품 출하량이 늘어난 게 역대 최대 영업이익을 이끌었다고 설명했다. 김우현 최고재무책임자(CFO)는 “고객사들의 AI 인프라 투자 확대로 메모리 수요가 급증했다”며 “내년에 생산할 D램과 낸드 전 제품 판매가 사실상 완료됐다”고 말했다. SK하이닉스는 고객 수요에 대응하기 위해 신공장 완공을 앞당겨 생산능력을 최대한 빨리 늘리기로 했다.\n\n한국 반도체 기업과 HBM을 매개로 협업 관계를 구축한 엔비디아의 젠슨 황 최고경영자(CEO)는 이날 “31일 한국 국민과 도널드 트럼프 미국 대통령이 모두 기뻐할 만한 발표가 있을 것”이라며 AI 관련 대형 계약을 예고했다.\"입도선매 되는 HBM·DDR5…AI發 초호황기 진입\"\n용인 클러스터 신공장 등 가동 시점 최대한 앞당길 듯SK하이닉스가 인공지능(AI) 붐이 부른 ‘메모리 반도체 슈퍼사이클’에 제대로 올라탔다. 이번 슈퍼사이클은 빅테크의 클라우드 투자가 불을 붙인 2017~2018년 호황기보다 더 길고 강할 것이란 게 SK하이닉스의 설명이다. 일반 서버 교체 수요와 AI 서버 신규 투자 수요에 더해 자율주행차, 로봇 등 과거엔 없던 새로운 수요가 끊임없이 창출되고 있어서다.\n\n고대역폭메모리(HBM)와 기업용솔리드스테이트드라이브(eSSD) 등 ‘AI 반도체 최강자’로 꼽히는 SK하이닉스엔 더할 나위 없는 호시절이다. SK하이닉스는 ‘AI 붐’을 한껏 누리기 위해 신규 공장 가동 시점을 앞당기기로 했다. ◇3분기에도 D램 1위 수성\n                    \n                        \n                            \n[IMG]\n\n                            \n                        \n                        \n                    \n                SK하이닉스의 3분기 실적(연결 기준)은 매출(24조4489억원)과 영업이익(11조3834억원) 모두 역대 최대치다. 2분기에 세운 기록(매출 22조2320억원·영업이익 9조2129억원)을 한 분기 만에 갈아치웠다. 1년 전과 비교하면 매출, 영업이익이 각각 39.1%, 61.9% 늘었다. 순이익은 12조5975억원으로 전 분기 대비 119% 증가했다.\n\n일등 공신은 HBM이다. ‘큰손’ 엔비디아의 제1 공급사 자리를 지킨 덕분이다. 카운터포인트리서치에 따르면 SK하이닉스의 HBM 시장 점유율은 58%에 이른다. 일반 D램보다 수익성이 높은 HBM 매출은 지난 3분기 SK하이닉스 전체 D램 매출의 40%를 차지했다. HBM 최강자로 올라선 덕분에 SK하이닉스는 전체 D램 시장에서 세 분기 연속 1위(점유율 35%) 자리를 지켰다.\n\nAI 서버 수요 증가로 고용량 더블데이터레이트(DDR)5 판매가 확대된 것도 힘을 보탰다. 128GB(기가바이트) DDR5 출하량은 전분기 대비 두 배 이상 늘었다. 메모리 기업들이 HBM 생산에 집중하면서 범용 D램 가격이 상승한 것도 실적 상승에 한몫했다. ◇메모리 수요 확대 지속SK하이닉스는 4분기에도 메모리 수요가 늘어날 것으로 전망했다. AI 시장이 ‘학습’에서 ‘추론’으로 빠르게 전환하면서 HBM뿐 아니라 서버용 일반 D램과 eSSD 수요도 늘어나서다. 빅테크의 AI 데이터센터 구축 경쟁도 메모리 수요를 빨아들이는 핵심 요인으로 꼽힌다. 김규현 SK하이닉스 D램 마케팅담당(부사장)은 29일 열린 실적설명회에서 “AI 적용 범위가 데이터센터를 넘어 자율주행, 로봇 등으로 확대되면서 AI 구현에 필요한 메모리 수요의 근본적 변화를 부르고 있다”고 설명했다.\n\n수요는 폭발적으로 늘어나고 있지만, 공급이 이를 따라가지 못하는 상황이다. 메모리 업체들이 생산라인을 수익성 높은 HBM에 최대한 많이 배정하면서 범용 D램 생산 여력이 줄어들어서다. 김 부사장은 “공급이 부족한 탓에 DDR5는 생산 즉시 고객에게 넘기고 있다”고 설명했다.\n\n공급물량이 부족하기는 HBM도 마찬가지다. SK하이닉스는 내년 생산물량을 엔비디아 등 주요 고객사에 이미 완판했다. 내년 주력이 될 HBM4는 4분기부터 출하하기 시작해 내년부터 본격 판매에 나설 계획이다. 업계 관계자는 “AI가 촉발한 메모리 슈퍼호황으로 최소 2027년까지 공급 부족이 이어질 것”이라고 설명했다. ◇용인 1기 팹 조기 가동할 것SK하이닉스는 선제적인 투자로 메모리 슈퍼호황을 최대한 누린다는 계획이다. 내년 투자 규모를 올해보다 늘리는 동시에 최첨단 공정인 10㎚(나노미터·1㎚=10억분의 1m)급 1c(10나노 6세대) 공정으로의 전환을 가속해 서버, 모바일, 그래픽 D램 등 ‘풀라인업’을 갖춰 고객 수요에 전방위적으로 대응한다는 전략이다.\n\n신규 공장 가동 시점도 최대한 앞당기기로 했다. 2027년 상반기로 예정된 용인 반도체클러스터 1기 팹의 가동 시점을 메모리 수요 증가 속도와 M15X 램프업(가동률 확대) 속도를 감안해 최대한 앞당기기로 했다.\n\n황정수/김채연 기자 hjs@hankyung.com",
  "published_at": "2025-10-29T17:47:44+09:00",
  "author": "황정수/김채연",
  "image_urls": [
    "https://img.hankyung.com/photo/202510/AA.42211764.1.jpg",
    "https://img.hankyung.com/photo/202510/AA.42211763.1.jpg"
  ],
  "thumbnail_url": "https://img.hankyung.com/photo/202510/AA.42211764.1.jpg",
  "content_url": "https://www.hankyung.com/article/2025102908641",
  "publisher": "한국경제",
  "analysis": {
    "companies": {
      "SK하이닉스": {
        "original_mention": "SK하이닉스",
        "mapped_name": "SK하이닉스",
        "listing_status": "상장",
        "exchange": "KOSPI",
        "country": "Korea",
        "sentiment": "긍정",
        "sentiment_reason": "역대 최대 영업이익 기록 및 AI 관련 수요 증가",
        "stock_code": "000660"
      },
      "엔비디아": {
        "original_mention": "엔비디아",
        "mapped_name": "엔비디아",
        "listing_status": "상장",
        "exchange": "NASDAQ",
        "country": "USA",
        "sentiment": "긍정",
        "sentiment_reason": "SK하이닉스와의 협업 및 AI 관련 대형 계약 예고",
        "stock_code": "NVDA"
      }
    },
    "relations": [
      {
        "source": "SK하이닉스",
        "target": "엔비디아",
        "relation_type": "공급사",
        "relation_reason": "SK하이닉스가 엔비디아의 제1 공급사로 HBM을 공급",
        "source_is_listed": true,
        "source_country": "Korea",
        "source_ticker": "000660",
        "target_is_listed": true,
        "target_country": "USA",
        "target_ticker": "NVDA"
      }
    ]
  }
}