{
  "title": "[유가증권 기업공시] (7일) 삼성바이오로직스 등",
  "description": "(7일) 삼성바이오로직스 등, 증권",
  "content": "▲삼성바이오로직스=의약품 위탁생산 계약 상대방이 이뮤노메딕스에서 미국 제약사 길리어드사이언스로 변경됨. 계약 금액은 1845억원에서 3005억원 규모로 증가.\n\n▲한미반도체=중국 칩패킹테크놀로지사와 33억원 규모의 반도체 패키지 절단 장비인 마이크로쏘와 비전플레이스먼트 공급 계약 체결.\n\n▲현대미포조선=오세아니아 소재 선사와 50K급 석유화학제품운반선 4척을 1645억원에 공급하기로 계약함.\n\n▲SNT홀딩스=방위사업청과 908억원 규모의 7.62㎜ 기관총-Ⅱ 공급 계약 체결.",
  "published_at": "2021-06-07T21:51:33+09:00",
  "author": "한국경제",
  "image_urls": [],
  "thumbnail_url": "https://static.hankyung.com/img/logo/logo-news-sns.png?v=20201130",
  "content_url": "https://www.hankyung.com/article/2021060738501",
  "publisher": "한국경제",
  "analysis": {
    "companies": {
      "삼성바이오로직스": {
        "original_mention": "삼성바이오로직스",
        "mapped_name": "삼성바이오로직스",
        "listing_status": "상장",
        "exchange": "KOSPI",
        "country": "Korea",
        "sentiment": "중립",
        "sentiment_reason": "계약 상대방 변경 및 계약 금액 증가",
        "stock_code": "207940"
      },
      "길리어드사이언스": {
        "original_mention": "길리어드사이언스",
        "mapped_name": "길리어드사이언스",
        "listing_status": "상장",
        "exchange": "NASDAQ",
        "country": "USA",
        "sentiment": "중립",
        "sentiment_reason": "계약 상대방으로 변경",
        "stock_code": "GILD"
      },
      "한미반도체": {
        "original_mention": "한미반도체",
        "mapped_name": "한미반도체",
        "listing_status": "상장",
        "exchange": "KOSDAQ",
        "country": "Korea",
        "sentiment": "긍정",
        "sentiment_reason": "중국 기업과의 공급 계약 체결",
        "stock_code": "042700"
      },
      "현대미포조선": {
        "original_mention": "현대미포조선",
        "mapped_name": "HD현대미포",
        "listing_status": "상장",
        "exchange": "KOSPI",
        "country": "Korea",
        "sentiment": "긍정",
        "sentiment_reason": "오세아니아 선사와의 대규모 공급 계약 체결",
        "stock_code": "010620"
      },
      "SNT홀딩스": {
        "original_mention": "SNT홀딩스",
        "mapped_name": "SNT홀딩스",
        "listing_status": "상장",
        "exchange": "KOSPI",
        "country": "Korea",
        "sentiment": "긍정",
        "sentiment_reason": "방위사업청과의 공급 계약 체결",
        "stock_code": "036530"
      }
    },
    "relations": [
      {
        "source": "삼성바이오로직스",
        "target": "길리어드사이언스",
        "relation_type": "고객사",
        "relation_reason": "의약품 위탁생산 계약 상대방 변경",
        "source_is_listed": true,
        "source_country": "Korea",
        "source_ticker": "207940",
        "target_is_listed": true,
        "target_country": "USA",
        "target_ticker": "GILD"
      }
    ]
  }
}