{
  "title": "LG화학 '에스테틱 사업부' 팔렸다",
  "description": "LG화학 에스테틱 사업부 팔렸다, VIG파트너스, 2000억에 인수",
  "content": "▶마켓인사이트 8월 7일 오후 2시 45분\n\nLG화학이 에스테틱 사업부를 사모펀드(PEF) 운영사 VIG파트너스에 매각한다. 미용 필러 등을 제조하는 에스테틱 사업부의 매각가는 2000억원이다.\n\nLG화학은 7일 이사회를 열고 생명과학사업본부 내 에스테틱 사업 양도를 결의했다고 공시했다. 에스테틱 사업부는 미용 필러 브랜드 ‘이브아르’ ‘와이솔루션’ 등을 생산하는 부서다. 연 매출은 1000억원, 상각전영업이익(EBITDA)은 300억원 수준으로 알려졌다. LG화학은 지난 2월 HSBC증권을 매각 주관사로 선정하고 매각 작업에 착수한 바 있다.\n\nLG화학의 에스테틱 사업부 매각은 비주력 사업을 정리하는 과정의 연장선이다. LG화학은 올 6월 사모펀드 글랜우드프라이빗에쿼티(PE)에 첨단소재사업본부 내 수처리 필터 사업을 1조4000억원에 매각했다. 2023년에도 진단사업부를 글랜우드PE에 팔았다. 에스테틱 사업부까지 매각되면서 LG화학은 생명과학사업본부를 백신과 신약 개발 중심으로 재편하게 됐다.\n\n에스테틱 사업 매각을 위한 예비 입찰에는 주요 인수 후보들이 참여하지 않아 흥행에 실패했다. LG화학 측의 희망 매각가가 5000억원에 이르러 매수자와 매도자 간의 눈높이 차이가 컸다. 하지만 VIG파트너스가 인수자로 깜짝 등장하며 매각 작업이 급물살을 탔다. VIG파트너스로선 ‘K뷰티’ 열풍으로 높은 가치를 인정받는 미용 계열 포트폴리오를 강화하게 됐다.\n\n송은경 기자 norae@hankyung.com",
  "published_at": "2025-08-07T18:01:37+09:00",
  "author": "송은경",
  "image_urls": [],
  "thumbnail_url": "https://static.hankyung.com/img/logo/logo-news-sns.png?v=20201130",
  "content_url": "https://www.hankyung.com/article/2025080780921",
  "publisher": "한국경제",
  "analysis": {
    "companies": {
      "LG화학": {
        "original_mention": "LG화학",
        "mapped_name": "LG화학",
        "listing_status": "상장",
        "exchange": "KOSPI",
        "country": "Korea",
        "sentiment": "중립",
        "sentiment_reason": "비주력 사업 정리 및 사업 재편 과정으로 에스테틱 사업부 매각",
        "stock_code": "051910"
      },
      "VIG파트너스": {
        "original_mention": "VIG파트너스",
        "mapped_name": "VIG파트너스",
        "listing_status": "비상장",
        "exchange": "",
        "country": "Korea",
        "sentiment": "긍정",
        "sentiment_reason": "K뷰티 열풍으로 미용 계열 포트폴리오 강화",
        "stock_code": null
      }
    },
    "relations": [
      {
        "source": "LG화학",
        "target": "VIG파트너스",
        "relation_type": "매각",
        "relation_reason": "LG화학이 에스테틱 사업부를 VIG파트너스에 매각",
        "source_is_listed": true,
        "source_country": "Korea",
        "source_ticker": "051910",
        "target_is_listed": false,
        "target_country": "Korea",
        "target_ticker": null
      }
    ]
  }
}