{
  "title": "[포토] 무보, LG화학 美공장 건설에 10억달러 보증",
  "description": "무보, LG화학 美공장 건설에 10억달러 보증, 경제",
  "content": "[IMG]\n\n                            \n                        \n                        \n                    \n                한국무역보험공사는 LG화학의 미국 테네시주 양극재 공장 신설 프로젝트에 10억달러(약 1조4000억원) 규모의 금융 보증을 지원한다고 3일 밝혔다. 한국과 미국이 최근 2000억달러 규모의 대미 투자 펀드 조성에 합의한 이후 무역보험공사의 첫 미국 투자 보증 사례다. LG화학이 미국 테네시주에 건설 중인 양극재 공장.  \n\nLG화학 제공",
  "published_at": "2025-08-04T01:55:40+09:00",
  "author": "한국경제",
  "image_urls": [
    "https://img.hankyung.com/photo/202508/AA.41303024.1.jpg"
  ],
  "thumbnail_url": "https://img.hankyung.com/photo/202508/AA.41303024.1.jpg",
  "content_url": "https://www.hankyung.com/article/2025080387121",
  "publisher": "한국경제",
  "analysis": {
    "companies": {
      "한국무역보험공사": {
        "original_mention": "한국무역보험공사",
        "mapped_name": "한국무역보험공사",
        "listing_status": "비상장",
        "exchange": "",
        "country": "Korea",
        "sentiment": "중립",
        "sentiment_reason": "미국 투자 보증 사례로 중립적 평가",
        "stock_code": null
      },
      "LG화학": {
        "original_mention": "LG화학",
        "mapped_name": "LG화학",
        "listing_status": "상장",
        "exchange": "KOSPI",
        "country": "Korea",
        "sentiment": "긍정",
        "sentiment_reason": "미국 공장 건설에 대한 금융 보증 지원으로 긍정적 평가",
        "stock_code": "051910"
      }
    },
    "relations": [
      {
        "source": "한국무역보험공사",
        "target": "LG화학",
        "relation_type": "파트너",
        "relation_reason": "미국 공장 건설에 대한 금융 보증 제공",
        "source_is_listed": false,
        "source_country": "Korea",
        "source_ticker": null,
        "target_is_listed": true,
        "target_country": "Korea",
        "target_ticker": "051910"
      }
    ]
  }
}