{
  "title": "\"3분기 조정장 온다\" … 화학·철강·바이오, 피난처로 부상",
  "description": "3분기 조정장 온다…화학·철강·바이오, 피난처로 부상, 재조명받는 저평가 종목 KRX 소재, 지난달 15% 급등 KRX 철강도 14.9% 올라 2위 LG엔솔·포스코홀딩스 등 2차전지·석유화학·철강 종목 中 감산으로 반사이익 기대 제약·바이오도 저평가 매력",
  "content": "[IMG]\n\n                            \n                        \n                        사진=게티이미지뱅크 \n                    \n                거침없이 달리던 국내 증시가 조정장에 접어들 조짐을 보이자 석유화학, 철강, 제약·바이오 등이 새로운 ‘투자 피난처’로 떠오르고 있다. 증권가에선 이미 급등한 종목보다 상승 여력이 남아있거나 상대적으로 덜 오른 종목에 관심을 기울일 필요가 있다고 조언한다. 기관투자가도 조정장을 대비해 투자 포트폴리오를 저평가된 종목으로 다시 짜면서 주도주 ‘선수 교체’가 이뤄지고 있다.◇기관들, 저평가주로 갈아타1일 한국거래소에 따르면 전체 KRX지수 중 지난달 상승률 1위는 ‘KRX 300 소재’가 기록했다. 한 달간 15% 뛰었다. 이 지수는 LG화학과 롯데케미칼 등 화학 관련주로 구성돼 있다. 상승률 2, 3위는 각각 KRX 철강(14.9%)과 KRX 300 헬스케어(12.1%)가 차지했다. 6월 코스피지수 상승을 주도한 KRX 증권지수는 3% 넘게 하락했다.\n                    \n                        \n                            \n[IMG]\n\n                            \n                                    \n                                        \n                                    \n                                    이미지 크게보기\n                                \n                        \n                        \n                    \n                증권가에서는 3분기 들어 조정장 우려가 커지자 저평가 종목으로 교체하는 움직임이 나타나고 있다고 분석했다. 조선·방산 종목의 주가가 투자하기 부담스러운 수준까지 치솟자 석유화학, 철강, 제약·바이오 등 상대적으로 덜 오른 업종으로 온기가 번지는 모습이다.\n\n특히 기관투자가가 2차전지, 철강, 석유화학 종목을 중심으로 포트폴리오를 재편하고 있다. LG에너지솔루션은 7월에만 주가가 30% 가까이 급등했다. 기관이 5596억원어치 사들인 영향이다. 포스코홀딩스(2432억원)와 LG화학(2172억원)도 기관 순매수 상위권 명단에 이름을 올렸다. 같은 기간 외국인 투자자는 삼성전자를 3조4951억원어치, 코스닥시장 대장주 알테오젠 주식을 3148억원어치 순매수했다.◇철강·화학·바이오 등 주목전문가들은 석유화학 업종에 주목할 필요가 있다고 조언했다. 오랜 부진에서 벗어나 반등할 때가 됐다는 전망에서다. 주요 산유국의 증산, 중국의 경기 회복 기대 등으로 투자심리가 개선되고 있다고 분석했다. 주요 산유국 증산으로 주원료인 나프타 가격이 내려가 화학 업체들이 원가 절감 효과를 볼 것이라는 게 증권가의 설명이다. 최고운 한국투자증권 연구원은 “최근 정부 주도의 산업 재편 기조에 따라 재무 체력이 탄탄하고 신사업 모멘텀이 있는 화학 기업들이 재평가받을 것”이라고 말했다.\n\n철강주를 향한 관심도 커지고 있다. 관세 충격에도 중국 업체들의 감산에 따라 국내 철강업계 경쟁력이 크게 개선될 것이란 기대가 나온다. 권지우 한화투자증권 연구원은 “저가 공세를 펼쳐온 중국 철강 기업들의 감산 소식은 국내 철강주 재평가로 이어질 것”이라고 설명했다.\n\n제약·바이오 종목은 하반기 시장 금리 하락에 따른 수혜가 기대되고 밸류에이션(실적 대비 주가 수준) 매력이 높다는 분석이 나온다. 김선아 하나증권 연구원은 “바이오 종목의 상승 여력은 충분하다”며 “다른 업종 대비 수익률이 여전히 하위권에 머물러 있다”고 평가했다. 실적과 성장성을 겸비한 화장품 업종도 조정장 방어주로 꼽힌다. 이날 아모레퍼시픽은 중국법인 구조조정과 글로벌 사업 확장에 힘입어 영업이익이 전년 동기 대비 1673% 급증한 736억원을 기록했다. 화장품 제조업자개발생산(ODM) 관련 기업들도 올해 2분기 역대 최대 실적을 낸 것으로 증권가는 추정하고 있다.\n\n3분기엔 조정장 위험을 회피할 수 있는 종목을 중심으로 ‘안전지대’를 구축하는 전략이 필요하다는 게 증권가의 설명이다. 자산운용업계 관계자는 “증시 부양 수혜주에서 저평가 종목으로 주도주 분위기가 바뀌고 있다”며 “조정장이 본격화한다면 상대적으로 덜 오른 종목이 변동성도 작을 것”이라고 말했다.\n\n류은혁 기자 ehryu@hankyung.com",
  "published_at": "2025-08-01T17:38:54+09:00",
  "author": "류은혁",
  "image_urls": [
    "https://img.hankyung.com/photo/202508/99.39803811.1.jpg",
    "https://img.hankyung.com/photo/202508/AA.41290043.1.jpg"
  ],
  "thumbnail_url": "https://img.hankyung.com/photo/202508/99.39803811.1.jpg",
  "content_url": "https://www.hankyung.com/article/2025080168211",
  "publisher": "한국경제",
  "analysis": {
    "companies": {
      "LG화학": {
        "original_mention": "LG화학",
        "mapped_name": "LG화학",
        "listing_status": "상장",
        "exchange": "KRX",
        "country": "Korea",
        "sentiment": "긍정",
        "sentiment_reason": "기관 순매수 상위권에 이름을 올림",
        "stock_code": "051910"
      },
      "롯데케미칼": {
        "original_mention": "롯데케미칼",
        "mapped_name": "롯데케미칼",
        "listing_status": "상장",
        "exchange": "KRX",
        "country": "Korea",
        "sentiment": "긍정",
        "sentiment_reason": "화학 관련주로 구성된 KRX 300 소재 지수 상승",
        "stock_code": "011170"
      },
      "포스코홀딩스": {
        "original_mention": "포스코홀딩스",
        "mapped_name": "포스코홀딩스",
        "listing_status": "상장",
        "exchange": "KRX",
        "country": "Korea",
        "sentiment": "긍정",
        "sentiment_reason": "기관 순매수 상위권에 이름을 올림",
        "stock_code": "005490"
      },
      "삼성전자": {
        "original_mention": "삼성전자",
        "mapped_name": "삼성전자",
        "listing_status": "상장",
        "exchange": "KRX",
        "country": "Korea",
        "sentiment": "긍정",
        "sentiment_reason": "외국인 투자자 순매수",
        "stock_code": "005930"
      },
      "알테오젠": {
        "original_mention": "알테오젠",
        "mapped_name": "알테오젠",
        "listing_status": "상장",
        "exchange": "KOSDAQ",
        "country": "Korea",
        "sentiment": "긍정",
        "sentiment_reason": "외국인 투자자 순매수",
        "stock_code": "196170"
      },
      "아모레퍼시픽": {
        "original_mention": "아모레퍼시픽",
        "mapped_name": "아모레퍼시픽",
        "listing_status": "상장",
        "exchange": "KRX",
        "country": "Korea",
        "sentiment": "긍정",
        "sentiment_reason": "영업이익 급증",
        "stock_code": "090430"
      }
    },
    "relations": []
  }
}