{
  "title": "[단독] \"IRA 해법 함께 찾자\"…포드 CEO 긴급 방한",
  "description": "IRA 해법 함께 찾자…포드 CEO 긴급 방한, 짐 팔리 CEO, 다음주 LG에너지솔루션·SK온 방문 전기차 배터리 요건 충족방안·공장 신설 등 논의할듯",
  "content": "[IMG]\n\n                            \n                        \n                        \n                    \n                미국 양대 완성차회사인 포드를 이끄는 짐 팔리 최고경영자(CEO·사진)가 다음주 한국을 긴급 방문한다. 포드 전기자동차에 들어가는 배터리를 생산하는 LG에너지솔루션과 SK온 최고경영진을 만나기 위해서다. 내년부터 배터리에 미국산 광물과 부품을 일정 비율 이상 써야 보조금을 주는 미국 ‘인플레이션 감축법(IRA)’ 시행에 따른 대응 방안을 논의할 예정이다. \n\n16일 업계에 따르면 팔리 CEO 등 포드 경영진은 다음주 초 방한해 LG에너지솔루션과 SK온을 차례로 방문할 예정이다. 두 회사의 국내 공장을 둘러보고 권영수 LG에너지솔루션 부회장, 최재원 SK온 수석부회장 등을 만날 것으로 알려졌다. 포드는 전기 스포츠유틸리티차량(SUV) 머스탱 마하-E에 LG 배터리를, 전기 트럭 F-150 라이트닝에 SK 배터리를 장착하고 있다.\n\n지난달 발효된 IRA는 북미산 전기차에만 대당 최대 7500달러의 보조금(세액공제)을 지급한다. 내년부터는 배터리 관련 요건이 추가된다. 미국 및 미국과 자유무역협정(FTA)을 체결한 국가에서 배터리 광물을 일정 비율(2023년 40%→2027년 80%) 조달해야 한다. 배터리 부품(2023년 50%→2029년 100%)도 북미산을 써야 한다.\n\n글로벌 배터리·자동차 업체들은 광물·부품 요건을 단기간 내 충족하기 어려운 상황이다. LG SK 등의 배터리에 들어가는 리튬 코발트 흑연을 비롯한 핵심 광물의 제련시설이 중국에 집중돼 있기 때문이다. 이들 광물의 중국 의존도는 50~70% 수준이다. 업계에선 미국이 ‘제 발등을 찍었다’는 평가도 나온다. 포드는 이번 방한에서 LG SK와 배터리 광물·부품 요건을 충족할 방안을 모색할 것으로 보인다. 미국 현지에서 급증하는 전기차 수요에 대응해 배터리 공장 신·증설 관련 논의도 이뤄질 전망이다.\n\n업계 관계자는 “포드는 미국 재무부가 연내 마련하는 광물·부품 관련 구체적 가이드라인에 자사 의견을 최대한 반영하기 위해 LG SK와 협력 방안을 강구할 것”이라고 말했다.\n\n김일규/김형규 기자 black0419@hankyung.com",
  "published_at": "2022-09-16T18:02:49+09:00",
  "author": "김일규/김형규",
  "image_urls": [
    "https://img.hankyung.com/photo/202209/AA.31244460.1.jpg"
  ],
  "thumbnail_url": "https://static.hankyung.com/img/logo/logo-news-sns.png?v=20201130",
  "content_url": "https://www.hankyung.com/article/2022091660771",
  "publisher": "한국경제",
  "analysis": {
    "companies": {
      "포드": {
        "original_mention": "포드",
        "mapped_name": "포드",
        "listing_status": "상장",
        "exchange": "NYSE",
        "country": "USA",
        "sentiment": "중립",
        "sentiment_reason": "IRA 대응 방안 논의 및 협력 모색",
        "stock_code": "F"
      },
      "LG에너지솔루션": {
        "original_mention": "LG에너지솔루션",
        "mapped_name": "LG에너지솔루션",
        "listing_status": "상장",
        "exchange": "KOSPI",
        "country": "Korea",
        "sentiment": "중립",
        "sentiment_reason": "포드와의 협력 방안 논의",
        "stock_code": "373220"
      },
      "SK온": {
        "original_mention": "SK온",
        "mapped_name": "SK온",
        "listing_status": "비상장",
        "exchange": "",
        "country": "Korea",
        "sentiment": "중립",
        "sentiment_reason": "포드와의 협력 방안 논의",
        "stock_code": null
      }
    },
    "relations": [
      {
        "source": "포드",
        "target": "LG에너지솔루션",
        "relation_type": "파트너",
        "relation_reason": "배터리 광물·부품 요건 충족 방안 모색",
        "source_is_listed": true,
        "source_country": "USA",
        "source_ticker": "F",
        "target_is_listed": true,
        "target_country": "Korea",
        "target_ticker": "373220"
      },
      {
        "source": "포드",
        "target": "SK온",
        "relation_type": "파트너",
        "relation_reason": "배터리 광물·부품 요건 충족 방안 모색",
        "source_is_listed": true,
        "source_country": "USA",
        "source_ticker": "F",
        "target_is_listed": false,
        "target_country": "Korea",
        "target_ticker": null
      }
    ]
  }
}