{
  "title": "\"배당 분리과세 요건, 제조업은 14%만 충족\"",
  "description": "배당 분리과세 요건, 제조업은 14%만 충족, 국회예산정책처 세법개정안 토론회금융·보험업의 3분의 1 수준 SK하이닉스·네이버도 기준 미달 배당보다 투자 많은 기업에 불리 세수기반 확대에 대한 고민 없이 고소득·대기업 증세 의존 비판도",
  "content": "정부가 추진하는 배당소득 분리과세 요건이 제조업과 정보·통신(IT) 등 일부 업종에 불리하다는 지적이 제기됐다. 배당보다 투자를 많이 하는 산업 특성 등을 고려해야 한다는 주장이다. 정부의 세제 개편안이 세수 기반 확대에 대한 고민없이 대기업과 고소득자를 대상으로 하는 증세에 의존하고 있다는 비판도 나오고있다.\n\n◇최고세율 낮추고 요건 완화해야\n\n국회예산청책처는 10일 국회 의원회관에서 ‘2025 세법개정안 토론회’를 개최했다. 이번 주부터 본격적으로 시작되는 국회 법안 논의를 앞두고 정부의 세제 개편안을 평가하기 위해 열린 토론회다.\n\n예산정책처는 정부의 배당소득 분리과세 요건이 제조업종과 기술업종에 불리하다고 지적했다. 정부는 지난 7월 고배당 기업으로부터 받은 배당소득에 대해선 최고세율 49.5%에 달하는 종합과세를 하지 않고 25~35% 세율로 분리과세하는 방안을 발표했다. 예산정책처는 ‘배당 성향 40% 이상’이거나, ‘배당 성향 25% 이상이면서 최근 3년 평균 대비 배당 증가율이 5% 이상’인 고배당 기업 요건이 제조업체와 기술 기업 등에 지나치게 엄격하다고 밝혔다. 이들 기업은 산업 특성상 이익을 배당하기보다는 설비투자나 연구개발(R&amp;D) 등에 대한 재투자하고 있다는 설명이다. 예산정책처 분석에 따르면 정부의 고배당 기업 요건을 충족한 제조업체는 전체의 14.6%에 불과했다.\n\n증권가는 국내 대표 반도체업체인 SK하이닉스나 네이버, 카카오 등 IT기업들은 정부 기준에 미달할 것으로 보고 있다. 반면 비제조업의 경우 고배당 기업 요건을 충족하는 비율이 20.6%에 달했다. 특히 전통적으로 배당을 많이 하는 금융·보험업은 이 비율이 44.4%에 이른다.\n\n기업들의 배당을 촉진하기 위해선 고배당 기업 요건을 대폭 완화해야 한다는 주장도 나왔다. 국회 기재위 야당 간사인 박수영 국민의힘 의원은 “요건이 지나치게 복잡하면 적용 대상이 거의 없고, 자본시장을 활성화에도 도움이 되지 않는다”며 “배당소득에 대해선 조건 없이 분리과세 해야 한다”고 했다.\n\n천하람 개혁신당 의원은 “성장기 기업은 투자가, 성숙기 기업은 배당이 유리한데, 여의도나 세종에서 혜택 기준을 마음대로 설정하면 안 된다”고 했다.\n\n◇세수 기반 확대 고민해야\n\n배당소득 분리과세 최고세율이 높아 배당을 촉진할 인센티브가 되기 어렵다는 지적도 나왔다. 상지원 예산정책처 추계세제분석실장은 “배당소득 분리과세의 최고세율을 35%로 낮추더라도, 대주주에 대한 주식 양도세 세율(20~25%)보다 여전히 높아 개인 대주주에 대한 배당 확대 유인은 크지 않다”고 말했다. 더불어민주당과 정부는 이 같은 비판 여론을 고려해 분리과세 최고세율을 25%로 낮추는 방안을 유력하게 검토하고 있다.\n\n이날 토론회에선 정부의 교육세율 인상에 대한 비판도 많았다. 예산정책처는 “대출금리 같은 금융·보험서비스 가격에 대한 영향이나 교육 분야 간 국가교육재정 배분 구조 등을 종합적으로 고려해야 한다”고 밝혔다. 예산정책처에 따르면 2023년 기준 수익 금액이 1조원을 넘는 금융·보험업자는 59개로 전체(4764개)의 1.2% 수준이지만, 이들이 납부한 세액은 1조3000억원으로 전체(1조5000억원)의 80%가 넘었다.\n\n이번 세법 개편안이 증세만 의식할 뿐 기본적인 조세 정비엔 소홀하다는 지적도 제기됐다. 김우철 서울시립대 세무학과 교수는 “조세지출 심층 평가에 따라 폐지 권고받은 제도는 손대지 않으면서 증권거래세율이나 법인세율, 교육세율만 인상했다”며 “이번 세법개정 방향은 일부 자산가나 대기업만 겨냥해 ‘부자 증세’를 했다 혼란에 빠진 프랑스 모델에 가깝다”고 비판했다.\n\n이광식/최해련 기자 bumeran@hankyung.com",
  "published_at": "2025-11-10T18:03:32+09:00",
  "author": "이광식",
  "image_urls": [],
  "thumbnail_url": "https://img.hankyung.com/photo/202511/AA.42336381.1.jpg",
  "content_url": "https://www.hankyung.com/article/2025111052411",
  "publisher": "한국경제",
  "analysis": {
    "companies": {
      "SK하이닉스": {
        "original_mention": "SK하이닉스",
        "mapped_name": "SK하이닉스",
        "listing_status": "상장",
        "exchange": "KOSPI",
        "country": "Korea",
        "sentiment": "부정",
        "sentiment_reason": "정부의 고배당 기업 요건에 미달할 것으로 예상됨",
        "stock_code": "000660"
      },
      "NAVER": {
        "original_mention": "네이버",
        "mapped_name": "NAVER",
        "listing_status": "상장",
        "exchange": "KOSPI",
        "country": "Korea",
        "sentiment": "부정",
        "sentiment_reason": "정부의 고배당 기업 요건에 미달할 것으로 예상됨",
        "stock_code": "035420"
      },
      "카카오": {
        "original_mention": "카카오",
        "mapped_name": "카카오",
        "listing_status": "상장",
        "exchange": "KOSPI",
        "country": "Korea",
        "sentiment": "부정",
        "sentiment_reason": "정부의 고배당 기업 요건에 미달할 것으로 예상됨",
        "stock_code": "035720"
      }
    },
    "relations": []
  }
}