{
  "title": "檢 \"증거 있다\" 김범수 항소에 카카오 변호인단 이례적 반박",
  "description": "檢 증거 있다 김범수 항소에 카카오 변호인단 이례적 반박, 광장 1심서 모두 배척 당한 증거 기계적 항소 비판 여론 고려한 듯",
  "content": "검찰이 SM엔터테인먼트 시세조종 사건에서 무죄(1심)를 선고받은 김범수 카카오 창업자 겸 미래이니셔티브센터장에 대해 항소를 결정하자 카카오 측 변호인단이 이례적으로 검찰 측 항소 논리를 반박했다. 김 창업자를 직접 대리하는 김앤장법률사무소는 별다른 입장을 내지 않았다.\n\n카카오를 대리하는 법무법인 광장은 29일 보도자료를 내고 “검찰이 (항소 이유로) 제시한 의견과 지적은 모두 1심 심리 과정에서 충분히 검토돼 법원에서 배척됐다”고 주장했다. 이어 “검찰은 일부 증거를 선별 공개했으나 이들 증거 또한 1심에서 다뤄졌고 더 구체적이고 신빙성 있는 증거에 의해 탄핵된 것”이라고 강조했다.\n\n검찰은 지난 28일 항소 후 언론에 배포한 4쪽 분량 설명자료에서 “1심 재판부가 허위로 판단한 이준호 전 카카오엔터테인먼트 투자전략부문장의 증언 외에 카카오 직원 간 대화, 통화 기록 등 혐의를 입증할 추가 증거가 있다”고 밝혔다.\n\n형사 사건을 대리하는 변호인단이 검찰을 상대로 법정 밖 대결을 불사하는 것은 극히 이례적이다. 김 창업자를 대리하는 김앤장은 이날 별다른 반응을 보이지 않았다. 김 창업자는 김앤장과 세종을, 카카오 법인은 김앤장 세종 외에 광장을 추가로 선임해 재판 대응을 맡기고 있다.\n\n이번 사건은 1심 재판부가 검찰 관행이던 ‘별건 수사’를 무죄 판결의 근거로 명시해 화제가 됐다. 서울남부지방법원 형사합의15부(부장판사 양환승)는 핵심 증인인 이 전 부문장의 법정 진술을 수사 압박 속에서 나온 허위 진술로 판단했다.\n\n재판부는 판결문에서 “별건을 강도 높게 진행하며 다른 사건을 수사하는 방식은 진실을 왜곡할 수 있다”며 검찰 측 수사 관행을 강하게 비판했다. 정성호 법무부 장관도 “별건 수사를 일종의 수사 공식처럼 남발해 온 검찰뿐 아니라 모든 수사기관이 (이번 판결을) 엄중히 새겨야 할 것”이라고 말했다.\n\n정희원 기자 tophee@hankyung.com",
  "published_at": "2025-10-29T17:41:13+09:00",
  "author": "정희원",
  "image_urls": [],
  "thumbnail_url": "https://static.hankyung.com/img/logo/logo-news-sns.png?v=20201130",
  "content_url": "https://www.hankyung.com/article/2025102906771",
  "publisher": "한국경제",
  "analysis": {
    "companies": {
      "카카오": {
        "original_mention": "카카오",
        "mapped_name": "카카오",
        "listing_status": "상장",
        "exchange": "KOSPI",
        "country": "Korea",
        "sentiment": "중립",
        "sentiment_reason": "카카오의 변호인단이 검찰의 항소 논리를 반박한 사건 관련",
        "stock_code": "035720"
      },
      "SM엔터테인먼트": {
        "original_mention": "SM엔터테인먼트",
        "mapped_name": "SM엔터테인먼트",
        "listing_status": "상장",
        "exchange": "KOSDAQ",
        "country": "Korea",
        "sentiment": "중립",
        "sentiment_reason": "시세조종 사건 관련",
        "stock_code": "041510"
      }
    },
    "relations": []
  }
}