{
  "title": "日 캠리·어코드, 쏘나타보다 싸진다…현대차 '초긴장'",
  "description": "쏘나타, 日 캠리보다 비싸지나…한국 車관세 15%가 마지노선, 가이드라인 된 일본 車관세 긴장감 높아진 산업계 일본 車관세 25%에서 15%로 韓, 日과 달리 수입관세 2.5% 없어 자동차 관세 12.5% 될 가능성 현대차·기아, 月 3500억 비용 줄어 기대감에 현대차 주가 7% 상승 50% 관세 철강·알루미늄 비상 美·日 협상서 관세인하 빠져 가격 비싸 6조 시장 날아갈 판",
  "content": "[IMG]\n\n                            \n                        \n                        쏘나타 디 엣지. 현대자동차 제공.\n                    \n                미국 중형 세단 시장에서 현대자동차 쏘나타의 라이벌은 도요타 캠리, 혼다 어코드 등 주로 일본 차다. ‘졸면 죽는’ 치열한 경쟁에서 쏘나타가 나름의 경쟁력을 갖춘 요인 중 하나는 상대적으로 낮은 가격(2만7500달러·약 3790만원)이다. 캠리(2만8400달러)와 어코드(2만9390달러)보다 3.3~6.9% 저렴하다.\n\n하지만 23일 미·일 관세협상 타결로 일본 차 관세가 한국 차와 똑같은 25%에서 15%로 떨어져 관세를 그대로 가격에 반영할 경우 충남 아산공장에서 만들어 수출하는 쏘나타는 오히려 ‘비싼 차’가 됐다. 1주일 앞으로 시한이 다가온 한·미 관세협상에서 한국 차 관세가 일본 수준으로 떨어지지 않으면 국내 자동차업계가 최대 수출시장을 잃을 수 있다는 우려가 나오는 이유다. ◇“車 관세 일본만큼 내려야”\n                    \n                        \n                            \n[IMG]\n\n                            \n                                    \n                                        \n                                    \n                                    이미지 크게보기\n                                \n                        \n                        \n                    \n                이날 시장조사업체 마크라인스에 따르면 현대차·기아가 지난해 미국에 판매한 차량 171만 대 중 100만 대는 한국에서 생산해 수출한 물량이다. 미국 앨라배마와 조지아 등 현지 공장 생산 비중은 42%(71만 대)에 그쳤다. 한국GM도 지난해 생산량(49만 대)의 84.8%가 미국행 선박에 실렸다.\n\n일본 차는 한국에 비해 미국 현지 생산 비중이 높다. 도요타의 지난해 미국 현지 생산·판매 비중은 55%였다. 전체 233만 대 중 127만 대를 미국에서 만들었다. 혼다는 더 높다. 지난해 미국 판매량(142만 대)의 72%(102만 대)를 미국 공장에서 생산했다. 한국 차가 일본보다 ‘관세 폭탄’에 더 취약한 구조인 셈이다. 증권가에선 이런 이유로 현대차·기아의 올 2분기 영업이익이 전년 동기보다 17% 가까이 줄어든 것으로 보고 있다.\n\n미국과의 협상을 통해 일본과 같은 수준(15%)으로 관세를 낮추면 한국 차에는 오히려 기회가 될 수 있다는 분석도 나온다. 임은정 삼성증권 연구원은 “한국은 한·미 자유무역협정(FTA) 효과로 일본과 달리 수입관세(2.5%)가 없는 만큼 12.5%까지 대미 자동차 관세가 떨어진다”고 설명했다. 이렇게 되면 현대차(월 3500억~4000억원)와 기아(월 2500억~3000억원)를 합쳐 월 6000억~7000억원에 달하는 관세 비용이 3500억원으로 절반가량 줄어든다. 관세 인하 기대로 이날 현대차(7.51%)와 기아(8.49%) 주가는 상승했다. ◇美 철강 수출 끊길 판상호관세와 자동차 품목관세를 절반으로 낮춘 일본이 50%에 달하는 철강·알루미늄 품목관세는 떨어뜨리지 못하자 국내 철강업계는 비상이 걸렸다. 미국이 일본과의 협상 결과를 지렛대 삼아 한국과 협상할 때 철강·알루미늄 관세는 내버려둘 가능성이 커졌기 때문이다.\n\n철강·알루미늄 관세가 인하되지 않으면 일본은 한국보다 유리한 상황에 놓인다. 세계 4위인 일본제철이 미국 US스틸을 인수해 미국 내 공급처를 확보했기 때문이다. US스틸의 지난해 조강 생산량은 1418만t으로 일본제철(4364만t)의 3분의 1수준이다. 2028년까지 110억달러(약 15조원)를 투자해 증산도 추진한다. 반면 한국은 미국 내 생산 시설이 한 곳도 없다. 현대차그룹이 포스코와 추진 중인 미국 루이지애나 제철소는 2029년에나 완공된다.\n\n철강업계는 철강·알루미늄 관세가 인하되지 않으면 미국 시장에서 퇴출될 수 있다고 우려한다. 국내에서 유통되는 열연강판 가격은 지난 21일 기준 t당 81만원 수준이지만 물류비(t당 50달러)와 관세를 더한 미국 판매가격은 t당 130만원 이상이기 때문이다. t당 120만원 안팎인 미국산 열연 강판보다 7% 이상 비싸다. 이렇게 되면 지난해 277만t을 수출해 47억달러(약 6조4808억원)를 벌어들인 대미 철강 수출길이 완전히 끊길 수 있다. 철강업계 관계자는 “관세율을 최소한 25%까지 낮춰야 미국 시장을 뚫을 수 있다”고 말했다.\n\n김보형/김우섭 기자 kph21c@hankyung.com",
  "published_at": "2025-07-23T18:01:18+09:00",
  "author": "김보형/김우섭",
  "image_urls": [
    "https://img.hankyung.com/photo/202507/01.33415361.1.jpg",
    "https://img.hankyung.com/photo/202507/AA.41202363.1.jpg"
  ],
  "thumbnail_url": "https://img.hankyung.com/photo/202507/01.33415361.1.jpg",
  "content_url": "https://www.hankyung.com/article/2025072377191",
  "publisher": "한국경제",
  "analysis": {
    "companies": {
      "현대차": {
        "original_mention": "현대차",
        "mapped_name": "현대자동차",
        "listing_status": "상장",
        "exchange": "KOSPI",
        "country": "Korea",
        "sentiment": "부정",
        "sentiment_reason": "미국과의 관세 협상에서 불리한 위치에 놓일 가능성",
        "stock_code": "005380"
      },
      "기아": {
        "original_mention": "기아",
        "mapped_name": "기아",
        "listing_status": "상장",
        "exchange": "KOSPI",
        "country": "Korea",
        "sentiment": "부정",
        "sentiment_reason": "미국과의 관세 협상에서 불리한 위치에 놓일 가능성",
        "stock_code": "000270"
      },
      "도요타": {
        "original_mention": "도요타",
        "mapped_name": "도요타",
        "listing_status": "상장",
        "exchange": "NYSE",
        "country": "USA",
        "sentiment": "중립",
        "sentiment_reason": "미국 현지 생산 비중이 높아 관세 인하의 영향을 덜 받음",
        "stock_code": "TM"
      },
      "혼다": {
        "original_mention": "혼다",
        "mapped_name": "혼다",
        "listing_status": "상장",
        "exchange": "NYSE",
        "country": "USA",
        "sentiment": "중립",
        "sentiment_reason": "미국 현지 생산 비중이 높아 관세 인하의 영향을 덜 받음",
        "stock_code": "HMC"
      },
      "포스코": {
        "original_mention": "포스코",
        "mapped_name": "포스코퓨처엠",
        "listing_status": "상장",
        "exchange": "KOSPI",
        "country": "Korea",
        "sentiment": "부정",
        "sentiment_reason": "미국 내 생산 시설이 없어 철강 수출에 불리한 상황",
        "stock_code": "003670"
      },
      "삼성증권": {
        "original_mention": "삼성증권",
        "mapped_name": "삼성증권",
        "listing_status": "상장",
        "exchange": "KOSPI",
        "country": "Korea",
        "sentiment": "중립",
        "sentiment_reason": "관세 인하 기대에 따른 주가 상승",
        "stock_code": "016360"
      }
    },
    "relations": [
      {
        "source": "현대자동차",
        "target": "기아",
        "relation_type": "경쟁사",
        "relation_reason": "미국 시장에서의 경쟁",
        "source_is_listed": true,
        "source_country": "Korea",
        "source_ticker": "005380",
        "target_is_listed": true,
        "target_country": "Korea",
        "target_ticker": "000270"
      },
      {
        "source": "현대자동차",
        "target": "도요타",
        "relation_type": "경쟁사",
        "relation_reason": "미국 중형 세단 시장에서의 경쟁",
        "source_is_listed": true,
        "source_country": "Korea",
        "source_ticker": "005380",
        "target_is_listed": true,
        "target_country": "USA",
        "target_ticker": "TM"
      },
      {
        "source": "현대자동차",
        "target": "혼다",
        "relation_type": "경쟁사",
        "relation_reason": "미국 중형 세단 시장에서의 경쟁",
        "source_is_listed": true,
        "source_country": "Korea",
        "source_ticker": "005380",
        "target_is_listed": true,
        "target_country": "USA",
        "target_ticker": "HMC"
      },
      {
        "source": "포스코퓨처엠",
        "target": "현대자동차",
        "relation_type": "파트너",
        "relation_reason": "미국 루이지애나 제철소 공동 추진",
        "source_is_listed": true,
        "source_country": "Korea",
        "source_ticker": "003670",
        "target_is_listed": true,
        "target_country": "Korea",
        "target_ticker": "005380"
      }
    ]
  }
}