{
  "title": "관세에 주춤했던 자동차, 배당주로 다시 뜬다",
  "description": "관세에 주춤했던 자동차, 배당주로 다시 뜬다, 현대차·기아 관세 우려에 약세 시총 대비 현금 비중 40%대 배당·자사주 매입 등 기대 커져",
  "content": "미국발 관세 우려로 지지부진한 흐름을 이어가던 자동차주의 고배당 매력이 부각되고 있다. 정부의 배당소득 분리과세 정책 기대를 타고 주가가 반등할 수 있다는 분석이 나온다.\n\n16일 한국거래소에 따르면 현대차와 기아는 최근 6개월간 각각 5.25%, 3.77% 하락했다. 국내 주요 완성차·부품주 20종목으로 구성된 KRX 자동차지수도 4.19% 오르는 데 그쳤다. 코스피지수가 같은 기간 26.07% 상승한 것과 대비된다.\n\n국내 증시가 고공행진하는 와중에 자동차주가 역주행한 것은 도널드 트럼프 미국 행정부가 지난 4월부터 수입 자동차에 25%의 ‘관세 폭탄’을 부과하고 있어서다. 관세 여파로 현대차와 기아의 5월 대미 수출 물량은 7만7892대로, 작년 동월(9만9172대) 대비 21.5% 감소했다. 한화투자증권은 미 관세 부과에 따른 현대차·기아의 올해 비용이 4조9000억원에 달할 것으로 내다봤다.\n\n증권가에서는 자동차주가 다시 상승 모멘텀을 잡을 가능성이 높다고 보고 있다. 정부의 배당소득 분리과세 도입 움직임과 보조를 맞추면서다. 현대차와 기아는 현금이 많아 배당 여력이 충분하다. 자사주 매입·소각에도 적극적인 편이다. 현대차와 기아의 현재 순현금은 시가총액 대비 각각 40.4%, 46.7% 수준이다. 순현금은 현금, 단기금융상품 등 현금성 자산에서 차입금을 뺀 금액이다. 배당수익률은 현대차 5.69%, 기아 6.5%다.\n\n임은영 삼성증권 연구원은 “관세 충격에도 국내 완성차 업체들은 수익성에 별 타격을 입지 않을 것”이라며 “배당금을 작년 수준으로 유지하고 있는 데다 주주환원에도 꾸준히 나서고 있다는 점에서 유망하다”고 분석했다.\n\n맹진규 기자 maeng@hankyung.com",
  "published_at": "2025-07-16T17:23:52+09:00",
  "author": "맹진규",
  "image_urls": [],
  "thumbnail_url": "https://static.hankyung.com/img/logo/logo-news-sns.png?v=20201130",
  "content_url": "https://www.hankyung.com/article/2025071627521",
  "publisher": "한국경제",
  "analysis": {
    "companies": {
      "현대차": {
        "original_mention": "현대차",
        "mapped_name": "현대자동차",
        "listing_status": "상장",
        "exchange": "KRX",
        "country": "Korea",
        "sentiment": "중립",
        "sentiment_reason": "관세 부과로 인한 수출 감소에도 불구하고 배당 매력 부각",
        "stock_code": "005380"
      },
      "기아": {
        "original_mention": "기아",
        "mapped_name": "기아",
        "listing_status": "상장",
        "exchange": "KRX",
        "country": "Korea",
        "sentiment": "중립",
        "sentiment_reason": "관세 부과로 인한 수출 감소에도 불구하고 배당 매력 부각",
        "stock_code": "000270"
      },
      "한화투자증권": {
        "original_mention": "한화투자증권",
        "mapped_name": "한화투자증권",
        "listing_status": "상장",
        "exchange": "KRX",
        "country": "Korea",
        "sentiment": "중립",
        "sentiment_reason": "미 관세 부과에 따른 비용 예측",
        "stock_code": "003530"
      },
      "삼성증권": {
        "original_mention": "삼성증권",
        "mapped_name": "삼성증권",
        "listing_status": "상장",
        "exchange": "KRX",
        "country": "Korea",
        "sentiment": "긍정",
        "sentiment_reason": "국내 완성차 업체들의 수익성 유지 전망",
        "stock_code": "016360"
      }
    },
    "relations": []
  }
}