{
  "title": "현대차·기아, 탄소감축 위해 87개 협력사와 상생 협약",
  "description": "현대차·기아, 탄소감축 위해 87개 협력사와 상생 협약, 민지혜 기자, 경제",
  "content": "현대자동차·기아와 협력업체 87개 사가 탄소 감축에 나선다.\n\n중소벤처기업부와 산업통상부는 17일 현대차·기아, 자동차 부품 협력기업 87개 사, 자동차부품산업진흥재단 등과 함께 자동차산업 공급망의 탄소 경쟁력 제고를 위한 ‘자동차 공급망 탄소 감축 상생 협약식’을 열었다. 이번 협약을 통해 산업부와 현대차·기아가 우선 1차 협력사의 탄소 감축 설비 교체를 지원하기로 했다. 이후 해당 1차 협력사는 지원받은 금액만큼을 환원해 중기부와 함께 다시 2차 협력사의 설비 교체를 지원한다. 노용석 중기부 제1차관은 “글로벌 공급망 탄소 규제가 강화되면서 공급망 전반의 감축 노력이 더욱 중요해졌다”고 말했다.\n\n민지혜 기자 spop@hankyung.com",
  "published_at": "2025-11-17T17:02:09+09:00",
  "author": "민지혜",
  "image_urls": [],
  "thumbnail_url": "https://static.hankyung.com/img/logo/logo-news-sns.png?v=20201130",
  "content_url": "https://www.hankyung.com/article/2025111789681",
  "publisher": "한국경제",
  "analysis": {
    "companies": {
      "현대자동차": {
        "original_mention": "현대차",
        "mapped_name": "현대자동차",
        "listing_status": "상장",
        "exchange": "KOSPI",
        "country": "Korea",
        "sentiment": "중립",
        "sentiment_reason": "탄소 감축을 위한 협약 참여",
        "stock_code": "005380"
      },
      "기아": {
        "original_mention": "기아",
        "mapped_name": "기아",
        "listing_status": "상장",
        "exchange": "KOSPI",
        "country": "Korea",
        "sentiment": "중립",
        "sentiment_reason": "탄소 감축을 위한 협약 참여",
        "stock_code": "000270"
      }
    },
    "relations": [
      {
        "source": "현대자동차",
        "target": "기아",
        "relation_type": "파트너",
        "relation_reason": "탄소 감축 상생 협약 참여",
        "source_is_listed": true,
        "source_country": "Korea",
        "source_ticker": "005380",
        "target_is_listed": true,
        "target_country": "Korea",
        "target_ticker": "000270"
      }
    ]
  }
}