{
  "title": "기아, 평택에 모빌리티 거점…경기도 '미래차 벨트' 완성",
  "description": "기아, 평택에 모빌리티 거점…경기도 미래차 벨트 완성, 신개념 복합문화공간 개소 인증 중고차 사고 PBV 체험도 광명·화성은 생산, 평택은 판매",
  "content": "경기도가 기아의 미래 모빌리티 복합문화공간을 평택에 유치해 수도권 남부권 모빌리티 산업벨트를 사실상 완성 단계로 끌어올렸다는 평가를 받게 됐다. 인증중고차부터 목적기반차량(PBV) 체험까지 한 공간에서 제공하는 국내 최초의 미래형 모빌리티 허브가 문을 열면서 경기도의 미래차 전략이 본격적인 성과를 내고 있다.\n\n경기도는 평택 청북읍에 ‘기아 인증중고차센터 평택 직영점·PBV 익스피리언스 센터’가 공식 개소했다고 17일 밝혔다. 이 센터는 단순한 중고차 판매장이 아니라 기아의 미래 모빌리티 기술과 서비스를 체험하는 복합문화공간을 표방한다.\n\n센터는 6만1500여㎡ 부지에 연면적 2만9000여㎡, 지상 4층 규모로 조성됐다. 인증 중고차 전시·판매, PBV 전시, 신차 체험존, 주행트랙, 반려동물 놀이터 등 다양한 시설을 갖췄다. 평택휴게소와 이어지는 동선도 마련해 지역 주민과 방문객이 일상적으로 찾을 수 있는 개방형 공간으로 설계했다.\n\n이번에 개소한 센터는 경기도의 미래 모빌리티 생태계 전략에서 핵심 고리로 꼽힌다. 지난해 광명 전기차 전용공장 준공, 지난 14일 화성 PBV 전용공장 준공에 이어 평택에 체험·판매 기능까지 더해지면서 ‘개발-생산-체험-판매’로 이어지는 전주기 산업 구조가 완성됐다.\n\n경기도는 국내 자동차 연구개발(R&amp;D) 투자 비중 71.1%, 연구인력 2만3000여 명을 보유한 최대 산업 기반을 바탕으로 미래차 중심지로 자리매김해왔다. 이번 기아 시설 유치는 경기도가 기업에 ‘즉시 실행 가능한 산업 환경’을 제공하고 있음을 보여주는 상징적 사례라는 평가가 나온다.\n\n평택=정진욱 기자 crocus@hankyung.com",
  "published_at": "2025-11-17T17:00:23+09:00",
  "author": "정진욱",
  "image_urls": [],
  "thumbnail_url": "https://static.hankyung.com/img/logo/logo-news-sns.png?v=20201130",
  "content_url": "https://www.hankyung.com/article/2025111789881",
  "publisher": "한국경제",
  "analysis": {
    "companies": {
      "기아": {
        "original_mention": "기아",
        "mapped_name": "기아",
        "listing_status": "상장",
        "exchange": "KOSPI",
        "country": "Korea",
        "sentiment": "긍정",
        "sentiment_reason": "미래 모빌리티 복합문화공간 유치로 경기도의 미래차 전략에 기여",
        "stock_code": "000270"
      }
    },
    "relations": []
  }
}