{
  "title": "기아, 4조 들여 '마더팩토리' 구축…전기차 물량 58% 韓서 만든다",
  "description": "기아, 4조 들여 마더팩토리 구축…전기차 물량 58% 韓서 만든다, 기아 15만대 전기차 공장 추가로 짓는다 화성 연10만대 공장 신설 이어 2027년 대형전기차 공장 완공 2030년 전기차 58% 국내 생산",
  "content": "[IMG]\n 14일 경기 화성 이보(EVO) 플랜트 이스트 준공식 및 이보 플랜트 웨스트 기공식이 열렸다. 왼쪽부터 김동연 경기지사, 문신학 산업통상부 1차관, 김민석 국무총리, 정의선 현대자동차그룹 회장, 송호성 기아 사장, 송옥주 더불어민주당 의원. 청사사진기자단\">\n                            \n                        \n                        &lt; ‘현대차그룹 스마트팩토리’ 준공식 참석한 金총리 &gt; 14일 경기 화성 이보(EVO) 플랜트 이스트 준공식 및 이보 플랜트 웨스트 기공식이 열렸다. 왼쪽부터 김동연 경기지사, 문신학 산업통상부 1차관, 김민석 국무총리, 정의선 현대자동차그룹 회장, 송호성 기아 사장, 송옥주 더불어민주당 의원. 청사사진기자단\n                    \n                기아가 경기 화성에 연 15만 대를 생산할 수 있는 전기자동차 전용 공장을 추가로 짓는다. 14일 준공한 연 10만 대짜리 ‘이보(EVO) 플랜트 이스트’와 합치면 연 25만 대 규모 전기차 공장이 국내에 들어서는 셈이다.\n\n기아는 내년부터 2030년까지 글로벌 시장에서 생산할 예정인 전기차 451만 대 가운데 58%(263만 대)를 국내에서 제조하는 전기차 ‘마더 팩토리’ 전략을 통해 ‘한국 제조업 공동화’를 막기로 했다.\n                    \n                        \n                            \n[IMG]\n\n                            \n                        \n                        \n                    \n                기아는 이날 경기 오토랜드 화성에서 ‘이보 플랜트 이스트 준공식 및 이보 플랜트 웨스트 기공식’을 열었다. 기아는 이보 플랜트 이스트에서 택시와 화물차 등으로 활용할 수 있는 목적기반차량(PBV) ‘PV5’를 연간 10만 대 생산할 계획이다. 웨스트에선 2027년부터 양산할 예정인 ‘PV7’ 등 대형 PBV를 연 15만 대 생산한다.\n\n기아는 축구장 42개 크기인 30만375㎡ 부지에 들어선 이보 플랜트를 완공하는 데 4조원가량을 투입하기로 했다. 전기 PBV 시장은 경상용차(LCV)를 중심으로 커지는 추세다. 올해 22만 대 수준인 글로벌 전기 LCV 시장은 2030년 119만 대로 다섯 배 넘게 커질 것으로 전망된다.\n\n현대차도 3조원가량을 투입해 전기차와 수소연료전지 등 미래 모빌리티 신공장을 국내에 짓고 있다.\n\n현대차그룹이 국내 공장 투자를 늘리는 것은 한국을 ‘전기차 마더 팩토리’로 삼기 위해서다. 한국에서 전기차 관련 연구개발(R&amp;D)과 공급망 관리 등 핵심 업무를 담당하고, 해외 공장에선 생산만 전담하는 방식이다.\n\n정부는 한국 전기차 생태계 고도화를 지원하기 위해 이날 ‘제1차 미래차 산업전략 대화’를 열고 자동차산업에 15조원 이상의 정책금융을 공급하기로 했다. 내년 전기차 보조금 규모도 9360억원으로 올해보다 30% 이상 늘렸다. 화성에 年 10만대 전기차 공장 완공…15만대 추가 착공\n 29년만에 국내 완성차 공장 신설…마더팩토리 혁신이 車명운 좌우지난 20년동안 현대자동차그룹이 공들여온 핵심 전략중 하나는 해외 생산망 구축이었다. 지난해 723만대를 판매한 세계 3위 자동차 메이커로 도약한 만큼 차량이 많이 팔리는 곳에 공장을 세우는 건 관세와 물류비 등을 감안할 때 당연한 일이었다. 하지만 현대차그룹이 미국, 유럽, 인도에 신공장을 지을 때마다 일각에선 ‘국내 공장 공동화’ 우려를 내놓았다.\n\n14일 현대차그룹이 내놓은 ‘전기차 마더 팩토리’ 전략은 ‘제조업 엑소더스’ 우려를 불식시키기에 충분했다. 핵심 차종 생산과 연구개발(R&amp;D) 기능을 갖춘 ‘모(母) 공장’을 한국에 두고, 해외는 생산 중심 기지로 활용해 국내 자동차 생태계를 지키겠다고 공언했기 때문이다. ◇ 전기 PBV 국내서 만들어 수출이날 기아가 경기 화성 오토랜드 화성에서 준공식을 가진 ‘이보(EVO) 플랜트 이스트’는 국내 첫 전기 목적 맞춤형 전기차(PBV) 전용 공장이다. 1996년 현대차 아산공장 이후 29년 만에 처음 국내에 신설한 완성차 공장이다. 연 생산규모는 10만대다.\n\n기아는 이날 바로 옆 자리에 ‘이보(EVO) 플랜트 웨스트’ 착공식을 가졌다. 이스트보다 큰 연 15만대 생산규모로 짓는다. 2027년 완공되면 기아는 화성에서 매년 25만대에 달하는 PBV 차량을 생산해 전세계로 판매한다. 현대차그룹이 이들 공장을 확보하는데 들이는 돈은 4조원에 달한다.\n\n현대차그룹은 이보 플랜트를 전기 PBV의 ‘마더팩도리’로 키울 계획이다. 기아는 PBV 전량을 국내에서 생산해 2030년까지 글로벌 시장에 89만대를 판매하겠다는 계획이다. 이중 73%는 해외에 수출한다. 송호성 기아 사장은 “정부의 전기차 지원과 연계해 2026년부터 2030년까지 글로벌 시장에서 생산할 기아 전기차 451만대중 58%(263만대)를 국내에서 생산할 계획”이라고 말했다. ◇ “韓 미래차 산업 발전에 앞장”마더팩토리는 해외 공장과 국내 부품사를 아우르는 자동차 생태계의 ‘지휘자’ 역할을 하는 공장을 말한다. 폭스바겐그룹의 독일 볼프스부르크 공장과 도요타그룹의 일본 다카오카 공장이 그런 예다. 이들 공장은 R&amp;D는 물론 공급망 관리, 인력 개발 등 핵심업무를 담당한다.\n\n현대차그룹이 한국을 ‘전기차 마더팩토리’로 점찍은 데는 몇가지 이유가 있다. 한국이 현대차그룹의 R&amp;D거점인데다 오랜 기간 호흡을 맞춰온 부품사와 숙련된 인력이 촘촘하게 전기차 생태계를 형성하고 있어서다. 정의선 현대차그룹 회장은 이날 착공식 후 열린 ‘제1차 미래차 산업전략 대화’에서 “현대차·기아가 앞장서 전동화와 미래차 산업 발전에 최선을 다하겠다”고 밝혔다.\n\n현대차그룹의 전기차 마더팩토리 전략은 이제 시작이다. 현대차는 2조원을 투입해 울산에 연 20만대 규모의 전기차 전용 공장을 짓고 있다. 2026년 초 완공 예정이다. 현대차는 지난 10월 말 9300억원을 들여 울산 수소연료전지 공장(연 3만기) 착공식도 가졌다.\n\n현대차의 마더팩토리 전략에 정부도 적극 지원키로 했다. 친환경차 R&amp;D 뿐만 아니라 전기차를 국내에서 생산할 때도 인센티브를 주는 식으로 관련 제도를 재설계하기로 했다. 이날 행사에 참석한 김민석 국무총리는 “국내에 첨단 자동차 생산을 늘려 수출로 이어지는 환경을 만들겠다”며 “2035년에는 국내에서 생산하는 자동차 10대 중 8대가 친환경차가 되는 시대가 올 것으로 기대한다”고 말했다.\n\n화성=신정은/김보형 기자 newyearis@hankyung.com",
  "published_at": "2025-11-14T17:59:22+09:00",
  "author": "신정은/김보형",
  "image_urls": [
    "https://img.hankyung.com/photo/202511/AA.42381339.1.jpg",
    "https://img.hankyung.com/photo/202511/AA.42381338.1.jpg"
  ],
  "thumbnail_url": "https://img.hankyung.com/photo/202511/AA.42381339.1.jpg",
  "content_url": "https://www.hankyung.com/article/2025111451431",
  "publisher": "한국경제",
  "analysis": {
    "companies": {
      "기아": {
        "original_mention": "기아",
        "mapped_name": "기아",
        "listing_status": "상장",
        "exchange": "KOSPI",
        "country": "Korea",
        "sentiment": "긍정",
        "sentiment_reason": "전기차 마더팩토리 전략을 통해 국내 생산을 강화하고 글로벌 시장에서의 경쟁력을 높이려는 긍정적인 계획 발표",
        "stock_code": "000270"
      },
      "현대자동차": {
        "original_mention": "현대차",
        "mapped_name": "현대자동차",
        "listing_status": "상장",
        "exchange": "KOSPI",
        "country": "Korea",
        "sentiment": "긍정",
        "sentiment_reason": "전기차 및 수소연료전지 공장 건설을 통해 미래 모빌리티 시장을 선도하려는 긍정적인 계획 발표",
        "stock_code": "005380"
      }
    },
    "relations": [
      {
        "source": "기아",
        "target": "현대자동차",
        "relation_type": "파트너",
        "relation_reason": "현대차그룹의 전기차 마더팩토리 전략에 따라 협력하여 국내 전기차 생산을 강화",
        "source_is_listed": true,
        "source_country": "Korea",
        "source_ticker": "000270",
        "target_is_listed": true,
        "target_country": "Korea",
        "target_ticker": "005380"
      }
    ]
  }
}