{
  "title": "K양궁 대중화 나선 현대모비스",
  "description": "K양궁 대중화 나선 현대모비스, 방과 후 수업 정식종목 채택 지원",
  "content": "[IMG]\n\n                            \n                        \n                        \n                    \n                현대모비스가 양궁의 학교스포츠클럽(방과 후 수업) 정식종목 채택을 위해 앞장서고 있다. 현재는 시범종목으로 운영되고 있다.\n\n현대모비스는 지난 12일 충남 천안 남서울대에서 ‘2025 현대모비스와 함께하는 학교스포츠클럽 양궁대회’(사진)를 열었다고 14일 밝혔다.\n\n현대모비스는 대한양궁협회와 공동으로 2022년부터 연 2회 학교스포츠클럽 양궁대회를 개최하고 있다. 이번 대회엔 전국 21개 중학교에서 300여 명의 학생이 참가했다. 현대모비스 여자양궁단 소속 선수들도 참여해 활 쏘는 법을 알려주고, 이벤트 시합을 열었다.\n\n현대모비스는 1986년 여자 실업 양궁단 창단 이후 40년 넘게 한국 양궁 발전에 힘써 왔다. 올해엔 양궁 종목의 학교스포츠클럽 정식 편입을 위해 지원을 강화한다는 방침이다. 이를 위해 양궁협회와 학교 보급형 양궁 규칙을 개정하고, 전문적인 커리큘럼과 교재를 제공한다.\n\n김보형 기자 kph21c@hankyung.com",
  "published_at": "2025-07-14T18:12:38+09:00",
  "author": "김보형",
  "image_urls": [
    "https://img.hankyung.com/photo/202507/AA.41117096.1.jpg"
  ],
  "thumbnail_url": "https://static.hankyung.com/img/logo/logo-news-sns.png?v=20201130",
  "content_url": "https://www.hankyung.com/article/2025071475011",
  "publisher": "한국경제",
  "analysis": {
    "companies": {
      "현대모비스": {
        "original_mention": "현대모비스",
        "mapped_name": "현대모비스",
        "listing_status": "상장",
        "exchange": "KOSPI",
        "country": "Korea",
        "sentiment": "긍정",
        "sentiment_reason": "양궁 대중화와 학교스포츠클럽 지원을 통해 긍정적인 사회적 기여를 하고 있음",
        "stock_code": "012330"
      }
    },
    "relations": []
  }
}