{
  "title": "전기차 부진에…리튬社 잇단 사업 축소",
  "description": "전기차 부진에…리튬社 잇단 사업 축소, 1위 앨버말, 호주 인력 40%↓ 포스코홀딩스 등 대응책 관심",
  "content": "세계 최대 리튬 생산업체 앨버말이 호주에서 사업을 축소한다. 전기차 수요 부진으로 광물 가격이 급락하자 글로벌 광산업체들이 구조조정에 나서고 있는 것이다. 광물 사업을 오랫동안 준비해온 포스코홀딩스 등 국내 업체의 긴장감도 높아지고 있다.\n\n2일 배터리업계에 따르면 앨버말은 호주 캐머튼 수산화리튬 공장의 인력을 40% 감축한다. 앨버말은 당초 캐머튼 공장의 연간 생산량을 현재 5만t에서 10만t까지 늘릴 계획이었지만, 연간 2만5000t으로 생산 목표를 대폭 낮췄다. 전년도 2분기 6억5000만달러(약 8910억원)의 이익을 낸 앨버말은 올해 2분기에는 1억8800만달러의 순손실을 냈다.\n\n리튬 가격은 전기차 수요 부진으로 꾸준히 하락하고 있다. 상하이거래소에서 순도 99.95% 리튬은 현재 t당 8만800위안으로 2022년 최고가(t당 60만위안)의 7분의 1 수준이다. 켄트 마스터스 앨버말 최고경영자(CEO)는 “시장은 개선되지 않고 있으며 오히려 조금 더 나빠졌다”고 말했다.\n\n글로벌 광산업체인 BHP는 오는 10월부터 호주 니켈 사업을 잠정 중단하기로 했다. 앞서 와일루 메탈스, 파노라믹리소스 등 호주 주요 니켈 개발업체도 사업을 중단했다.\n\n글로벌 광산업체들의 구조조정은 적극적으로 광산 개발에 투자해온 포스코홀딩스 등 국내 업체의 경영에도 영향을 미칠 전망이다. 포스코홀딩스는 직접 투자한 호주·아르헨티나의 리튬·니켈 광산을 이용해 대량 생산체제를 구축 중이다. 포스코그룹 관계자는 “제품 품질을 높이는 조업 안정화 등에 투자하며 가격 약세 시기를 견딜 계획”이라며 “오히려 이 기회를 살려 가격이 크게 낮아진 우량 광산 자산 등을 확보할 계획도 있다”고 말했다.\n\n성상훈 기자 uphoon@hankyung.com",
  "published_at": "2024-08-02T17:32:50+09:00",
  "author": "성상훈",
  "image_urls": [],
  "thumbnail_url": "https://static.hankyung.com/img/logo/logo-news-sns.png?v=20201130",
  "content_url": "https://www.hankyung.com/article/2024080285181",
  "publisher": "한국경제",
  "analysis": {
    "companies": {
      "앨버말": {
        "original_mention": "앨버말",
        "mapped_name": "앨버말",
        "listing_status": "상장",
        "exchange": "",
        "country": "USA",
        "sentiment": "부정",
        "sentiment_reason": "전기차 수요 부진으로 인한 사업 축소 및 순손실 발생",
        "stock_code": null
      },
      "포스코홀딩스": {
        "original_mention": "포스코홀딩스",
        "mapped_name": "포스코홀딩스",
        "listing_status": "상장",
        "exchange": "",
        "country": "Korea",
        "sentiment": "중립",
        "sentiment_reason": "광산업체 구조조정이 경영에 영향을 미칠 전망",
        "stock_code": null
      },
      "BHP": {
        "original_mention": "BHP",
        "mapped_name": "BHP",
        "listing_status": "상장",
        "exchange": "",
        "country": "Other",
        "sentiment": "부정",
        "sentiment_reason": "니켈 사업 잠정 중단",
        "stock_code": null
      },
      "와일루 메탈스": {
        "original_mention": "와일루 메탈스",
        "mapped_name": "와일루 메탈스",
        "listing_status": "비상장",
        "exchange": "",
        "country": "Other",
        "sentiment": "부정",
        "sentiment_reason": "사업 중단",
        "stock_code": null
      },
      "파노라믹리소스": {
        "original_mention": "파노라믹리소스",
        "mapped_name": "파노라믹리소스",
        "listing_status": "비상장",
        "exchange": "",
        "country": "Other",
        "sentiment": "부정",
        "sentiment_reason": "사업 중단",
        "stock_code": null
      }
    },
    "relations": [
      {
        "source": "앨버말",
        "target": "포스코홀딩스",
        "relation_type": "경쟁사",
        "relation_reason": "리튬 및 니켈 사업에서의 경쟁",
        "source_is_listed": true,
        "source_country": "USA",
        "source_ticker": null,
        "target_is_listed": true,
        "target_country": "Korea",
        "target_ticker": null
      }
    ]
  }
}