{
  "title": "셀트리온, 사상 최대 실적…'연매출 5조' 순항",
  "description": "셀트리온, 사상 최대 실적…연매출 5조 순항, 2분기 잠정실적 발표 짐펜트라 등 판매 본격화 고마진 제품 비중 확대 매출 9615억원…9.9% 늘어 영업이익은 234.5% 증가",
  "content": "셀트리온이 2분기 기준 역대 최대 실적을 기록했다. 셀트리온의 효자 제품 ‘램시마SC’(미국명 짐펜트라)와 같이 마진율이 높은 제품의 판매 비중이 늘어나면서다. 하반기에는 바이오시밀러 신제품 출시로 더 가파른 성장세를 예고하고 나섰다. 셀트리온이 목표로 내건 ‘연매출 5조원 달성’에 청신호가 켜졌다는 분석이 나온다.\n                    \n                        \n                            \n[IMG]\n\n                            \n                                    \n                                        \n                                    \n                                    이미지 크게보기\n                                \n                        \n                        \n                    \n                 ◇작년 대비 세 배로 뛴 영업이익셀트리온은 21일 잠정실적 공시를 통해 올 2분기 연결 기준 매출 9615억원, 영업이익 2425억원을 기록했다고 발표했다. 영업이익률도 약 25%를 기록했다. 전년 동기 대비 매출은 9.9%, 영업이익은 234.5% 증가한 수치다. 2분기 기준으로 역대 최대 실적이다. 상반기 매출을 기준으로 봐도 역대 최고 실적이다. 올해 상반기 매출은 1조8034억원으로 지난해 상반기 매출(1조 6117억원) 대비 약 11.9%가량 증가했다.\n\n특히 마진율이 높은 신규 제품의 비중이 크게 늘었다. 대표적인 고마진 제품으로는 셀트리온이 개발한 세계 유일의 피하주사(SC)형 자가면역질환제 바이오시밀러(바이오의약품 복제약) 램시마SC가 있다. 이 밖에 기타 자가면역질환제 바이오시밀러 제품인 유플라이마, 스테키마, 베그젤마 등도 고마진 제품에 해당한다. 이들의 2분기 매출은 전체 매출의 약 53%를 차지한다. 전년 동기 이들 제품의 매출 비중은 약 30%였으나 이번에 대폭 확대됐다. 셀트리온은 스테키마를 미국에 출시한 지 한 달 만에 시장의 90%를 차지하는 5대 처방약급여관리업체(PBM) 중 두 곳의 처방집에 등재하며 직판 경쟁력을 입증했다.\n\n지속적인 원가 개선 노력으로 수익성도 개선했다. 셀트리온헬스케어와 합병하면서 일시적으로 상승한 매출 원가율을 낮췄다. 합병 시점인 2023년 말 기준 63%이던 매출 원가율은 올 2분기 약 43%로 줄었다. 작년 동기(58%)보다 15%포인트 감소했다. 직전 분기와 비교해도 한 분기 만에 원가율을 4%포인트 줄이며 이익 폭을 키웠다. 셀트리온 관계자는 “합병 과정에서 발생한 고원가 재고를 소진하고 생산 수율을 개선했다”며 “작년 말부터 생산을 시작한 3공장의 가동률이 상승한 것도 원인으로 작용했다”고 부연했다. ◇“하반기 성장 더 가파를 것”셀트리온이 올해 목표로 제시한 연매출 5조원 달성에 대한 기대도 높아지고 있다. 회사는 올 하반기 신규 제품 출시를 통해 더욱 가파른 성장을 이어간다는 전략이다. 하반기에는 △알레르기 질환 치료제 옴리클로 △관절염 치료제 앱토즈마 △황반변성 치료제 아이덴젤트 △골질환 치료제 스토보클로-오센벨트 등이 미국과 유럽 시장에 순차적으로 진출한다. 셀트리온 관계자는 “옴리클로와 앱토즈마는 오리지널 의약품의 첫 바이오시밀러”라며 “새로 시장에 뛰어들게 돼 수익 잠재성이 높다”고 설명했다. 그는 “실적 성장세는 전반기 대비 훨씬 가파를 것으로 기대하고 있다”고 덧붙였다.\n\n셀트리온은 신성장동력 발굴에도 매진하고 있다. 2030년까지 총 34개의 바이오시밀러 포트폴리오를 완성한다는 계획이다.\n\n주가 부양에도 나서고 있다. 셀트리온은 이날 1000억원 규모로 자사주를 추가 매입한다고 공시했다. 회사는 올해 8차례에 걸쳐 7500억원 규모의 자사주 매입을 진행했다. 올해 소각한 자사주 규모도 9000억원에 달한다.\n\n오현아 기자 5hyun@hankyung.com",
  "published_at": "2025-07-21T17:20:35+09:00",
  "author": "오현아",
  "image_urls": [
    "https://img.hankyung.com/photo/202507/AA.41182362.1.jpg"
  ],
  "thumbnail_url": "https://img.hankyung.com/photo/202507/AA.41182362.1.jpg",
  "content_url": "https://www.hankyung.com/article/2025072124931",
  "publisher": "한국경제",
  "analysis": {
    "companies": {
      "셀트리온": {
        "original_mention": "셀트리온",
        "mapped_name": "셀트리온",
        "listing_status": "상장",
        "exchange": "KOSDAQ",
        "country": "Korea",
        "sentiment": "긍정",
        "sentiment_reason": "역대 최대 실적 기록 및 고마진 제품 판매 증가",
        "stock_code": "068270"
      },
      "셀트리온헬스케어": {
        "original_mention": "셀트리온헬스케어",
        "mapped_name": "셀트리온헬스케어",
        "listing_status": "상장",
        "exchange": "KOSDAQ",
        "country": "Korea",
        "sentiment": "긍정",
        "sentiment_reason": "합병으로 인한 원가율 감소 및 수익성 개선",
        "stock_code": "091990"
      }
    },
    "relations": [
      {
        "source": "셀트리온",
        "target": "셀트리온헬스케어",
        "relation_type": "합병",
        "relation_reason": "셀트리온헬스케어와의 합병으로 원가율 감소 및 수익성 개선",
        "source_is_listed": true,
        "source_country": "Korea",
        "source_ticker": "068270",
        "target_is_listed": true,
        "target_country": "Korea",
        "target_ticker": "091990"
      }
    ]
  }
}