{
  "title": "[부고] 손수근 삼성물산 건설부문 홍보부장 별세 外",
  "description": "손수근 삼성물산 건설부문 홍보부장 별세 外, 사회",
  "content": "▶손수근 삼성물산 건설부문 홍보부장 별세, 박소영씨 남편상, 손서영·손재영씨 부친상=4일 서울아산병원 발인 7일 오전 8시40분 02-3010-2000\n\n▶송진용 前 외환은행 본부장 별세, 송방준 신영증권 상무·송현주씨 부친상, 엄동원 신영증권 이사 장인상, 황수진씨 시부상=5일 삼성서울병원 발인 7일 오전 7시15분 02-3410-6903\n\n▶추성국씨 별세, 박무호 유진그룹 상무(유진한일합섬 경영관리실장) 장인상=4일 전남 완도대성병원 발인 6일 오전 10시 061-554-4456",
  "published_at": "2025-09-05T17:03:16+09:00",
  "author": "한국경제",
  "image_urls": [],
  "thumbnail_url": "https://static.hankyung.com/img/logo/logo-news-sns.png?v=20201130",
  "content_url": "https://www.hankyung.com/article/2025090560191",
  "publisher": "한국경제",
  "analysis": {
    "companies": {
      "삼성물산": {
        "original_mention": "삼성물산",
        "mapped_name": "삼성물산",
        "listing_status": "상장",
        "exchange": "Korea Exchange",
        "country": "Korea",
        "sentiment": "중립",
        "sentiment_reason": "부고 기사로 인한 중립적 언급",
        "stock_code": "028260"
      },
      "신영증권": {
        "original_mention": "신영증권",
        "mapped_name": "신영증권",
        "listing_status": "상장",
        "exchange": "Korea Exchange",
        "country": "Korea",
        "sentiment": "중립",
        "sentiment_reason": "부고 기사로 인한 중립적 언급",
        "stock_code": "001720"
      },
      "유진그룹": {
        "original_mention": "유진그룹",
        "mapped_name": "유진그룹",
        "listing_status": "비상장",
        "exchange": "",
        "country": "Korea",
        "sentiment": "중립",
        "sentiment_reason": "부고 기사로 인한 중립적 언급",
        "stock_code": null
      }
    },
    "relations": []
  }
}