{
  "title": "아파트에 로봇 바람…'스마트 주거' 경쟁",
  "description": "아파트에 로봇 바람…스마트 주거 경쟁, HDC현산, 한양2차에 주차로봇 삼성물산, 시니어 돌봄로봇 실증",
  "content": "[IMG]\n\n                            \n                        \n                        \n                    \n                기술 발전과 더불어 아파트 단지에 ‘로봇’이 속속 도입되고 있다. HDC현대산업개발은 주차 로봇을, 삼성물산은 돌봄 로봇을 앞세워 ‘스마트 주거’ 경쟁에 나섰다.\n\nHDC현산은 서울 송파동 한양2차 재건축 수주전에서 차별화된 경쟁력을 확보하기 위해 HL로보틱스와 업무협약(MOU)을 맺고 인공지능(AI) 기반 자율주행 주차 로봇을 활용한다고 3일 밝혔다. 아파트 단지에 주차 로봇을 상용화하는 첫 사례가 될 전망이다.\n\nHL로보틱스의 ‘파키’(parkie·사진)는 운전자가 지정 구역에 차량을 세워두면 로봇이 차량 하부로 들어가 바퀴를 들어 올린 뒤 빈 주차 공간으로 이동시킬 수 있다. HL로보틱스 관계자는 “출차 때 앱이나 월패드로 호출하면 차량을 자동으로 옮겨 대기하도록 할 수 있다”고 했다. 입주민이 주차 공간을 직접 찾아다닐 필요가 없어 접촉사고 위험도 줄일 수 있다는 설명이다.\n\nHDC현산은 송파 한양2차를 AI 홈 에이전트, 차세대 헬스케어 플랫폼, 웰니스 기기, 주차 로봇 등을 도입해 ‘스마트 AI 랜드마크’로 만들 계획이다.\n\n이날 삼성물산 건설부문은 래미안 원베일리, 래미안 원펜타스, 삼성노블카운티 등에 거주하는 시니어를 대상으로 홈 AI 컴패니언 로봇 서비스 실증을 시작한다고 발표했다. 이 로봇은 5인치 스크린에 나타나는 눈동자 화면으로 감정 표현을 할 수 있는 게 특징이다. 일상적인 대화를 하는 ‘말동무’뿐 아니라 약 먹을 시간을 알려주고 집안 사물인터넷(IoT) 기기를 제어하는 기능도 수행한다.\n\n오유림/임근호 기자 our@hankyung.com",
  "published_at": "2025-09-03T16:58:37+09:00",
  "author": "오유림/임근호",
  "image_urls": [
    "https://img.hankyung.com/photo/202509/AA.41596996.1.jpg"
  ],
  "thumbnail_url": "https://static.hankyung.com/img/logo/logo-news-sns.png?v=20201130",
  "content_url": "https://www.hankyung.com/article/2025090307171",
  "publisher": "한국경제",
  "analysis": {
    "companies": {
      "HDC현대산업개발": {
        "original_mention": "HDC현대산업개발",
        "mapped_name": "HDC현대산업개발",
        "listing_status": "상장",
        "exchange": "KOSPI",
        "country": "Korea",
        "sentiment": "긍정",
        "sentiment_reason": "스마트 주거 경쟁에서 주차 로봇 도입으로 차별화된 경쟁력을 확보하려는 노력",
        "stock_code": "294870"
      },
      "삼성물산": {
        "original_mention": "삼성물산",
        "mapped_name": "삼성물산",
        "listing_status": "상장",
        "exchange": "KOSPI",
        "country": "Korea",
        "sentiment": "긍정",
        "sentiment_reason": "스마트 주거 경쟁에서 돌봄 로봇 도입으로 시니어 대상 서비스 실증 시작",
        "stock_code": "028260"
      },
      "HL로보틱스": {
        "original_mention": "HL로보틱스",
        "mapped_name": "HL로보틱스",
        "listing_status": "비상장",
        "exchange": "",
        "country": "Korea",
        "sentiment": "긍정",
        "sentiment_reason": "HDC현대산업개발과의 협력으로 주차 로봇 상용화 첫 사례 기대",
        "stock_code": null
      }
    },
    "relations": [
      {
        "source": "HDC현대산업개발",
        "target": "HL로보틱스",
        "relation_type": "파트너",
        "relation_reason": "HDC현대산업개발이 HL로보틱스와 업무협약을 맺고 주차 로봇을 도입",
        "source_is_listed": true,
        "source_country": "Korea",
        "source_ticker": "294870",
        "target_is_listed": false,
        "target_country": "Korea",
        "target_ticker": null
      }
    ]
  }
}