{
  "title": "이번엔 '마아가' 프로젝트…팀 코러스, 원전 협력 첫발 내딛었다",
  "description": "이번엔 마아가 프로젝트…팀 코러스, 원전 협력 첫발 내디뎠다, 한·미 비즈니스 라운드 테이블 원자력 분야 4건 MOU 한수원·두산·엑스에너지·AWS SMR 설계·건설·운영 포괄 협력 美텍사스 AI캠퍼스 프로젝트엔 두산에너빌리티·삼성물산 참여 美우라늄 농축시설 한수원 투자 미래 에너지 안보 확보 가능해져",
  "content": "[IMG]\n 한·미 정부 관계자와 기업인 50여 명이 25일(현지시간) 미국 워싱턴DC 윌러드호텔에서 열린 ‘한·미 비즈니스 라운드 테이블’에 총출동했다. (1) 이재명 대통령과 최태원 SK그룹 회장(오른쪽)이 구자은 LS그룹 회장이 지켜보는 가운데 악수하고 있다. 연합뉴스\">\n                            \n                        \n                        &lt; 숨가빴던 한미 경제교류 &gt; 한·미 정부 관계자와 기업인 50여 명이 25일(현지시간) 미국 워싱턴DC 윌러드호텔에서 열린 ‘한·미 비즈니스 라운드 테이블’에 총출동했다. (1) 이재명 대통령과 최태원 SK그룹 회장(오른쪽)이 구자은 LS그룹 회장이 지켜보는 가운데 악수하고 있다. 연합뉴스\n                    \n                이재명 대통령의 첫 방미를 계기로 한·미 원자력 협력이 본격화됐다. 양국 간 제조업 르네상스를 주제로 열린 한·미 비즈니스 라운드 테이블에서 원전 부문에서만 4건의 양해각서(MOU)를 맺으면서다. 이른바 ‘마아가(MAAGA·미국 원자력을 다시 위대하게)’ 협력을 계기로 국내 원전업계가 소형모듈원전(SMR) 국제 상용화, 미국 내 전력 인프라 구축, 핵연료 공급망 안정화라는 세 마리 토끼를 동시에 잡았다는 분석이 나온다. ◇李 대통령도 “한·미 원전 협력”26일 산업통상자원부 등에 따르면 25일(현지시간) 미국 워싱턴DC 윌러드호텔에서 열린 한·미 비즈니스 라운드 테이블을 계기로 조선, 원전, 항공, 액화천연가스(LNG), 핵심 광물 등 5개 분야에서 11건의 계약 및 MOU가 체결됐다. 이 가운데 4건이 원자력 분야에서 성사됐다.\n                    \n                        \n                            \n[IMG]\n\n                            \n                        \n                        (2) 이재용 삼성전자 회장(오른쪽)이 젠슨 황 엔비디아 최고경영자(CEO)와 포옹하고 있다.  연합뉴스\n                    \n                이날 도널드 트럼프 대통령과 정상회담을 마친 뒤 곧바로 행사에 참석한 이 대통령은 “차세대 원전 분야 협력을 늘리는 일과 SMR 개발 및 상용화로 인공지능(AI) 시대의 전력 수요를 충당하고 에너지 안보를 확충하는 일에 집중하겠다”고 말했다.\n                    \n                        \n                            \n[IMG]\n\n                            \n                                    \n                                        \n                                    \n                                    이미지 크게보기\n                                \n                        \n                        \n                    \n                행사 직후 한국수력원자력과 두산에너빌리티는 엑스에너지, 아마존웹서비스(AWS)와 4자 MOU를 체결했다. 세계 주요국은 2030년께 표준설계인가 획득을 목표로 차세대(3세대 이상) SMR 개발 경쟁을 벌이고 있다. 엑스에너지는 Xe100이라는 고온가스 기반 4세대 SMR을 개발 중이다. 미국 원자력규제위원회(NRC)의 텍사스주 다우케미컬 부지 건설허가를 기다리고 있다.\n                    \n                        \n                            \n[IMG]\n\n                            \n                        \n                        (3) 정의선 현대자동차그룹 회장(왼쪽)이 게리 콘 IBM 부회장과 대화하고 있다.  연합뉴스\n                    \n                한수원은 Xe100 설계 수정 단계부터 관여할 전망이다. 원전업계 관계자는 “스타트업이나 연구기관의 처음 설계대로 원전이 지어지는 경우는 드물다”며 “시공사나 운영사가 시공성과 운영성, 정비성 같은 걸 따지다 보면 설계가 조금씩 바뀌는데 한수원 등 팀코리아가 그런 (설계도 정비) 역할을 맡을 것으로 보인다”고 설명했다. 또 다른 업계 관계자는 “한국 기업은 설계부터 기자재, 운영 노하우, 공급망 구축 전 과정에 참여할 수 있어 글로벌 SMR 시장에서 ‘패키지 공급자’로 자리 잡을 전망”이라고 했다. ◇美 대형 원전도 수주 물꼬\n                    \n                        \n                            \n[IMG]\n\n                            \n                        \n                        (4) 구광모 LG그룹 회장(오른쪽)과 허태수 GS그룹 회장이 얘기하고 있다. 연합뉴스\n                    \n                미국 에너지기업 페르미아메리카가 텍사스주에 추진 중인 세계 최대 규모(11GW) 첨단 에너지 복합센터 ‘AI캠퍼스 프로젝트’에도 한수원과 두산에너빌리티, 삼성물산 등 한국 기업이 대거 진출한다. 이 센터에는 대형 원전 4기(4GW)를 비롯해 SMR(2GW), 가스복합화력(4GW), 태양광(1GW) 등 전력 인프라와 AI 데이터센터가 들어설 예정이다.\n                    \n                        \n                            \n[IMG]\n\n                            \n                        \n                        (5) 정기선 HD현대 수석부회장(왼쪽)과 박지원 두산에너빌리티 회장﻿이 ﻿얘기하고 있다.  연합뉴스\n                    \n                대형 원전과 관련해서는 페르미아메리카가 웨스팅하우스로부터 AP1000 실시권을 사고 한수원 등 팀코리아에 건설, 기자재 납품 등을 발주할 것으로 보인다. 업계 관계자는 “(미국의 최신 대형 원전 노형인) AP1000은 세계적으로 6기 발주됐는데, 두산에너빌리티가 기자재 납품 전량을 수주했다”고 설명했다. 한수원은 또 미국 농축 우라늄 공급사 센트러스의 우라늄 농축 설비 구축에 공동 투자하고 공급 물량을 확대하는 내용의 MOU도 맺었다. 이번 협력으로 미국 내 생산 기반을 일부 공유하게 돼 장기적·안정적 연료 확보가 가능할 전망이다. 박지원 두산에너빌리티 회장은 “한·미 에너지산업 협력의 모범 사례가 되도록 노력하겠다”고 말했다. 웨스팅하우스와의 지식재산권 분쟁을 극복하고 미국 시장에 함께 진출하기 위한 한수원과 웨스팅하우스 간 조인트벤처 설립 방안은 이번 방미에서는 확정되지 않았다.\n\n김리안/김대훈/안시욱 기자 knra@hankyung.com",
  "published_at": "2025-08-26T17:46:26+09:00",
  "author": "김리안/김대훈/안시욱",
  "image_urls": [
    "https://img.hankyung.com/photo/202508/AA.41514447.1.jpg",
    "https://img.hankyung.com/photo/202508/AA.41514442.1.jpg",
    "https://img.hankyung.com/photo/202508/AA.41514444.1.jpg",
    "https://img.hankyung.com/photo/202508/AA.41514443.1.jpg",
    "https://img.hankyung.com/photo/202508/AA.41514445.1.jpg",
    "https://img.hankyung.com/photo/202508/AA.41514446.1.jpg"
  ],
  "thumbnail_url": "https://img.hankyung.com/photo/202508/AA.41514447.1.jpg",
  "content_url": "https://www.hankyung.com/article/2025082635221",
  "publisher": "한국경제",
  "analysis": {
    "companies": {
      "SK": {
        "original_mention": "SK그룹",
        "mapped_name": "SK",
        "listing_status": "상장",
        "exchange": "KRX",
        "country": "Korea",
        "sentiment": "중립",
        "sentiment_reason": "기사에서 SK그룹 회장이 행사에 참석한 사실이 언급됨",
        "stock_code": "034730"
      },
      "LS": {
        "original_mention": "LS그룹",
        "mapped_name": "LS",
        "listing_status": "상장",
        "exchange": "KRX",
        "country": "Korea",
        "sentiment": "중립",
        "sentiment_reason": "기사에서 LS그룹 회장이 행사에 참석한 사실이 언급됨",
        "stock_code": "006260"
      },
      "삼성전자": {
        "original_mention": "삼성전자",
        "mapped_name": "삼성전자",
        "listing_status": "상장",
        "exchange": "KRX",
        "country": "Korea",
        "sentiment": "중립",
        "sentiment_reason": "삼성전자 회장이 행사에 참석한 사실이 언급됨",
        "stock_code": "005930"
      },
      "엔비디아": {
        "original_mention": "엔비디아",
        "mapped_name": "엔비디아",
        "listing_status": "상장",
        "exchange": "NASDAQ",
        "country": "USA",
        "sentiment": "중립",
        "sentiment_reason": "엔비디아 CEO가 행사에 참석한 사실이 언급됨",
        "stock_code": "NVDA"
      },
      "한국수력원자력": {
        "original_mention": "한국수력원자력",
        "mapped_name": "한국수력원자력",
        "listing_status": "비상장",
        "exchange": "",
        "country": "Korea",
        "sentiment": "긍정",
        "sentiment_reason": "여러 MOU 체결 및 협력 활동이 언급됨",
        "stock_code": null
      },
      "두산에너빌리티": {
        "original_mention": "두산에너빌리티",
        "mapped_name": "두산에너빌리티",
        "listing_status": "상장",
        "exchange": "KRX",
        "country": "Korea",
        "sentiment": "긍정",
        "sentiment_reason": "여러 MOU 체결 및 협력 활동이 언급됨",
        "stock_code": "034020"
      },
      "엑스에너지": {
        "original_mention": "엑스에너지",
        "mapped_name": "엑스에너지",
        "listing_status": "비상장",
        "exchange": "",
        "country": "USA",
        "sentiment": "중립",
        "sentiment_reason": "엑스에너지가 SMR 개발 중이라는 사실이 언급됨",
        "stock_code": null
      },
      "아마존웹서비스": {
        "original_mention": "아마존웹서비스",
        "mapped_name": "아마존웹서비스",
        "listing_status": "비상장",
        "exchange": "",
        "country": "USA",
        "sentiment": "중립",
        "sentiment_reason": "MOU 체결에 참여한 사실이 언급됨",
        "stock_code": null
      },
      "현대자동차": {
        "original_mention": "현대자동차",
        "mapped_name": "현대자동차",
        "listing_status": "상장",
        "exchange": "KRX",
        "country": "Korea",
        "sentiment": "중립",
        "sentiment_reason": "현대자동차 회장이 행사에 참석한 사실이 언급됨",
        "stock_code": "005380"
      },
      "IBM": {
        "original_mention": "IBM",
        "mapped_name": "IBM",
        "listing_status": "상장",
        "exchange": "NYSE",
        "country": "USA",
        "sentiment": "중립",
        "sentiment_reason": "IBM 부회장이 행사에 참석한 사실이 언급됨",
        "stock_code": "IBM"
      },
      "페르미아메리카": {
        "original_mention": "페르미아메리카",
        "mapped_name": "페르미아메리카",
        "listing_status": "비상장",
        "exchange": "",
        "country": "USA",
        "sentiment": "중립",
        "sentiment_reason": "프로젝트에 참여하는 사실이 언급됨",
        "stock_code": null
      },
      "삼성물산": {
        "original_mention": "삼성물산",
        "mapped_name": "삼성물산",
        "listing_status": "상장",
        "exchange": "KRX",
        "country": "Korea",
        "sentiment": "중립",
        "sentiment_reason": "프로젝트에 참여하는 사실이 언급됨",
        "stock_code": "028260"
      },
      "웨스팅하우스": {
        "original_mention": "웨스팅하우스",
        "mapped_name": "웨스팅하우스",
        "listing_status": "비상장",
        "exchange": "",
        "country": "USA",
        "sentiment": "중립",
        "sentiment_reason": "AP1000 실시권 관련 언급됨",
        "stock_code": null
      },
      "센트러스": {
        "original_mention": "센트러스",
        "mapped_name": "센트러스",
        "listing_status": "비상장",
        "exchange": "",
        "country": "USA",
        "sentiment": "중립",
        "sentiment_reason": "우라늄 농축 설비 구축 관련 언급됨",
        "stock_code": null
      },
      "LG": {
        "original_mention": "LG그룹",
        "mapped_name": "LG",
        "listing_status": "상장",
        "exchange": "KRX",
        "country": "Korea",
        "sentiment": "중립",
        "sentiment_reason": "LG그룹 회장이 행사에 참석한 사실이 언급됨",
        "stock_code": "003550"
      },
      "GS": {
        "original_mention": "GS그룹",
        "mapped_name": "GS",
        "listing_status": "상장",
        "exchange": "KRX",
        "country": "Korea",
        "sentiment": "중립",
        "sentiment_reason": "GS그룹 회장이 행사에 참석한 사실이 언급됨",
        "stock_code": "078930"
      },
      "HD현대": {
        "original_mention": "HD현대",
        "mapped_name": "HD현대",
        "listing_status": "상장",
        "exchange": "KRX",
        "country": "Korea",
        "sentiment": "중립",
        "sentiment_reason": "HD현대 수석부회장이 행사에 참석한 사실이 언급됨",
        "stock_code": "267250"
      }
    },
    "relations": [
      {
        "source": "한국수력원자력",
        "target": "두산에너빌리티",
        "relation_type": "파트너",
        "relation_reason": "4자 MOU 체결",
        "source_is_listed": false,
        "source_country": "Korea",
        "source_ticker": null,
        "target_is_listed": true,
        "target_country": "Korea",
        "target_ticker": "034020"
      },
      {
        "source": "한국수력원자력",
        "target": "엑스에너지",
        "relation_type": "파트너",
        "relation_reason": "4자 MOU 체결",
        "source_is_listed": false,
        "source_country": "Korea",
        "source_ticker": null,
        "target_is_listed": false,
        "target_country": "USA",
        "target_ticker": null
      },
      {
        "source": "한국수력원자력",
        "target": "아마존웹서비스",
        "relation_type": "파트너",
        "relation_reason": "4자 MOU 체결",
        "source_is_listed": false,
        "source_country": "Korea",
        "source_ticker": null,
        "target_is_listed": false,
        "target_country": "USA",
        "target_ticker": null
      },
      {
        "source": "한국수력원자력",
        "target": "페르미아메리카",
        "relation_type": "파트너",
        "relation_reason": "AI캠퍼스 프로젝트 참여",
        "source_is_listed": false,
        "source_country": "Korea",
        "source_ticker": null,
        "target_is_listed": false,
        "target_country": "USA",
        "target_ticker": null
      },
      {
        "source": "두산에너빌리티",
        "target": "페르미아메리카",
        "relation_type": "파트너",
        "relation_reason": "AI캠퍼스 프로젝트 참여",
        "source_is_listed": true,
        "source_country": "Korea",
        "source_ticker": "034020",
        "target_is_listed": false,
        "target_country": "USA",
        "target_ticker": null
      },
      {
        "source": "삼성물산",
        "target": "페르미아메리카",
        "relation_type": "파트너",
        "relation_reason": "AI캠퍼스 프로젝트 참여",
        "source_is_listed": true,
        "source_country": "Korea",
        "source_ticker": "028260",
        "target_is_listed": false,
        "target_country": "USA",
        "target_ticker": null
      },
      {
        "source": "한국수력원자력",
        "target": "센트러스",
        "relation_type": "파트너",
        "relation_reason": "우라늄 농축 설비 구축 MOU 체결",
        "source_is_listed": false,
        "source_country": "Korea",
        "source_ticker": null,
        "target_is_listed": false,
        "target_country": "USA",
        "target_ticker": null
      }
    ]
  }
}