{
  "title": "실적 좋은데 부진…YG·에이피알 반등 기대",
  "description": "실적 좋은데 부진…YG·에이피알 반등 기대, 어닝 시즌 주목할 종목 YG·에이피알, 이달 주가 하락 3분기 실적 추정치는 호조 LGD·BNK·KB금융도 눈길",
  "content": "최근 주가가 부진했지만 호실적을 발표할 것으로 예상되는 기업을 중심으로 ‘반도체 투톱’에 집중됐던 자금 일부가 분산될 것이란 전망이 나온다. 올 3분기 실적 시즌이 본격화하면서다. 에이피알, YG엔터테인먼트 등이 대표적 종목이란 게 증권가 설명이다.\n                    \n                        \n                            \n[IMG]\n\n                            \n                                    \n                                        \n                                    \n                                    이미지 크게보기\n                                \n                        \n                        \n                    \n                24일 에프앤가이드에 따르면 에이피알의 3분기 매출과 영업이익 컨센서스(증권사 추정치 평균)는 각각 3709억원, 859억원이다. 3개월 전 대비 각각 0.9%, 40.1% 상향됐다. 1개월 전보다는 2.8%, 2.6% 높아졌다. 그러나 주가는 이달 들어서만 4.6% 하락했다. 실적 호조세는 지속됐지만 삼성전자와 SK하이닉스 등 반도체 기업에 외국인 투자자 자금의 90% 이상이 집중된 영향이다. 이가영 삼성증권 연구원은 “아마존 스킨케어 부문에서 메디큐브 매출이 2위를 달성했다”며 “3분기 미국 매출은 전년 동기 대비 238%, 유럽 매출은 297% 급증한 것으로 추정된다”고 말했다. 그는 “미국과 유럽, 일본 오프라인 매장 확장 등을 통해 실적 증가세가 지속될 것”이라고 부연했다.\n\nYG엔터 역시 3분기 실적 추정치가 개선됐으나 주가는 하락한 대표적 종목이다. YG엔터의 3분기 영업이익 컨센서스는 325억원으로 3개월 전 대비 20.6%, 1개월 전 대비 9.7% 상향됐다. 현대차증권에 따르면 최근 진행되고 있는 블랙핑크 월드투어 모객 수는 250만~300만 명에 달할 것으로 예상된다. 김현용 연구원은 “내년 빅뱅 데뷔 20주년을 맞아 앨범 출시 및 월드투어 기대도 크다”고 말했다. 반면 이달 들어 주가는 7.36% 빠졌다.\n\nLG디스플레이의 영업이익 컨센서스(4404억원)도 1개월 새 30.2% 껑충 뛰었다. 3개월 전과 비교하면 80.2% 급등했다. 애플 신제품에 장착되는 OLED(유기발광다이오드) 패널 출하량이 늘어나는 가운데 애플워치용 OLED를 공급해온 일본 재팬디스플레이(JDI)가 관련 사업을 철수하면서 반사이익이 기대돼서다. 이 같은 실적 증가 기대를 반영해 상승하던 주가는 10월 들어 되레 4.44% 하락했다. 차익 실현 매물이 나오면서다.\n\nBNK금융지주와 KB금융의 3분기 영업이익 컨센서스는 1개월 전 대비 각각 3.2%, 1.9% 상향됐지만 이달 들어 주가는 각각 3.08%, 1.47% 빠졌다.\n\n심성미 기자 smshim@hankyung.com",
  "published_at": "2025-10-24T17:31:20+09:00",
  "author": "심성미",
  "image_urls": [
    "https://img.hankyung.com/photo/202510/AA.42154225.1.jpg"
  ],
  "thumbnail_url": "https://img.hankyung.com/photo/202510/AA.42154225.1.jpg",
  "content_url": "https://www.hankyung.com/article/2025102409841",
  "publisher": "한국경제",
  "analysis": {
    "companies": {
      "에이피알": {
        "original_mention": "에이피알",
        "mapped_name": "에이피알",
        "listing_status": "상장",
        "exchange": "KOSDAQ",
        "country": "Korea",
        "sentiment": "긍정",
        "sentiment_reason": "3분기 매출과 영업이익 컨센서스가 상향되었으나 주가는 하락",
        "stock_code": "322510"
      },
      "YG엔터테인먼트": {
        "original_mention": "YG엔터테인먼트",
        "mapped_name": "와이지엔터테인먼트",
        "listing_status": "상장",
        "exchange": "KOSDAQ",
        "country": "Korea",
        "sentiment": "긍정",
        "sentiment_reason": "3분기 영업이익 컨센서스가 상향되었으나 주가는 하락",
        "stock_code": "122870"
      },
      "LG디스플레이": {
        "original_mention": "LG디스플레이",
        "mapped_name": "LG디스플레이",
        "listing_status": "상장",
        "exchange": "KOSPI",
        "country": "Korea",
        "sentiment": "긍정",
        "sentiment_reason": "영업이익 컨센서스가 크게 상승했으나 주가는 하락",
        "stock_code": "034220"
      },
      "BNK금융지주": {
        "original_mention": "BNK금융지주",
        "mapped_name": "BNK금융지주",
        "listing_status": "상장",
        "exchange": "KOSPI",
        "country": "Korea",
        "sentiment": "긍정",
        "sentiment_reason": "영업이익 컨센서스가 상향되었으나 주가는 하락",
        "stock_code": "138930"
      },
      "KB금융": {
        "original_mention": "KB금융",
        "mapped_name": "KB금융",
        "listing_status": "상장",
        "exchange": "KOSPI",
        "country": "Korea",
        "sentiment": "긍정",
        "sentiment_reason": "영업이익 컨센서스가 상향되었으나 주가는 하락",
        "stock_code": "105560"
      },
      "삼성전자": {
        "original_mention": "삼성전자",
        "mapped_name": "삼성전자",
        "listing_status": "상장",
        "exchange": "KOSPI",
        "country": "Korea",
        "sentiment": "중립",
        "sentiment_reason": "반도체 기업에 외국인 투자자 자금 집중",
        "stock_code": "005930"
      },
      "SK하이닉스": {
        "original_mention": "SK하이닉스",
        "mapped_name": "SK하이닉스",
        "listing_status": "상장",
        "exchange": "KOSPI",
        "country": "Korea",
        "sentiment": "중립",
        "sentiment_reason": "반도체 기업에 외국인 투자자 자금 집중",
        "stock_code": "000660"
      },
      "아마존": {
        "original_mention": "아마존",
        "mapped_name": "아마존",
        "listing_status": "상장",
        "exchange": "NASDAQ",
        "country": "USA",
        "sentiment": "긍정",
        "sentiment_reason": "메디큐브 매출 2위 달성",
        "stock_code": "AMZN"
      },
      "애플": {
        "original_mention": "애플",
        "mapped_name": "애플",
        "listing_status": "상장",
        "exchange": "NASDAQ",
        "country": "USA",
        "sentiment": "긍정",
        "sentiment_reason": "신제품에 장착되는 OLED 패널 출하량 증가",
        "stock_code": "AAPL"
      },
      "재팬디스플레이": {
        "original_mention": "재팬디스플레이",
        "mapped_name": "재팬디스플레이",
        "listing_status": "상장",
        "exchange": "TSE",
        "country": "Japan",
        "sentiment": "부정",
        "sentiment_reason": "관련 사업 철수",
        "stock_code": "6740"
      }
    },
    "relations": [
      {
        "source": "LG디스플레이",
        "target": "애플",
        "relation_type": "공급사",
        "relation_reason": "애플 신제품에 OLED 패널 공급",
        "source_is_listed": true,
        "source_country": "Korea",
        "source_ticker": null,
        "target_is_listed": true,
        "target_country": "USA",
        "target_ticker": "AAPL"
      }
    ]
  }
}