{
  "title": "KB금융, 두바이서 기술기업 육성 모색",
  "description": "KB금융, 두바이서 기술기업 육성 모색, 경제",
  "content": "[IMG]\n\n                            \n                        \n                        \n                    \n                KB금융그룹은 지난 13일부터 17일까지 두바이 세계무역센터에서 열린 중동 최대 정보통신기술(ICT) 전시회인 ‘GITEX 글로벌 2025’에 참관단을 파견했다. 이창권 KB금융 디지털·IT부문장(왼쪽)을 비롯한 참관단은 매슈 화이트 두바이가상자산규제청 대표(오른쪽) 등을 만나 기술기업 육성 전략 등 협력 방안을 논의했다.",
  "published_at": "2025-10-19T17:16:25+09:00",
  "author": "한국경제",
  "image_urls": [
    "https://img.hankyung.com/photo/202510/AA.42093096.1.jpg"
  ],
  "thumbnail_url": "https://static.hankyung.com/img/logo/logo-news-sns.png?v=20201130",
  "content_url": "https://www.hankyung.com/article/2025101982351",
  "publisher": "한국경제",
  "analysis": {
    "companies": {
      "KB금융": {
        "original_mention": "KB금융",
        "mapped_name": "KB금융",
        "listing_status": "상장",
        "exchange": "Korea Exchange",
        "country": "Korea",
        "sentiment": "중립",
        "sentiment_reason": "기술기업 육성 전략 논의",
        "stock_code": "105560"
      }
    },
    "relations": []
  }
}