{
  "title": "KB금융, 박물관·미술관 무료 관람 지원",
  "description": "KB금융, 박물관·미술관 무료 관람 지원, 경제",
  "content": "[IMG]\n\n                            \n                        \n                        \n                    \n                KB금융그룹은 16일 서울 도봉구 둘리뮤지엄을 방문한 어린이 50명에게 선착순으로 키링 인형과 색연필 등을 선물했다. 오는 21일 서울 서대문자연사박물관에서도 같은 행사가 진행된다. 이 행사는 KB금융의 ‘박물관·미술관 무료 관람 프로젝트’(사진)의 일환이다. 국민은행 앱인 KB스타뱅킹에서 누구나 국내 45개 공립 박물관·미술관 무료 관람을 신청할 수 있다.",
  "published_at": "2025-10-16T17:03:06+09:00",
  "author": "한국경제",
  "image_urls": [
    "https://img.hankyung.com/photo/202510/AA.42064079.1.jpg"
  ],
  "thumbnail_url": "https://static.hankyung.com/img/logo/logo-news-sns.png?v=20201130",
  "content_url": "https://www.hankyung.com/article/2025101637261",
  "publisher": "한국경제",
  "analysis": {
    "companies": {
      "KB금융": {
        "original_mention": "KB금융",
        "mapped_name": "KB금융",
        "listing_status": "상장",
        "exchange": "KOSPI",
        "country": "Korea",
        "sentiment": "중립",
        "sentiment_reason": "박물관·미술관 무료 관람 지원 행사 관련 긍정적 활동",
        "stock_code": "105560"
      }
    },
    "relations": []
  }
}