{
  "title": "에너지기업 阿진출 돕는 전남…세네갈에 설비구축 지원",
  "description": "에너지기업 阿진출 돕는 전남…세네갈에 설비구축 지원, 한전KDN과 에너지자립마을 조성",
  "content": "전라남도가 아프리카 세네갈의 농촌 지역에 재생에너지 기반의 에너지 자립마을을 조성한다고 10일 밝혔다.\n\n전라남도는 한국국제협력단(KOICA)이 주관한 공적개발원조(ODA) 공모에 선정돼 한전KDN과 함께 세네갈에 에너지 자립마을을 조성할 예정이다. 광역단체와 한전KDN이 공동으로 추진하는 국내 첫 아프리카 에너지 프로젝트로, 전남 지역 재생에너지 기업의 해외시장 진출 교두보가 될 전망이다.\n\n전라남도는 태양광 등 재생에너지 발전설비와 에너지저장장치(ESS) 구축을 중심으로, 현지 수요에 맞춘 관개 및 저장시설 등 기반을 구축할 방침이다. 현지 주민 대상 운영·유지관리 교육과 한국국제협력단이 설립한 잠냐조 기술학교와의 연계 역량 강화 프로그램을 함께 추진해 단순 시설 지원을 넘어 지속할 수 있는 자립 모델을 제시하겠다는 목표도 세웠다.\n\n전라남도는 이번 공공 협력사업 선정에 따라 2026년까지 사업 로드맵 수립과 타당성조사를 추진하고, 평가 결과에 따라 파일럿 사업과 본사업을 단계적으로 확대할 계획이다.\n\n도는 에너지 분야를 넘어 농업·수산 등 지역 중점 산업과 연계한 ODA 과제도 지속해서 발굴하기로 했다. 이를 통해 국제개발 협력 역량을 강화하고, 지역 기업의 해외시장 개척과 청년 일자리 창출을 동시에 견인한다는 구상이다.\n\n무안=임동률 기자 exian@hankyung.com",
  "published_at": "2025-09-10T17:59:29+09:00",
  "author": "임동률",
  "image_urls": [],
  "thumbnail_url": "https://static.hankyung.com/img/logo/logo-news-sns.png?v=20201130",
  "content_url": "https://www.hankyung.com/article/2025091057391",
  "publisher": "한국경제",
  "analysis": {
    "companies": {
      "전라남도": {
        "original_mention": "전라남도",
        "mapped_name": "전라남도",
        "listing_status": "비상장",
        "exchange": "",
        "country": "Korea",
        "sentiment": "긍정",
        "sentiment_reason": "세네갈에 에너지 자립마을 조성 프로젝트를 추진하여 긍정적인 국제 협력 이미지를 형성함.",
        "stock_code": null
      },
      "한국국제협력단": {
        "original_mention": "한국국제협력단",
        "mapped_name": "한국국제협력단",
        "listing_status": "비상장",
        "exchange": "",
        "country": "Korea",
        "sentiment": "긍정",
        "sentiment_reason": "공적개발원조(ODA) 공모에 선정되어 국제 협력 프로젝트를 주관함.",
        "stock_code": null
      },
      "한전KDN": {
        "original_mention": "한전KDN",
        "mapped_name": "한전KDN",
        "listing_status": "비상장",
        "exchange": "",
        "country": "Korea",
        "sentiment": "긍정",
        "sentiment_reason": "세네갈에 에너지 자립마을 조성 프로젝트에 참여하여 긍정적인 국제 협력 이미지를 형성함.",
        "stock_code": null
      }
    },
    "relations": [
      {
        "source": "전라남도",
        "target": "한전KDN",
        "relation_type": "파트너",
        "relation_reason": "세네갈에 에너지 자립마을 조성 프로젝트를 공동으로 추진함.",
        "source_is_listed": false,
        "source_country": "Korea",
        "source_ticker": null,
        "target_is_listed": false,
        "target_country": "Korea",
        "target_ticker": null
      }
    ]
  }
}