{
  "title": "韓美 원자력 협력에 원전주 '들썩'",
  "description": "韓·美 원자력 협력에 원전주 들썩, 체코 원전수출 청신호 美 웨스팅하우스와 지재권 분쟁 해결 기대 오르비텍·비에이치아이 두산에너빌리티 등 강세",
  "content": "국내 원자력발전 관련주들이 들썩이고 있다. 한·미 원자력 분야 협력 소식이 전해지면서 수혜를 볼 것이란 기대가 커지고 있어서다.\n\n\n                    \n                        \n                            \n[IMG]\n\n                            \n                        \n                        \n                    \n                오르비텍은 지난 10일 13.28% 급등한 2260원에 마감했다. 오르비텍은 원전 시설과 방사성 폐기물 등을 관리하는 업체다. 발전용 기자재 기업 비에이치아이(10.45%), 체코 원전 수주전에 참여한 두산에너빌리티(6.21%)를 비롯해 비츠로테크(6.02%), 현대건설(5.34%), 우리기술(4.73%) 등도 이날 강세를 보였다.\n\n비츠로테크는 한국수력원자력에 원전용 차단기를 납품한 이력이 있다. 현대건설은 원전 건설 경험이 있고 우리기술은 원전 감시제어시스템을 보유하고 있다.\n\n최근 산업통상자원부와 미국 에너지부 및 국무부는 ‘한·미 원자력 수출 및 협력 원칙에 관한 기관 간 약정(MOU)’을 체결했다. 양국이 원전 협력에 나서면서 올 3월 본계약을 앞둔 24조 규모 체코 원전 수출에 청신호가 켜졌다는 평가가 나온다.\n\n원전 수주에 걸림돌로 여겨진 한수원과 미국 웨스팅하우스 간 지식재산권 분쟁이 일단락될 것으로 보여서다. 체코 수주에 성공하면 관련 기업의 수출이 증가할 것이란 예상에 매수세가 집중된 것으로 풀이된다.\n\n일회성 요인 외에도 당분간 원전 수요는 꾸준할 것으로 전망된다. 데이터센터가 증가하면서 전력 수요가 폭발적으로 늘어나고 있어서다. 원전은 발전 효율이 높아 데이터센터와 인공지능(AI) 전력원으로 적합하다는 평가를 받고 있다. 미국의 제조업 리쇼어링(해외에 진출한 기업의 자국 회귀), 전기차 보급 확대 등도 발전 수요를 끌어당기는 요인이다.\n\n이민재 NH투자증권 연구원은 “원전산업 내 전방위적 수혜가 기대된다”며 “두산에너빌리티, HD현대일렉트릭, 산일전기 등의 미국 매출이 증가할 것”이라고 내다봤다.\n\n조아라 기자 rrang123@hankyung.com",
  "published_at": "2025-01-12T17:35:05+09:00",
  "author": "조아라",
  "image_urls": [
    "https://img.hankyung.com/photo/202501/AA.39177634.1.jpg"
  ],
  "thumbnail_url": "https://img.hankyung.com/photo/202501/AA.39177634.1.jpg",
  "content_url": "https://www.hankyung.com/article/2025011209491",
  "publisher": "한국경제",
  "analysis": {
    "companies": {
      "오르비텍": {
        "original_mention": "오르비텍",
        "mapped_name": "오르비텍",
        "listing_status": "상장",
        "exchange": "KOSDAQ",
        "country": "Korea",
        "sentiment": "긍정",
        "sentiment_reason": "주가 급등",
        "stock_code": "046120"
      },
      "비에이치아이": {
        "original_mention": "비에이치아이",
        "mapped_name": "비에이치아이",
        "listing_status": "상장",
        "exchange": "KOSDAQ",
        "country": "Korea",
        "sentiment": "긍정",
        "sentiment_reason": "주가 상승",
        "stock_code": "083650"
      },
      "두산에너빌리티": {
        "original_mention": "두산에너빌리티",
        "mapped_name": "두산에너빌리티",
        "listing_status": "상장",
        "exchange": "KOSPI",
        "country": "Korea",
        "sentiment": "긍정",
        "sentiment_reason": "체코 원전 수주전 참여",
        "stock_code": "034020"
      },
      "비츠로테크": {
        "original_mention": "비츠로테크",
        "mapped_name": "비츠로테크",
        "listing_status": "상장",
        "exchange": "KOSDAQ",
        "country": "Korea",
        "sentiment": "긍정",
        "sentiment_reason": "주가 상승",
        "stock_code": "042370"
      },
      "현대건설": {
        "original_mention": "현대건설",
        "mapped_name": "현대건설",
        "listing_status": "상장",
        "exchange": "KOSPI",
        "country": "Korea",
        "sentiment": "긍정",
        "sentiment_reason": "원전 건설 경험",
        "stock_code": "000720"
      },
      "우리기술": {
        "original_mention": "우리기술",
        "mapped_name": "우리기술",
        "listing_status": "상장",
        "exchange": "KOSDAQ",
        "country": "Korea",
        "sentiment": "긍정",
        "sentiment_reason": "원전 감시제어시스템 보유",
        "stock_code": "032820"
      },
      "HD현대일렉트릭": {
        "original_mention": "HD현대일렉트릭",
        "mapped_name": "HD현대일렉트릭",
        "listing_status": "상장",
        "exchange": "KOSPI",
        "country": "Korea",
        "sentiment": "긍정",
        "sentiment_reason": "미국 매출 증가 기대",
        "stock_code": "267260"
      },
      "산일전기": {
        "original_mention": "산일전기",
        "mapped_name": "산일전기",
        "listing_status": "상장",
        "exchange": "KOSDAQ",
        "country": "Korea",
        "sentiment": "긍정",
        "sentiment_reason": "미국 매출 증가 기대",
        "stock_code": "038540"
      },
      "웨스팅하우스": {
        "original_mention": "웨스팅하우스",
        "mapped_name": "웨스팅하우스",
        "listing_status": "비상장",
        "exchange": "",
        "country": "USA",
        "sentiment": "중립",
        "sentiment_reason": "지식재산권 분쟁 일단락 예상",
        "stock_code": null
      }
    },
    "relations": [
      {
        "source": "비츠로테크",
        "target": "한국수력원자력",
        "relation_type": "공급사",
        "relation_reason": "원전용 차단기 납품 이력",
        "source_is_listed": true,
        "source_country": "Korea",
        "source_ticker": "042370",
        "target_is_listed": false,
        "target_country": "Korea",
        "target_ticker": null
      }
    ]
  }
}