{
  "title": "[인사] 세아그룹 ; 호반그룹 ; 우리금융지주 등",
  "description": "세아그룹 ; 호반그룹 ; 우리금융지주 등, 사회",
  "content": "◈세아그룹◎승진&lt;부사장&gt;▷동아스틸 조진호&lt;전무&gt;▷세아제강 조영빈▷세아베스틸 서한석&lt;상무&gt;▷세아제강지주 손성활▷세아제강 조희현▷세아베스틸 윤찬식&lt;이사보&gt;▷세아제강지주 정성환 공봉용▷세아제강 김익곤 박기성 양흥모 김희대 이영재▷세아베스틸지주 강동필▷세아베스틸 김대호 장영수 정준용▷세아창원특수강 강대철 손성준 신남도 이승헌▷동아스틸 김동주◎신규 선임&lt;이사&gt;▷세아베스틸 김동열&lt;이사보&gt;▷세아홀딩스 김윤정\n\n◈호반그룹◇호반건설 계열◎승진▷부사장 변부섭▷전무 김철희▷상무 박종삼 이진섭▷상무보 김민수▷이사 박희현 김영무◎선임▷대외협력실장 겸 서울미디어홀딩스 대표이사 이종락▷재무관리실장 김철희▷대전용산개발 대표이사 정성기▷호반자산개발 대표이사 김동남◇호반산업 계열◎승진▷이사 박광삼 이재익 최준철◎선임▷티에스써밋 대표이사 변경수◇대한전선◎승진▷상무 노재준▷상무보 이치봉▷이사 김한화 오은석 조성우 윤태복 김성용 한지훈 조용석 최재형 신해욱 권오균◇호반호텔앤리조트◎승진▷이사 김윤환◇호반골프◎승진▷상무보 조창걸◎선임▷호반써밋㈜(H1 CLUB) 대표이사 김석진▷호반서서울(서서울CC) 대표이사 이은래▷호반USA(와이켈레CC) 대표이사 박공석\n\n◈우리금융지주◎승진&lt;부사장&gt;▷성장지원부문장 송윤홍▷준법감시인 전재화▷감사부문장 정규황▷홍보실장 정찬호(은행 부행장 겸직)&lt;본부장&gt;▷사업포트폴리오부장 양기현\n\n◈우리은행◎전보&lt;부행장(부문장)&gt;▷국내영업부문장(겸 개인그룹장) 김범석▷기업투자금융부문장(겸 CIB그룹장) 기동호◎승진&lt;부행장&gt;▷기관그룹장 조세형▷부동산금융그룹장 박종인▷중소기업그룹장 정진완▷IT그룹장 조한래▷여신지원그룹장 송용섭▷정보보호그룹장 고영수▷금융소비자보호그룹장 정현옥▷HR그룹장 이명수▷업무지원그룹장 박형우◎전보&lt;부행장&gt;▷자금시장그룹장 김건호▷연금사업그룹장 조병열◎승진&lt;본부장&gt;▷리테일디지털본부장 김동성▷프로젝트금융본부장 성시천▷강동강원영업본부장 강우삼▷강북영업본부장 정운형▷영등포영업본부장 조운정▷중랑노원영업본부장 윤상규▷중앙영업본부장 배연수▷경기서부영업본부장 정평섭▷대전충청남부영업본부장 김영민▷부산동부울산영업본부장 전병조▷대구경북서부영업본부장 박상형▷광주전남영업본부장 김남곤▷강남기업영업본부장 정해원▷중앙기업영업본부장 허기철▷여의도기업영업본부장 류운종▷미래기업영업본부장 이상호▷TWO CHAIRS W 대치 본부장 권현희◎전보&lt;본부장&gt;▷투자상품전략본부장 김선▷디지털개발본부장 박영하▷여신관리본부장 한세룡▷검사본부장 이재영▷서초1영업본부장 송유수▷경기수원영업본부장 조진오▷종로기업영업본부장 강동원▷남대문기업영업본부장 이상민▷본점영업부본부장 박봉순\n\n◈교보생명◎경영임원 승진&lt;부사장&gt;▷채널담당 조규식&lt;전무&gt;▷법인사업본부장 조길홍◎경영임원 신규선임&lt;전무&gt;▷교보금융연구소장 이학상&lt;상무&gt;▷대구권역담당 김중호▷상품전략팀장 김헌재▷GFP사업부장 이효영▷빅데이터지원팀장 임세현▷정책지원팀장 최인규▷투자사업본부장 백종혁▷디지털마케팅담당 겸 디지털마케팅팀장 남상우◎전보&lt;권역담당&gt;▷강북 손영대▷강남 이관상▷경인 문광수▷부산 김준현▷중부 노승용▷호남 정기환&lt;실장·담당임원&gt;▷소비자보호 강환▷노무지원 유홍▷준법감시인·공정거래자율준수관리자 정홍민&lt;본부장&gt;▷방카슈랑스 정우철&lt;사업부장&gt;▷다이렉트 김명희&lt;팀장&gt;▷플랫폼추진 조지현▷평생든든고객지원 배대근▷시장확대추진 노현우▷조직순증·역량강화 노경환▷상품개발 노중필▷상품마케팅 최광현▷보험서비스기획 유정구▷총무지원 고말주▷법무지원 이승용▷신사업기획 최홍근▷신기술전략 김진중▷연금자산운영 김찬우▷소매여신관리 홍문기▷해외대체투자사업 박정범▷변액자산운영 박호상▷경리 최창섭▷리스크관리지원 양회은▷투자자산심사 장재웅▷계리 구예리▷경영감사 김국현&lt;센터장&gt;▷재무설계 배범식\n\n◈커리어케어▷사장 겸 글로벌본부장 이영미▷부사장 겸 파이낸스본부장 장대훈▷부사장 겸 파이낸스본부 F&amp;I팀장 박혜준▷전무 겸 헬스케어본부장 곽훈희▷부사장 겸 고문 송현순\n\n◈보건복지부◎국장급 전보▷필수의료지원관 김국일▷공공보건정책관 정통령◎국장급 파견▷교육부 영유아교육·보육통합추진단장 정영훈\n\n◈국민권익위원회◎과장급 임용▷감사담당관 김대은\n\n◈질병관리청◎전보&lt;국장급&gt;▷기획조정관 이상진▷만성질환관리국 건강위해대응관 오진희▷감염병위기대응국장 손영래\n\n◈인천국제공항공사▷부사장 전형욱▷상임이사 및 경영본부장 김범호▷상임이사 및 운영본부장 유구종▷상임이사 및 인프라본부장 주견▷미래사업본부장 김창규▷안전보안본부장 배영민▷건설사업단장 이동현",
  "published_at": "2023-12-08T18:14:24+09:00",
  "author": "한국경제",
  "image_urls": [],
  "thumbnail_url": "https://static.hankyung.com/img/logo/logo-news-sns.png?v=20201130",
  "content_url": "https://www.hankyung.com/article/2023120845911",
  "publisher": "한국경제",
  "analysis": {
    "companies": {
      "세아제강지주": {
        "original_mention": "세아제강지주",
        "mapped_name": "세아제강지주",
        "listing_status": "상장",
        "exchange": "KOSPI",
        "country": "Korea",
        "sentiment": "중립",
        "sentiment_reason": "인사 발표",
        "stock_code": "003030"
      },
      "세아베스틸지주": {
        "original_mention": "세아베스틸지주",
        "mapped_name": "세아베스틸지주",
        "listing_status": "상장",
        "exchange": "KOSPI",
        "country": "Korea",
        "sentiment": "중립",
        "sentiment_reason": "인사 발표",
        "stock_code": "001430"
      },
      "세아홀딩스": {
        "original_mention": "세아홀딩스",
        "mapped_name": "세아홀딩스",
        "listing_status": "상장",
        "exchange": "KOSPI",
        "country": "Korea",
        "sentiment": "중립",
        "sentiment_reason": "인사 발표",
        "stock_code": "058650"
      },
      "우리금융지주": {
        "original_mention": "우리금융지주",
        "mapped_name": "우리금융지주",
        "listing_status": "상장",
        "exchange": "KOSPI",
        "country": "Korea",
        "sentiment": "중립",
        "sentiment_reason": "인사 발표",
        "stock_code": "316140"
      },
      "호반건설": {
        "original_mention": "호반건설",
        "mapped_name": "호반건설",
        "listing_status": "비상장",
        "exchange": "",
        "country": "Korea",
        "sentiment": "중립",
        "sentiment_reason": "인사 발표",
        "stock_code": null
      },
      "호반산업": {
        "original_mention": "호반산업",
        "mapped_name": "호반산업",
        "listing_status": "비상장",
        "exchange": "",
        "country": "Korea",
        "sentiment": "중립",
        "sentiment_reason": "인사 발표",
        "stock_code": null
      },
      "대한전선": {
        "original_mention": "대한전선",
        "mapped_name": "대한전선",
        "listing_status": "상장",
        "exchange": "KOSPI",
        "country": "Korea",
        "sentiment": "중립",
        "sentiment_reason": "인사 발표",
        "stock_code": "001440"
      }
    },
    "relations": []
  }
}