{
  "title": "1.8兆 전자전 군용기 수주전…승자는 'LIG-대한항공'",
  "description": "1.8조 전자전 군용기 수주전…승자는 LIG-대한항공, 방위사업청, 우선협상자로 통보 KAI-한화 제치고 1호 사업 따내 최장 40년 MRO 우선권도 확보",
  "content": "LIG넥스원·대한항공 컨소시엄이 정부가 주관하는 ‘한국형전자전기(Block-Ⅰ) 체계 개발’ 사업을 수주했다. 1조7775억원 규모인 이 사업은 전자전에 투입되는 기체를 국산 기술로 양산하는 첫 프로젝트다. 입찰 경쟁에서 맞붙은 한국항공우주산업(KAI)·한화시스템 팀은 지난 4월 블랙호크(UH/HH-60) 개량사업에 이어 연달아 고배를 마셨다.\n\n▶본지 8월 29일자 A11면 참조\n\n22일 방위산업계에 따르면 방위사업청은 LIG넥스원에 한국형전자전기 체계 개발 사업의 우선협상대상자로 선정된 사실을 최근 전달했다. 업계 관계자는 “방사청이 지난주 사흘간 치러진 입찰제안서 평가 끝에 LIG넥스원 측 손을 들어준 것으로 알려졌다”며 “입찰에 참여한 업체들은 정식 통보 공문을 기다리고 있다”고 했다. 방사청은 향후 입찰제안서를 제출한 업체들로부터 이의신청을 받고 7근무일 이내에 이를 심사한 뒤 사업자를 최종 선정한다.\n\n전자전 장비 개발에 강점을 지닌 LIG넥스원이 항공기 기체에 특화한 KAI에 비해 높은 평가를 받은 것으로 전해졌다. LIG넥스원은 사업제안서에 KF-21 통합전자전 장비, 소나타(SONATA) 등 함정용 전자전 장비 등을 개발한 이력을 내세웠다.\n\n한국형전자전기 체계 개발 사업은 우리 군이 운용하는 전자전기 기술을 국산화하기 위해 추진하는 프로젝트다. 우선협상대상자로 선정된 LIG넥스원과 대한항공은 2026~2034년 캐나다 항공기 제조사 봄바디어의 G6500을 개조해 전자전 장비를 탑재한다. 전자전기는 전자파를 이용해 적의 레이더와 통신장비, 미사일 등을 무력화하는 항공기로 현대전의 핵심 전력이다.\n\nLIG넥스원과 KAI는 이번 입찰에서 각각 체계통합 업체로서 경쟁했다. LIG넥스원이 대한항공을, KAI가 한화시스템을 파트너로 지목했다. 체계통합은 기체와 레이더, 지휘 통신체계 등 각각 따로 개발된 무기체계를 하나로 통합하는 ‘팀장’ 역할을 맡는다. 체계통합 사업자로 선정되면 향후 30~40여 년간 이뤄질 유지·보수·정비(MRO)에서 우선권을 갖는 것은 물론이고 무기 수출에도 주도적으로 나설 수 있다.\n\n안시욱 기자 siook95@hankyung.com",
  "published_at": "2025-09-22T17:29:16+09:00",
  "author": "안시욱",
  "image_urls": [],
  "thumbnail_url": "https://static.hankyung.com/img/logo/logo-news-sns.png?v=20201130",
  "content_url": "https://www.hankyung.com/article/2025092203371",
  "publisher": "한국경제",
  "analysis": {
    "companies": {
      "LIG넥스원": {
        "original_mention": "LIG넥스원",
        "mapped_name": "LIG넥스원",
        "listing_status": "상장",
        "exchange": "KOSPI",
        "country": "Korea",
        "sentiment": "긍정",
        "sentiment_reason": "한국형전자전기 체계 개발 사업의 우선협상대상자로 선정됨",
        "stock_code": "079550"
      },
      "대한항공": {
        "original_mention": "대한항공",
        "mapped_name": "대한항공",
        "listing_status": "상장",
        "exchange": "KOSPI",
        "country": "Korea",
        "sentiment": "긍정",
        "sentiment_reason": "LIG넥스원과 컨소시엄으로 한국형전자전기 체계 개발 사업 수주",
        "stock_code": "003490"
      },
      "한국항공우주산업": {
        "original_mention": "한국항공우주산업",
        "mapped_name": "한국항공우주",
        "listing_status": "상장",
        "exchange": "KOSPI",
        "country": "Korea",
        "sentiment": "부정",
        "sentiment_reason": "입찰 경쟁에서 패배",
        "stock_code": "047810"
      },
      "한화시스템": {
        "original_mention": "한화시스템",
        "mapped_name": "한화시스템",
        "listing_status": "상장",
        "exchange": "KOSPI",
        "country": "Korea",
        "sentiment": "부정",
        "sentiment_reason": "입찰 경쟁에서 패배",
        "stock_code": "272210"
      }
    },
    "relations": [
      {
        "source": "LIG넥스원",
        "target": "대한항공",
        "relation_type": "파트너",
        "relation_reason": "한국형전자전기 체계 개발 사업에서 컨소시엄 구성",
        "source_is_listed": true,
        "source_country": "Korea",
        "source_ticker": "079550",
        "target_is_listed": true,
        "target_country": "Korea",
        "target_ticker": "003490"
      },
      {
        "source": "한국항공우주산업",
        "target": "한화시스템",
        "relation_type": "파트너",
        "relation_reason": "한국형전자전기 체계 개발 사업에서 컨소시엄 구성",
        "source_is_listed": true,
        "source_country": "Korea",
        "source_ticker": "047810",
        "target_is_listed": true,
        "target_country": "Korea",
        "target_ticker": "272210"
      }
    ]
  }
}