{
  "title": "대한항공 기내면세점 \"1弗 사도 10만원 바우처\"",
  "description": "대한항공 기내면세점 1달러 사도 10만원 바우처, 김보형 기자, 경제",
  "content": "대한항공 기내면세점 스카이샵이 다음달 31일까지 1달러 이상 구매 고객에게 5만원권 바우처 2장을 증정하는 ‘블랙 플라이 데이’ 프로모션을 한다고 1일 밝혔다.\n\n면세품 인도 때 함께 제공하는 바우처를 스카이샵 온라인몰에 등록하면 내년 6월 30일까지 200달러 이상 구매 시 5만원을 할인받을 수 있다.\n\n스카이샵은 구매 금액에 따라 대한항공 마일리지도 적립해준다. 399달러 이하 구매는 100마일, 400~599달러 구매는 1000마일, 600달러 이상 구매는 3000마일이 적립된다.\n\n온라인몰과 오프라인 기내 주문을 합친 금액 기준이다.\n\n오는 15일부터 10월 31일까지 구매한 영수증을 온라인몰에 등록하면 된다. 대한항공 마일리지는 11월 27일 일괄 지급된다.\n\n김보형 기자 kph21c@hankyung.com",
  "published_at": "2025-09-01T16:41:33+09:00",
  "author": "김보형",
  "image_urls": [],
  "thumbnail_url": "https://static.hankyung.com/img/logo/logo-news-sns.png?v=20201130",
  "content_url": "https://www.hankyung.com/article/2025090153671",
  "publisher": "한국경제",
  "analysis": {
    "companies": {
      "대한항공": {
        "original_mention": "대한항공",
        "mapped_name": "대한항공",
        "listing_status": "상장",
        "exchange": "Korea Exchange",
        "country": "Korea",
        "sentiment": "긍정",
        "sentiment_reason": "프로모션을 통해 고객에게 혜택을 제공하고 마일리지 적립 기회를 제공함",
        "stock_code": "003490"
      }
    },
    "relations": []
  }
}