{
  "title": "누리호에 쓰인 K발사체 기술, 한화에어로스페이스에 이전",
  "description": "누리호에 쓰인 K발사체 기술, 한화에어로스페이스에 이전, 김진원 기자, IT/과학",
  "content": "한국형 발사체(로켓) 누리호의 기술을 이전받는 ‘체계종합기업’으로 한화에어로스페이스가 선정됐다. 과학기술정보통신부는 우주개발진흥실무위원회를 개최하고 한화에어로스페이스를 체계종합기업 우선협상대상자로 선정했다고 7일 밝혔다.\n\n체계종합기업 사업은 과기정통부가 추진하는 한국형 발사체 고도화사업의 일환이다. 한국항공우주연구원이 개발한 누리호 기술을 민간기업으로 이전해 ‘한국형 스페이스X’를 만드는 것이다.\n\n체계종합기업은 한국형 발사체 1~3단 및 전기체 제작을 주관하고 구성품 제작 참여기업에 대한 총괄관리를 수행한다.\n\n김진원 기자 jin1@hankyung.com",
  "published_at": "2022-10-07T17:22:26+09:00",
  "author": "김진원",
  "image_urls": [],
  "thumbnail_url": "https://static.hankyung.com/img/logo/logo-news-sns.png?v=20201130",
  "content_url": "https://www.hankyung.com/article/2022100740181",
  "publisher": "한국경제",
  "analysis": {
    "companies": {
      "한화에어로스페이스": {
        "original_mention": "한화에어로스페이스",
        "mapped_name": "한화에어로스페이스",
        "listing_status": "상장",
        "exchange": "KOSPI",
        "country": "Korea",
        "sentiment": "긍정",
        "sentiment_reason": "한화에어로스페이스가 한국형 발사체 기술을 이전받는 체계종합기업으로 선정되었기 때문",
        "stock_code": "012450"
      },
      "한국항공우주연구원": {
        "original_mention": "한국항공우주연구원",
        "mapped_name": "한국항공우주연구원",
        "listing_status": "비상장",
        "exchange": "",
        "country": "Korea",
        "sentiment": "중립",
        "sentiment_reason": "기술 이전의 주체로서 중립적인 역할",
        "stock_code": null
      }
    },
    "relations": [
      {
        "source": "한화에어로스페이스",
        "target": "한국항공우주연구원",
        "relation_type": "파트너",
        "relation_reason": "한국형 발사체 기술 이전 및 체계종합기업 선정",
        "source_is_listed": true,
        "source_country": "Korea",
        "source_ticker": "012450",
        "target_is_listed": false,
        "target_country": "Korea",
        "target_ticker": null
      }
    ]
  }
}