{
  "title": "한화그룹, 방산사업 재편…에어로스페이스로 모은다",
  "description": "한화그룹, 방산사업 재편…에어로스페이스로 모은다, 김익환 기자, 경제",
  "content": "한화그룹이 방산사업 계열사들을 한화에어로스페이스로 통합한다고 29일 발표했다.\n\n한화에어로스페이스는 ㈜한화에서 물적 분할된 방산 부문을 인수하는 동시에 100% 자회사인 한화디펜스를 흡수합병하기로 했다. 항공기 엔진을 생산하는 한화에어로스페이스가 장갑차와 자주포를 생산하는 한화디펜스, 탄약과 레이저 대공무기 기술을 보유한 ㈜한화 방산 부문을 흡수해 지상 전력부터 항공 전력까지 아우르는 종합 방산기업으로 발돋움한다는 시나리오다. 이 회사는 2030년까지 ‘글로벌 방산 톱10’으로 성장한다는 비전도 발표했다.\n\n한화그룹의 지주사 역할을 하는 ㈜한화는 방산 부문을 한화에어로스페이스에 떼어주는 대신 한화에어로스페이스 자회사인 한화정밀기계를 인수한다. 여기에 100% 자회사인 한화건설도 흡수합병한다. 소재, 장비 및 인프라 분야를 중심으로 사업 영역을 재편하겠다는 취지다.\n\n한화그룹 석유화학 계열사인 한화임팩트는 한화에어로스페이스의 에너지 장비 자회사인 한화파워시스템을 인수한다. 한화임팩트는 이번 인수를 바탕으로 발전 장비 분야 기술 역량을 끌어올릴 계획이다.\n\n김익환 기자 lovepen@hankyung.com",
  "published_at": "2022-07-29T17:32:28+09:00",
  "author": "김익환",
  "image_urls": [],
  "thumbnail_url": "https://static.hankyung.com/img/logo/logo-news-sns.png?v=20201130",
  "content_url": "https://www.hankyung.com/article/2022072940961",
  "publisher": "한국경제",
  "analysis": {
    "companies": {
      "한화에어로스페이스": {
        "original_mention": "한화에어로스페이스",
        "mapped_name": "한화에어로스페이스",
        "listing_status": "상장",
        "exchange": "",
        "country": "Korea",
        "sentiment": "긍정",
        "sentiment_reason": "방산사업 통합으로 종합 방산기업으로 성장 계획 발표",
        "stock_code": null
      },
      "한화디펜스": {
        "original_mention": "한화디펜스",
        "mapped_name": "한화디펜스",
        "listing_status": "비상장",
        "exchange": "",
        "country": "Korea",
        "sentiment": "중립",
        "sentiment_reason": "한화에어로스페이스에 흡수합병 예정",
        "stock_code": null
      },
      "㈜한화": {
        "original_mention": "㈜한화",
        "mapped_name": "한화",
        "listing_status": "상장",
        "exchange": "",
        "country": "Korea",
        "sentiment": "중립",
        "sentiment_reason": "방산 부문을 한화에어로스페이스에 분할",
        "stock_code": null
      },
      "한화정밀기계": {
        "original_mention": "한화정밀기계",
        "mapped_name": "한화정밀기계",
        "listing_status": "비상장",
        "exchange": "",
        "country": "Korea",
        "sentiment": "중립",
        "sentiment_reason": "㈜한화에 인수 예정",
        "stock_code": null
      },
      "한화건설": {
        "original_mention": "한화건설",
        "mapped_name": "한화건설",
        "listing_status": "비상장",
        "exchange": "",
        "country": "Korea",
        "sentiment": "중립",
        "sentiment_reason": "㈜한화에 흡수합병 예정",
        "stock_code": null
      },
      "한화임팩트": {
        "original_mention": "한화임팩트",
        "mapped_name": "한화임팩트",
        "listing_status": "비상장",
        "exchange": "",
        "country": "Korea",
        "sentiment": "긍정",
        "sentiment_reason": "한화파워시스템 인수로 발전 장비 분야 기술 역량 강화 계획",
        "stock_code": null
      },
      "한화파워시스템": {
        "original_mention": "한화파워시스템",
        "mapped_name": "한화파워시스템",
        "listing_status": "비상장",
        "exchange": "",
        "country": "Korea",
        "sentiment": "중립",
        "sentiment_reason": "한화임팩트에 인수 예정",
        "stock_code": null
      }
    },
    "relations": [
      {
        "source": "한화에어로스페이스",
        "target": "한화디펜스",
        "relation_type": "흡수합병",
        "relation_reason": "한화에어로스페이스가 한화디펜스를 흡수합병",
        "source_is_listed": true,
        "source_country": "Korea",
        "source_ticker": null,
        "target_is_listed": false,
        "target_country": "Korea",
        "target_ticker": null
      },
      {
        "source": "한화에어로스페이스",
        "target": "㈜한화",
        "relation_type": "인수",
        "relation_reason": "한화에어로스페이스가 ㈜한화 방산 부문을 인수",
        "source_is_listed": true,
        "source_country": "Korea",
        "source_ticker": null,
        "target_is_listed": true,
        "target_country": "Korea",
        "target_ticker": null
      },
      {
        "source": "㈜한화",
        "target": "한화정밀기계",
        "relation_type": "인수",
        "relation_reason": "㈜한화가 한화정밀기계를 인수",
        "source_is_listed": true,
        "source_country": "Korea",
        "source_ticker": null,
        "target_is_listed": false,
        "target_country": "Korea",
        "target_ticker": null
      },
      {
        "source": "㈜한화",
        "target": "한화건설",
        "relation_type": "흡수합병",
        "relation_reason": "㈜한화가 한화건설을 흡수합병",
        "source_is_listed": true,
        "source_country": "Korea",
        "source_ticker": null,
        "target_is_listed": false,
        "target_country": "Korea",
        "target_ticker": null
      },
      {
        "source": "한화임팩트",
        "target": "한화파워시스템",
        "relation_type": "인수",
        "relation_reason": "한화임팩트가 한화파워시스템을 인수",
        "source_is_listed": false,
        "source_country": "Korea",
        "source_ticker": null,
        "target_is_listed": false,
        "target_country": "Korea",
        "target_ticker": null
      }
    ]
  }
}