{
  "title": "홈플랫폼·AI로 재활용 분류 … 스마트 주거기술 교류 '활발'",
  "description": "홈플랫폼·AI로 재활용 분류…스마트 주거기술 교류 활발, 부동산 프리즘 홈플랫폼 홈닉 앞세운 삼성물산 SK에코플랜트와 AI 기술 교류 한화는 전기차 충전 시스템 협력",
  "content": "건설업계에서 주거 서비스 관련 기술 교류가 활발해지고 있다. 그 중심엔 삼성물산 건설부문이 있다. 삼성물산은 2023년 8월 선보인 개방형 홈플랫폼 ‘홈닉’을 두산건설, 한화 건설부문, HS화성, SK에코플랜트 등에 공급하는 동시에 다른 건설사가 앞선 기술은 적극 받아들여 래미안 단지에 적용하는 등 선순환을 꾀하고 있다.\n\n\n                    \n                        \n                            \n[IMG]\n\n                            \n                        \n                        \n                    \n                삼성물산은 서울 문정동 래미안갤러리에서 SK에코플랜트와 스마트 주거 기술 협력을 위한 전략적 파트너십을 맺었다고 30일 밝혔다. 이번 협약으로 SK에코플랜트의 ‘드파인’과 ‘SK뷰’ 브랜드를 단 새 단지에 홈닉이 적용된다.\n\n홈닉은 모든 주거 서비스를 스마트폰 앱 하나로 해결할 수 있게 한다. 조명·에어컨·난방을 켜고 끌 수 있는 홈 사물인터넷(IoT) 제어와 골프연습장·독서실·클래스 등 커뮤니티 예약이 가능하다. 또 관리비를 조회하고 민원을 넣는 디지털 관리사무소, 전기·수도·가스 사용량을 확인하는 기능, 단지 내 편의시설을 편리하게 이용하는 스마트 주문 기능을 갖췄다. 집에 걸어둘 그림을 구입하고 인테리어 상담을 받을 수 있다. 입주민끼리 와인, 등산, 골프 등 취미 생활을 함께하는 소모임 만들기 기능도 있다. 서울 서초구 래미안원베일리에 처음 도입된 홈닉은 아파트 6만여 가구가 쓰고 있다.\n\n삼성물산은 홈닉 개발에 2년이 걸렸다. 사용자인터페이스(UI)·사용자경험(UX) 디자인은 이트라이브에, 바이오 보안 인증은 슈프리마에, 전자 키와 스마트 미러 개발은 에이아이미러에 맡기는 등 전문 업체와 협업했다. 완성도가 높다는 평가를 받는 이유다. 이용자가 보기엔 하나의 스마트폰 앱에 불과하지만 그 뒤엔 각종 아파트 시설물, 시스템, 키오스크 등과 실시간 정보를 공유하며 운영되는 복잡한 체계가 있다.\n\n홈닉을 받아들이는 건설사가 빠르게 늘고 있다. 두산건설은 최근 분양한 경기 ‘남양주 두산위브 더제니스 평내호평역 N49’를 시작으로 ‘위브’와 ‘위브더제니스’ 단지 약 2만 가구에 홈닉을 적용한다. 한화 건설부문에서는 ‘한화포레나 부산 당리’가, HS화성에서는 ‘평택석정공원 화성파크드림’이 홈닉을 쓰는 첫 단지로 나선다.\n\n삼성물산도 이들 건설사의 우수 기술을 받아들이고 있다. SK에코플랜트의 재활용 폐기물 관리 솔루션 ‘피클’, 한화 건설부문의 전기차 충전 시스템 ‘EV 에어 스테이션’을 래미안 단지에 적용하는 것을 검토 중이다. 피클은 인공지능(AI)으로 재활용 배출물의 재질·오염도를 파악해 자동 분류한다. 세계 최대 IT·가전 전시회 ‘CES 2024’에서 혁신상을 받았다.\n\n임근호 기자 eigen@hankyung.com",
  "published_at": "2025-04-30T17:38:40+09:00",
  "author": "임근호",
  "image_urls": [
    "https://img.hankyung.com/photo/202504/AA.40338962.1.jpg"
  ],
  "thumbnail_url": "https://img.hankyung.com/photo/202504/AA.40338962.1.jpg",
  "content_url": "https://www.hankyung.com/article/2025043069091",
  "publisher": "한국경제",
  "analysis": {
    "companies": {
      "삼성물산": {
        "original_mention": "삼성물산",
        "mapped_name": "삼성물산",
        "listing_status": "상장",
        "exchange": "KOSPI",
        "country": "Korea",
        "sentiment": "긍정",
        "sentiment_reason": "스마트 주거 기술 협력 및 홈플랫폼 공급으로 긍정적인 이미지",
        "stock_code": "028260"
      },
      "두산건설": {
        "original_mention": "두산건설",
        "mapped_name": "두산건설",
        "listing_status": "비상장",
        "exchange": "",
        "country": "Korea",
        "sentiment": "중립",
        "sentiment_reason": "홈플랫폼 적용으로 기술 수용",
        "stock_code": null
      },
      "한화 건설부문": {
        "original_mention": "한화 건설부문",
        "mapped_name": "한화",
        "listing_status": "상장",
        "exchange": "KOSPI",
        "country": "Korea",
        "sentiment": "중립",
        "sentiment_reason": "홈플랫폼 적용 및 전기차 충전 시스템 제공",
        "stock_code": "000880"
      },
      "HS화성": {
        "original_mention": "HS화성",
        "mapped_name": "HS화성",
        "listing_status": "비상장",
        "exchange": "",
        "country": "Korea",
        "sentiment": "중립",
        "sentiment_reason": "홈플랫폼 적용으로 기술 수용",
        "stock_code": null
      },
      "SK에코플랜트": {
        "original_mention": "SK에코플랜트",
        "mapped_name": "SK에코플랜트",
        "listing_status": "비상장",
        "exchange": "",
        "country": "Korea",
        "sentiment": "긍정",
        "sentiment_reason": "스마트 주거 기술 협력 및 재활용 폐기물 관리 솔루션 제공",
        "stock_code": null
      },
      "이트라이브": {
        "original_mention": "이트라이브",
        "mapped_name": "이트라이브",
        "listing_status": "비상장",
        "exchange": "",
        "country": "Korea",
        "sentiment": "중립",
        "sentiment_reason": "UI/UX 디자인 협업",
        "stock_code": null
      },
      "슈프리마": {
        "original_mention": "슈프리마",
        "mapped_name": "슈프리마",
        "listing_status": "상장",
        "exchange": "KOSDAQ",
        "country": "Korea",
        "sentiment": "중립",
        "sentiment_reason": "바이오 보안 인증 협업",
        "stock_code": "236200"
      },
      "에이아이미러": {
        "original_mention": "에이아이미러",
        "mapped_name": "에이아이미러",
        "listing_status": "비상장",
        "exchange": "",
        "country": "Korea",
        "sentiment": "중립",
        "sentiment_reason": "전자 키와 스마트 미러 개발 협업",
        "stock_code": null
      }
    },
    "relations": [
      {
        "source": "삼성물산",
        "target": "SK에코플랜트",
        "relation_type": "파트너",
        "relation_reason": "스마트 주거 기술 협력을 위한 전략적 파트너십 체결",
        "source_is_listed": true,
        "source_country": "Korea",
        "source_ticker": "028260",
        "target_is_listed": false,
        "target_country": "Korea",
        "target_ticker": null
      },
      {
        "source": "삼성물산",
        "target": "두산건설",
        "relation_type": "공급사",
        "relation_reason": "홈플랫폼 '홈닉' 공급",
        "source_is_listed": true,
        "source_country": "Korea",
        "source_ticker": "028260",
        "target_is_listed": false,
        "target_country": "Korea",
        "target_ticker": null
      },
      {
        "source": "삼성물산",
        "target": "한화",
        "relation_type": "공급사",
        "relation_reason": "홈플랫폼 '홈닉' 공급",
        "source_is_listed": true,
        "source_country": "Korea",
        "source_ticker": "028260",
        "target_is_listed": true,
        "target_country": "Korea",
        "target_ticker": "000880"
      },
      {
        "source": "삼성물산",
        "target": "HS화성",
        "relation_type": "공급사",
        "relation_reason": "홈플랫폼 '홈닉' 공급",
        "source_is_listed": true,
        "source_country": "Korea",
        "source_ticker": "028260",
        "target_is_listed": false,
        "target_country": "Korea",
        "target_ticker": null
      }
    ]
  }
}