{
  "title": "5월 MSCI 편입 기대에 … 삼양식품·한화시스템 상승세",
  "description": "5월 MSCI 편입 기대에…삼양식품·한화시스템 상승세, 편입 땐 패시브 자금 유입 HD현대마린엔진 등도 후보 엔씨소프트는 탈락 가능성",
  "content": "다음달 MSCI지수 리밸런싱(구성 종목 조정)을 앞두고 편입이 예상되는 종목들이 강세를 보이고 있다. 증권가에선 삼양식품, 한화시스템 등이 새로 들어오고 엔씨소프트, 에코프로머티 등이 빠질 것으로 분석했다.\n                    \n                        \n                            \n[IMG]\n\n                            \n                                    \n                                        \n                                    \n                                    이미지 크게보기\n                                \n                        \n                        \n                    \n                16일 삼양식품은 0.98% 상승한 93만2000원에 거래를 마쳤다. 이날 장중 52주 신고가(97만3000원)까지 치솟았다. 최근 호실적을 기록하고 있는 데다 MSCI지수 편입이 유력하다는 분석이 나오면서 최근 5거래일간 9.01% 뛰었다. 시가총액 7조원을 돌파하면서 MSCI지수 편입 기준점(시가총액 4조원 안팎으로 추정)을 넘어섰다. 통상 MSCI지수에 편입되면 해당 지수를 추종하는 패시브 자금이 유입돼 주가에 호재로 작용한다.\n\n같은 기간 HD현대마린엔진(21.72%)을 비롯해 HD현대마린솔루션(15.51%), LIG넥스원(14.97%), 한화시스템(13.97%) 등 조선·방위산업주도 상승폭을 확대했다. 이들은 대표적인 ‘트럼프 트레이드’(트럼프 수혜) 종목으로 꼽힌다. 도널드 트럼프 미국 대통령이 취임 이후 꾸준히 한국과 조선 분야 협력을 언급하면서 매수세가 몰리고 있다. 방산업체들도 대규모 무기 수출에 힘입어 호실적을 내고 있다.\n\n반면 편출 예상 종목으로 거론되는 엔씨소프트(-1.64%), LG이노텍(-0.15%), 에코프로머티(-2.48%) 등은 하락세를 보였다. 엔씨소프트는 이날 3.37% 하락한 13만7800원에 마감했다. 52주 신저가(13만4600원)에 가까워지고 있다. 신작 흥행 부진 등으로 지난해 1092억원 영업손실을 내면서 주가도 고꾸라졌다. LG이노텍은 주요 고객사인 애플의 아이폰 판매 부진으로, 에코프로머티는 업황 침체로 작년에 영업손실을 내면서 하락세를 타고 있다.\n\n차기 MSCI지수 구성 종목 조정일은 다음달 말로 예정돼 있다. 통상 리밸런싱일 두 달 전부터 외국인 자금이 움직이는 만큼 편출입 종목에 선제적으로 대응할 필요가 있다는 분석이 제기된다.\n\n조민규 신한투자증권 연구원은 “최근 공매도 재개로 수급이 예년보다 빠르게 움직일 가능성이 크다”며 “편출입 예상 종목뿐만 아니라 후보군까지 영향을 받을 것”이라고 말했다.\n\n조아라 기자 rrang123@hankyung.com",
  "published_at": "2025-04-16T17:55:08+09:00",
  "author": "조아라",
  "image_urls": [
    "https://img.hankyung.com/photo/202504/AA.40182477.1.jpg"
  ],
  "thumbnail_url": "https://img.hankyung.com/photo/202504/AA.40182477.1.jpg",
  "content_url": "https://www.hankyung.com/article/2025041662861",
  "publisher": "한국경제",
  "analysis": {
    "companies": {
      "삼양식품": {
        "original_mention": "삼양식품",
        "mapped_name": "삼양식품",
        "listing_status": "상장",
        "exchange": "KOSPI",
        "country": "Korea",
        "sentiment": "긍정",
        "sentiment_reason": "MSCI지수 편입 기대와 호실적 발표로 주가 상승",
        "stock_code": "003230"
      },
      "한화시스템": {
        "original_mention": "한화시스템",
        "mapped_name": "한화시스템",
        "listing_status": "상장",
        "exchange": "KOSPI",
        "country": "Korea",
        "sentiment": "긍정",
        "sentiment_reason": "MSCI지수 편입 기대와 방산업체 호실적 발표로 주가 상승",
        "stock_code": "272210"
      },
      "엔씨소프트": {
        "original_mention": "엔씨소프트",
        "mapped_name": "엔씨소프트",
        "listing_status": "상장",
        "exchange": "KOSPI",
        "country": "Korea",
        "sentiment": "부정",
        "sentiment_reason": "MSCI지수 편출 예상과 신작 흥행 부진으로 주가 하락",
        "stock_code": "036570"
      },
      "에코프로머티": {
        "original_mention": "에코프로머티",
        "mapped_name": "에코프로머티",
        "listing_status": "상장",
        "exchange": "KOSDAQ",
        "country": "Korea",
        "sentiment": "부정",
        "sentiment_reason": "업황 침체로 인한 영업손실로 주가 하락",
        "stock_code": "247540"
      },
      "LG이노텍": {
        "original_mention": "LG이노텍",
        "mapped_name": "LG이노텍",
        "listing_status": "상장",
        "exchange": "KOSPI",
        "country": "Korea",
        "sentiment": "부정",
        "sentiment_reason": "주요 고객사인 애플의 아이폰 판매 부진으로 주가 하락",
        "stock_code": "011070"
      },
      "신한투자증권": {
        "original_mention": "신한투자증권",
        "mapped_name": "신한지주",
        "listing_status": "상장",
        "exchange": "KOSPI",
        "country": "Korea",
        "sentiment": "중립",
        "sentiment_reason": "조민규 연구원의 분석 발언",
        "stock_code": "055550"
      }
    },
    "relations": [
      {
        "source": "LG이노텍",
        "target": "애플",
        "relation_type": "고객사",
        "relation_reason": "애플의 아이폰 판매 부진이 LG이노텍에 영향을 미침",
        "source_is_listed": true,
        "source_country": "Korea",
        "source_ticker": "011070",
        "target_is_listed": true,
        "target_country": "USA",
        "target_ticker": "AAPL"
      }
    ]
  }
}