{
  "title": "한화에어로, 미래실탄 확보…\"글로벌 방산·우주항공 톱티어 도약\"",
  "description": "한화에어로, 미래실탄 확보…글로벌 방산·우주항공 톱티어 도약, 역대 최대 3.6조 유상증자 글로벌 방산 거점 공격 투자 유럽·중동 1.6조 들여 현지 생산 무인기용 엔진개발에 3000억 호주 오스탈 인수에도 자금 투입 시간외 거래서 하한가 직행 시스템·오션 등 계열사도 급락 금감원 신속하게 심사할 것",
  "content": "[IMG]\n\n                            \n                        \n                        한화에어로스페이스가 개발한 155㎜ K9 자주포(오른쪽)와 K10 탄약운반차. /한화에어로스페이스 제공\n                    \n                지난해 사상 최대 영업이익(1조7247억원)을 낸 한화에어로스페이스도 고민이 있다. 미국에 이은 최대 시장인 유럽연합(EU)이 2030년까지 방산 예산의 50%를 역내에서 생산한 물량에 쓰도록 결정한 것이다. 한국과 호주 외에 해외 공장이 없는 한화에어로스페이스로선 유럽 시장을 놓칠 수밖에 없는 청천벽력 같은 소식이었다.\n\n한화에어로스페이스가 3조6000억원 규모의 초대형 유상증자를 결정한 이유도 여기에 있다. 한화그룹 관계자는 “유럽과 중동 등에서 현지 생산과 투자를 조건으로 수주 협상을 할 계획”이라며 “수주 협상력을 높여 2030년 매출 70조원 기업으로 올라설 것”이라고 말했다. ◇“독일 라인메탈 넘겠다”\n                    \n                        \n                            \n[IMG]\n\n                            \n                                    \n                                        \n                                    \n                                    이미지 크게보기\n                                \n                        \n                        \n                    \n                한화에어로스페이스가 독일의 방산 기업 라인메탈을 뛰어넘겠다고 20일 선언했다. 독일의 대표적 주력 전차인 레오파르트 2 등을 만든 세계적 방산 기업 라인메탈을 롤모델 삼아 글로벌 전진기지를 구축하겠다는 것이다. 라인메탈의 성공 전략을 따라가려면 해외 공장을 대폭 늘려야 한다. 여기엔 상당한 자금이 필요하다. 라인메탈은 독일과 미국 등 14개국에 해외 거점을 보유하고 있다.\n\n이번 유상증자에서 가장 중점을 둔 부분도 해외 거점 마련이다. 한화에어로스페이스는 1조6000억원을 투입해 해당 지역에 지상 무기 생산 거점을 짓고, 현지 업체와의 협력을 위한 지분 투자를 하겠다는 전략이다. K9 자주포뿐 아니라 천무 다연장로켓, 레드백 장갑차, 대공방어시스템, 탄약(추진장약) 등의 생산 시설이 대상이다. 한화에어로스페이스는 지난해 폴란드·루마니아와 K9 자주포 수출 계약을 체결했고, 사우디아라비아엔 유도 무기체계인 천궁-Ⅱ를 수출했다. 회사 관계자는 “라인메탈과 영업이익 차이는 20% 수준이지만, 시가총액은 라인메탈이 세 배 가까이 많다”며 “현지화를 통해 제대로 된 평가를 받겠다”고 말했다. ◇금감원 “최대한 심사 역량 투입”한화에어로스페이스는 유상증자로 마련한 자금을 미국 시장을 중심으로 조선·해양 투자에 쓰기로 했다. 해외 조선 시설을 추가로 확보하고, 현지 시설 지분 투자 등에 8000억원을 사용하겠다는 계획이다. 최근 미국과 호주 등에 조선소를 보유한 오스탈 지분 9.9%를 사들인 한화에어로스페이스는 8000억원 중 일부를 오스탈의 최대주주에 오르는 데 쓸 예정이다. 오스탈 이외에도 추가적인 해외 조선 시설과 지분 투자에 적극 참여한다.\n\n미국 필라델피아 필리조선소 개조 작업에도 적지 않은 돈이 필요하다. 이 밖에 무인기용 엔진 개발 시설에 3000억원을 투입한다. 독자적 무인기용 엔진 개발 등 항공엔진 기술 자립도를 높일 계획이다.\n\n금융감독원은 삼성SDI에 이어 한화에어로스페이스 증자도 중점 심사 대상으로 심사하기로 했다. 이복현 금감원장은 “3조6000억원의 유상증자는 한국 시장 역사상 제일 큰 규모”라며 “회사와 적극 소통하며 신속하게 자금을 조달할 수 있도록 최대한의 심사 역량을 투입하겠다”고 밝혔다.\n\n이날 유상증자에 대한 주식시장 반응은 냉담했다. 이날 한화에어로스페이스 주가는 정규장 마감 직후 유상증자 공시가 나오자 시간 외 거래에서 하한가(-9.97%)로 직행했다. 한화시스템(-6.06%)과 한화오션(-4.41%) 등 한화그룹 계열사도 시간 외 거래에서 일제히 급락했다. 증권가에선 주주배정 유상증자 규모가 워낙 크기 때문에 당분간 주가 약세가 불가피할 것으로 보고 있다. 일각에선 유상증자 정보가 미리 새나갔을 가능성도 제기하고 있다. 정규장에서 이미 4.5% 급락한 72만2000원으로 거래를 마쳤기 때문이다. 이날 투자신탁·사모 계열에서 216억원어치 순매도가 나왔다.\n\n김우섭/성상훈/맹진규 기자 duter@hankyung.com",
  "published_at": "2025-03-20T19:58:23+09:00",
  "author": "김우섭/성상훈/맹진규",
  "image_urls": [
    "https://img.hankyung.com/photo/202503/AA.39878758.1.jpg",
    "https://img.hankyung.com/photo/202503/AA.39878757.1.jpg"
  ],
  "thumbnail_url": "https://img.hankyung.com/photo/202503/AA.39878758.1.jpg",
  "content_url": "https://www.hankyung.com/article/2025032083381",
  "publisher": "한국경제",
  "analysis": {
    "companies": {
      "한화에어로스페이스": {
        "original_mention": "한화에어로스페이스",
        "mapped_name": "한화에어로스페이스",
        "listing_status": "상장",
        "exchange": "KOSPI",
        "country": "Korea",
        "sentiment": "부정",
        "sentiment_reason": "유상증자 발표로 주가 급락",
        "stock_code": "012450"
      },
      "라인메탈": {
        "original_mention": "라인메탈",
        "mapped_name": "라인메탈",
        "listing_status": "상장",
        "exchange": "XETRA",
        "country": "Germany",
        "sentiment": "중립",
        "sentiment_reason": "한화에어로스페이스의 롤모델로 언급됨",
        "stock_code": "RHM"
      },
      "오스탈": {
        "original_mention": "오스탈",
        "mapped_name": "오스탈",
        "listing_status": "상장",
        "exchange": "ASX",
        "country": "Australia",
        "sentiment": "중립",
        "sentiment_reason": "한화에어로스페이스가 지분 투자 계획",
        "stock_code": "ASB"
      },
      "금융감독원": {
        "original_mention": "금융감독원",
        "mapped_name": "금융감독원",
        "listing_status": "비상장",
        "exchange": "",
        "country": "Korea",
        "sentiment": "중립",
        "sentiment_reason": "한화에어로스페이스 증자 심사 계획 발표",
        "stock_code": null
      },
      "삼성SDI": {
        "original_mention": "삼성SDI",
        "mapped_name": "삼성SDI",
        "listing_status": "상장",
        "exchange": "KOSPI",
        "country": "Korea",
        "sentiment": "중립",
        "sentiment_reason": "금융감독원의 심사 대상 언급",
        "stock_code": "006400"
      },
      "한화시스템": {
        "original_mention": "한화시스템",
        "mapped_name": "한화시스템",
        "listing_status": "상장",
        "exchange": "KOSPI",
        "country": "Korea",
        "sentiment": "부정",
        "sentiment_reason": "한화에어로스페이스 유상증자 발표로 주가 급락",
        "stock_code": "272210"
      },
      "한화오션": {
        "original_mention": "한화오션",
        "mapped_name": "한화오션",
        "listing_status": "상장",
        "exchange": "KOSPI",
        "country": "Korea",
        "sentiment": "부정",
        "sentiment_reason": "한화에어로스페이스 유상증자 발표로 주가 급락",
        "stock_code": "042660"
      }
    },
    "relations": [
      {
        "source": "한화에어로스페이스",
        "target": "라인메탈",
        "relation_type": "경쟁사",
        "relation_reason": "한화에어로스페이스가 라인메탈을 롤모델로 삼아 경쟁 의지를 표명",
        "source_is_listed": true,
        "source_country": "Korea",
        "source_ticker": "012450",
        "target_is_listed": true,
        "target_country": "Germany",
        "target_ticker": "RHM"
      },
      {
        "source": "한화에어로스페이스",
        "target": "오스탈",
        "relation_type": "파트너",
        "relation_reason": "한화에어로스페이스가 오스탈 지분 투자 계획",
        "source_is_listed": true,
        "source_country": "Korea",
        "source_ticker": "012450",
        "target_is_listed": true,
        "target_country": "Australia",
        "target_ticker": "ASB"
      }
    ]
  }
}