{
  "title": "한화, 호주 조선사 적대적 M&A…\"美군함시장 본격 진출\"",
  "description": "한화, 호주 조선사 M&A 재추진…美군함 본격 진출, 오스탈 지분 공개매수 에어로·시스템 증자로 실탄 마련 1655억원 투입해 9.9% 우선 매입 호주 정부 승인땐 19.9% 이상 확보 시총 1.2조원…美에 조선소 보유 2021년 인수 나섰지만 작년 무산 성공하면 美해군 관련 수주 탄력 관계사 한화오션과 시너지 기대",
  "content": "한화그룹이 ‘몸값’ 1조2700억원(시가총액 기준) 규모 호주 조선·방위산업 업체인 오스탈 지분을 공개매수한다. 2021년부터 인수를 추진했지만, 오스탈 이사회의 거부로 막히자 전략적 인수합병(M&amp;A)으로 방식을 바꿨다. 미국에 조선소를 보유한 오스탈을 앞세워 미국 함정 시장을 뚫기 위해서다.\n                    \n                        \n                            \n[IMG]\n\n                            \n                                    \n                                        \n                                    \n                                    이미지 크게보기\n                                \n                        \n                        \n                    \n                 ◇3378억원 실탄 마련17일 조선업계에 따르면 한화에어로스페이스, 한화시스템의 호주 자회사인 ‘HAA №1 PTY LTD’는 오스탈 지분 공개매수를 위해 1억8000만호주달러(약 1655억원)를 투입하기로 했다. 오스탈 주식 9.9%를 주당 4.45호주달러에 인수하는 게 목표다. 전날 주식시장 종가 대비 16%가량 프리미엄을 붙인 가격이다.\n\n이날 한화시스템은 2027억원을, 한화에어로스페이스는 642억원을 유상증자 방식으로 HAA №1에 투입하겠다고 공시했다. 현재까지 HAA №1이 마련한 자금은 3378억원이다. 모두 지분 매입에 사용할 계획이다. 한화에어로스페이스와 한화시스템은 유상증자 참여 목적을 “발행회사를 통해 호주 등 글로벌 시장에 진출하려는 것”이라고 밝혔다.\n\n오스탈 시가총액은 13억9100만호주달러(약 1조2700억원)다. HAA №1의 자본금(3378억원)이면 시장가로 지분 약 26.6%를 확보할 수 있다. 호주 상법상 해외 투자자가 지분 10% 이상을 확보하기 위해선 호주 외국인투자심의위원회(FIRB)의 승인을 거쳐야 한다. 한화그룹은 이번 공개매수로 지분 9.9%를 우선 확보한 뒤 FIRB 승인을 얻어 19.9% 이상의 지분을 매입할 계획이다. 계획대로 되면 타타랑벤처스(17.09%)와 창업자인 존 로스웰 일가(7.64%) 등을 제치고 최대주주에 올라선다.\n\n한화그룹이 오스탈 인수에 나선 건 2021년부터였다. 지난해 4월 오스탈에 약 10억2000만호주달러(약 8960억원)를 인수가로 제시했지만 같은 해 9월 최종 무산됐다. 당시 오스탈 이사회는 “한화가 호주와 미국 당국의 승인을 얻지 못할 것”이라며 인수 제안을 거절했다. “실사하려면 반환되지 않는 수수료 500만달러를 미리 내야 한다”는 비합리적인 조건도 내걸었다. 오스탈 이사회가 “미국 회사와 컨소시엄을 짜면 회사를 매각하겠다”는 등의 인수 조건을 내걸자 한화는 포기했다. ◇“한화오션과의 시너지 클 것”한화그룹이 전략적 M&amp;A를 통해 오스탈 인수를 결정한 건 미국 진출을 위해 반드시 필요한 회사라고 판단했기 때문이다. 도널드 트럼프 2기 정부가 들어선 뒤 한화그룹 경영진 사이에서 “미국 함정 시장에 반드시 진출해야 한다”는 분위기가 형성된 것도 인수 재추진에 영향을 준 것으로 알려졌다.\n\n오스탈은 1988년 설립된 글로벌 선박 및 특수선 건조 업체다. 미국 해군의 연안 전투함인 LCS 생산을 맡으며 이름을 알렸다. 본사는 호주에 있지만 미국 앨라배마 조선소에서 핵잠수함을 건조하는 등 주요 사업은 미국에서 벌인다. 최근에도 미국 해군 관련 사업을 수주했다. 2022년 이후 미국 해안경비대로부터 33억달러(약 4조3500억원) 규모의 해안경비함 건조공사를, 미국 해군으로부터는 1억5600만달러(약 2060억원)짜리 선박 2척의 건조 주문을 받았다.\n\n한화그룹이 오스탈을 인수한다면 한화오션과 상당한 시너지를 낼 것이란 전망이 나온다. 한화오션은 군수함 잠수함 등 방산 특수선 건조 분야에 경쟁력을 갖추고 있다. 한화오션이 미국 필리조선소를 인수했지만 단독으로 미국 함정 시장에 진출하기엔 부족하다고 판단했다는 분석이다.\n\n차준호/박종관/성상훈 기자 chacha@hankyung.com",
  "published_at": "2025-03-17T19:53:12+09:00",
  "author": "차준호/박종관/성상훈",
  "image_urls": [
    "https://img.hankyung.com/photo/202503/AA.39843692.1.jpg"
  ],
  "thumbnail_url": "https://img.hankyung.com/photo/202503/AA.39843692.1.jpg",
  "content_url": "https://www.hankyung.com/article/2025031799521",
  "publisher": "한국경제",
  "analysis": {
    "companies": {
      "한화": {
        "original_mention": "한화",
        "mapped_name": "한화",
        "listing_status": "상장",
        "exchange": "KOSPI",
        "country": "Korea",
        "sentiment": "긍정",
        "sentiment_reason": "오스탈 인수를 통해 미국 함정 시장 진출을 계획하고 있음",
        "stock_code": "000880"
      },
      "한화에어로스페이스": {
        "original_mention": "한화에어로스페이스",
        "mapped_name": "한화에어로스페이스",
        "listing_status": "상장",
        "exchange": "KOSPI",
        "country": "Korea",
        "sentiment": "긍정",
        "sentiment_reason": "오스탈 인수를 위한 자금 조달에 참여",
        "stock_code": "012450"
      },
      "한화시스템": {
        "original_mention": "한화시스템",
        "mapped_name": "한화시스템",
        "listing_status": "상장",
        "exchange": "KOSPI",
        "country": "Korea",
        "sentiment": "긍정",
        "sentiment_reason": "오스탈 인수를 위한 자금 조달에 참여",
        "stock_code": "272210"
      },
      "오스탈": {
        "original_mention": "오스탈",
        "mapped_name": "오스탈",
        "listing_status": "상장",
        "exchange": "ASX",
        "country": "Australia",
        "sentiment": "중립",
        "sentiment_reason": "한화의 인수 대상",
        "stock_code": null
      },
      "한화오션": {
        "original_mention": "한화오션",
        "mapped_name": "한화오션",
        "listing_status": "상장",
        "exchange": "KOSPI",
        "country": "Korea",
        "sentiment": "긍정",
        "sentiment_reason": "오스탈 인수로 인한 시너지 기대",
        "stock_code": "009540"
      }
    },
    "relations": [
      {
        "source": "한화",
        "target": "오스탈",
        "relation_type": "고객사",
        "relation_reason": "한화가 오스탈을 인수하여 미국 함정 시장 진출을 계획",
        "source_is_listed": true,
        "source_country": "Korea",
        "source_ticker": "000880",
        "target_is_listed": true,
        "target_country": "Australia",
        "target_ticker": null
      },
      {
        "source": "한화오션",
        "target": "오스탈",
        "relation_type": "파트너",
        "relation_reason": "오스탈 인수로 인한 시너지 효과 기대",
        "source_is_listed": true,
        "source_country": "Korea",
        "source_ticker": "009540",
        "target_is_listed": true,
        "target_country": "Australia",
        "target_ticker": null
      }
    ]
  }
}