{
  "title": "\"이라크 정유공장 고도화\"…현대건설, 가솔린 첫 생산",
  "description": "이라크 정유공장 고도화…현대건설, 가솔린 첫 생산, 이유정 기자, 부동산",
  "content": "현대건설은 이라크 바스라 정유공장 고도화설비 현장의 공사를 마치고 시운전에 들어갔다고 28일 밝혔다.\n\n현대건설이 2020년 수주한 이번 프로젝트는 이라크 수도 바그다드에서 남동쪽으로 약 450㎞ 떨어진 바스라의 정유공장 잔사유(원유 정제 과정에서 발생하는 찌꺼기)를 원료로 하루 2만4000배럴의 가솔린을 생산하는 고도화설비를 건설하는 사업이다.\n\n고도화설비는 원유 정제 과정에서 발생하는 벙커C유와 아스팔트 등 중질유를 고부가가치의 휘발유나 경유로 전환하는 핵심 시설이다. 현대건설은 일본 JGC사와 함께 설계·조달·시공·시운전을 수행하는 일괄수주(EPC) 방식으로 공사를 벌였다.\n\n이유정 기자 yjlee@hankyung.com",
  "published_at": "2025-10-28T17:30:12+09:00",
  "author": "이유정",
  "image_urls": [],
  "thumbnail_url": "https://static.hankyung.com/img/logo/logo-news-sns.png?v=20201130",
  "content_url": "https://www.hankyung.com/article/2025102878601",
  "publisher": "한국경제",
  "analysis": {
    "companies": {
      "현대건설": {
        "original_mention": "현대건설",
        "mapped_name": "현대건설",
        "listing_status": "상장",
        "exchange": "Korea Exchange",
        "country": "Korea",
        "sentiment": "중립",
        "sentiment_reason": "이라크 정유공장 고도화설비 시운전 시작",
        "stock_code": "000720"
      },
      "JGC": {
        "original_mention": "JGC",
        "mapped_name": "JGC",
        "listing_status": "상장",
        "exchange": "Tokyo Stock Exchange",
        "country": "Japan",
        "sentiment": "중립",
        "sentiment_reason": "현대건설과 함께 EPC 방식으로 공사 수행",
        "stock_code": "1963"
      }
    },
    "relations": [
      {
        "source": "현대건설",
        "target": "JGC",
        "relation_type": "파트너",
        "relation_reason": "현대건설과 JGC가 함께 EPC 방식으로 공사 수행",
        "source_is_listed": true,
        "source_country": "Korea",
        "source_ticker": "000720",
        "target_is_listed": true,
        "target_country": "Japan",
        "target_ticker": "1963"
      }
    ]
  }
}