{
  "title": "현대건설, '제3판교 테크노밸리' 짓는다",
  "description": "현대건설, 제3판교 테크노밸리 짓는다, GH, 우선협상 대상자 선정 사업비 2.2조…복합단지 조성",
  "content": "[IMG]\n\n                            \n                        \n                        \n                    \n                현대건설 컨소시엄이 경기 성남시 ‘제3판교 테크노밸리 건립사업’(조감도)의 우선협상 대상자로 선정됐다. 연내 협약이 체결되면 내년부터 본격적인 공사가 시작될 전망이다.\n\n경기주택도시공사(GH)는 제3판교 테크노밸리 건립사업의 우선협상 대상자로 현대건설 컨소시엄을 선정했다고 28일 밝혔다. GH는 “사업자 선정이 제3판교 테크노밸리를 첨단산업, 주거, 문화가 어우러진 혁신 복합단지로 본격 추진하기 위한 첫걸음”이라고 설명했다. 현대건설 컨소시엄은 현대건설(35%)이 주관사로 참여하고 대우건설(27%), 금호건설(9%), 동부건설(9%), 신동아종합건설(10%), 우미토건(5%), 이에스아이(5%)가 부관사로 나선다.\n\n경기주택도시공사는 연내 협약을 맺고 내년 특별계획구역 세부개발계획 수립과 지구계획 변경승인 등의 절차를 진행할 계획이다. 이후 건축 인허가를 완료한 후 공사에 착수한다.\n\n제3판교 테크노밸리는 성남금토공공주택지구 내 자족시설용지 4개 필지 약 6만㎡ 부지에 연면적 약 43만㎡로 조성된다. 총사업비는 약 2조2700억원이다. 단지 내에는 지식산업센터, 업무시설, 상업시설, 기숙사, 연구소 등 다양한 시설이 들어설 예정이다. 단지는 업종 간 교류와 협업을 촉진하는 연계형 캠퍼스 구조로 조성된다. 자족시설용지 사이를 연결하는 입체보행시설을 특화해 수변공원과 주요 동선을 유기적으로 연결한다.\n\n김용진 경기주택도시공사 사장은 “공공과 민간이 협력해 지속 가능한 혁신 클러스터를 구축해 나가겠다”고 말했다.\n\n강영연 기자 yykang@hankyung.com",
  "published_at": "2025-10-28T17:12:39+09:00",
  "author": "강영연",
  "image_urls": [
    "https://img.hankyung.com/photo/202510/AA.42194764.1.jpg"
  ],
  "thumbnail_url": "https://static.hankyung.com/img/logo/logo-news-sns.png?v=20201130",
  "content_url": "https://www.hankyung.com/article/2025102877551",
  "publisher": "한국경제",
  "analysis": {
    "companies": {
      "현대건설": {
        "original_mention": "현대건설",
        "mapped_name": "현대건설",
        "listing_status": "상장",
        "exchange": "KOSPI",
        "country": "Korea",
        "sentiment": "긍정",
        "sentiment_reason": "제3판교 테크노밸리 건립사업의 우선협상 대상자로 선정됨",
        "stock_code": "000720"
      },
      "대우건설": {
        "original_mention": "대우건설",
        "mapped_name": "대우건설",
        "listing_status": "상장",
        "exchange": "KOSPI",
        "country": "Korea",
        "sentiment": "중립",
        "sentiment_reason": "현대건설 컨소시엄의 부관사로 참여",
        "stock_code": "047040"
      },
      "금호건설": {
        "original_mention": "금호건설",
        "mapped_name": "금호건설",
        "listing_status": "상장",
        "exchange": "KOSPI",
        "country": "Korea",
        "sentiment": "중립",
        "sentiment_reason": "현대건설 컨소시엄의 부관사로 참여",
        "stock_code": "002990"
      },
      "동부건설": {
        "original_mention": "동부건설",
        "mapped_name": "동부건설",
        "listing_status": "상장",
        "exchange": "KOSPI",
        "country": "Korea",
        "sentiment": "중립",
        "sentiment_reason": "현대건설 컨소시엄의 부관사로 참여",
        "stock_code": "005960"
      },
      "신동아종합건설": {
        "original_mention": "신동아종합건설",
        "mapped_name": "신동아종합건설",
        "listing_status": "비상장",
        "exchange": null,
        "country": "Korea",
        "sentiment": "중립",
        "sentiment_reason": "현대건설 컨소시엄의 부관사로 참여",
        "stock_code": null
      },
      "우미토건": {
        "original_mention": "우미토건",
        "mapped_name": "우미토건",
        "listing_status": "비상장",
        "exchange": null,
        "country": "Korea",
        "sentiment": "중립",
        "sentiment_reason": "현대건설 컨소시엄의 부관사로 참여",
        "stock_code": null
      },
      "이에스아이": {
        "original_mention": "이에스아이",
        "mapped_name": "이에스아이",
        "listing_status": "비상장",
        "exchange": null,
        "country": "Korea",
        "sentiment": "중립",
        "sentiment_reason": "현대건설 컨소시엄의 부관사로 참여",
        "stock_code": null
      }
    },
    "relations": [
      {
        "source": "현대건설",
        "target": "대우건설",
        "relation_type": "파트너",
        "relation_reason": "현대건설 컨소시엄의 부관사로 참여",
        "source_is_listed": true,
        "source_country": "Korea",
        "source_ticker": "000720",
        "target_is_listed": true,
        "target_country": "Korea",
        "target_ticker": "047040"
      },
      {
        "source": "현대건설",
        "target": "금호건설",
        "relation_type": "파트너",
        "relation_reason": "현대건설 컨소시엄의 부관사로 참여",
        "source_is_listed": true,
        "source_country": "Korea",
        "source_ticker": "000720",
        "target_is_listed": true,
        "target_country": "Korea",
        "target_ticker": "002990"
      },
      {
        "source": "현대건설",
        "target": "동부건설",
        "relation_type": "파트너",
        "relation_reason": "현대건설 컨소시엄의 부관사로 참여",
        "source_is_listed": true,
        "source_country": "Korea",
        "source_ticker": "000720",
        "target_is_listed": true,
        "target_country": "Korea",
        "target_ticker": "005960"
      },
      {
        "source": "현대건설",
        "target": "신동아종합건설",
        "relation_type": "파트너",
        "relation_reason": "현대건설 컨소시엄의 부관사로 참여",
        "source_is_listed": true,
        "source_country": "Korea",
        "source_ticker": "000720",
        "target_is_listed": false,
        "target_country": "Korea",
        "target_ticker": null
      },
      {
        "source": "현대건설",
        "target": "우미토건",
        "relation_type": "파트너",
        "relation_reason": "현대건설 컨소시엄의 부관사로 참여",
        "source_is_listed": true,
        "source_country": "Korea",
        "source_ticker": "000720",
        "target_is_listed": false,
        "target_country": "Korea",
        "target_ticker": null
      },
      {
        "source": "현대건설",
        "target": "이에스아이",
        "relation_type": "파트너",
        "relation_reason": "현대건설 컨소시엄의 부관사로 참여",
        "source_is_listed": true,
        "source_country": "Korea",
        "source_ticker": "000720",
        "target_is_listed": false,
        "target_country": "Korea",
        "target_ticker": null
      }
    ]
  }
}