{
  "title": "\"매수 기회\" \"조정 불가피\"…건설주 놓고 엇갈린 전망",
  "description": "매수 기회 조정 불가피…건설주 놓고 엇갈린 전망, 현대·GS건설 등 동반 하락 비규제지역 수요 늘어날 것 도시정비 사업 등 차질 우려",
  "content": "강력한 부동산 수요 억제책에도 상승세를 이어가던 건설주가 일제히 하락했다. “충분히 조정을 받은 만큼 저가 매수에 나설 시점”이라는 의견과 도시정비 사업 등의 차질을 우려하는 의견이 맞서고 있다.\n\n23일 한국거래소에 따르면 현대건설은 3.06% 하락한 5만7100원에 거래를 마쳤다. GS건설(-0.85%), DL이앤씨(-1.43%), HDC현대산업개발(-0.05%) 등도 하락 마감했다. 건설주는 ‘10·15 부동산 대책’ 발표 이후 비규제지역으로 수요가 이동하는 ‘풍선 효과’ 기대에 상승했다. 그러나 신규 분양이나 도시정비 사업에 차질이 발생할 수 있다는 증권가 분석이 나오면서 약세로 돌아섰다.\n\n건설주를 둘러싼 증권가 전망은 엇갈린다. 신대현 키움증권 연구원은 “서울과 수도권 쏠림 현상이 완화되고 온기가 비수도권으로 퍼진다면 건설회사에 긍정적”이라며 “이런 흐름이 착공 증가로 이어질 수 있을지 지켜볼 필요가 있다”고 말했다.\n\n반면 강력한 부동산 대책으로 건설주가 조정을 받을 가능성이 크다는 의견도 나온다. 배세호 iM증권 연구원은 “투기과열지구로 지정되면 민간 택지에도 분양가상한제를 적용할 수 있다”며 “서울의 경우 분양 물량의 80% 이상이 정비사업을 통해 공급되는데, 분양가상한제가 적용되면 조합원의 수익성이 악화해 사업 추진이 크게 지연될 것”이라고 전망했다.\n\n당분간 관망세가 이어질 것이란 분석도 있다. 김승준 하나증권 연구원은 “건설주 매수를 판단하는 가장 중요한 지표는 수도권과 광역시의 매매가 흐름”이라며 “다만 단기간 내 대책의 효과를 가늠하기는 어려운 상황”이라고 진단했다.\n\n류은혁 기자 ehryu@hankyung.com",
  "published_at": "2025-10-23T17:44:21+09:00",
  "author": "류은혁",
  "image_urls": [],
  "thumbnail_url": "https://static.hankyung.com/img/logo/logo-news-sns.png?v=20201130",
  "content_url": "https://www.hankyung.com/article/2025102386631",
  "publisher": "한국경제",
  "analysis": {
    "companies": {
      "현대건설": {
        "original_mention": "현대건설",
        "mapped_name": "현대건설",
        "listing_status": "상장",
        "exchange": "KOSPI",
        "country": "Korea",
        "sentiment": "부정",
        "sentiment_reason": "부동산 대책으로 인한 주가 하락",
        "stock_code": "000720"
      },
      "GS건설": {
        "original_mention": "GS건설",
        "mapped_name": "GS건설",
        "listing_status": "상장",
        "exchange": "KOSPI",
        "country": "Korea",
        "sentiment": "부정",
        "sentiment_reason": "부동산 대책으로 인한 주가 하락",
        "stock_code": "006360"
      },
      "DL이앤씨": {
        "original_mention": "DL이앤씨",
        "mapped_name": "DL이앤씨",
        "listing_status": "상장",
        "exchange": "KOSPI",
        "country": "Korea",
        "sentiment": "부정",
        "sentiment_reason": "부동산 대책으로 인한 주가 하락",
        "stock_code": "375500"
      },
      "HDC현대산업개발": {
        "original_mention": "HDC현대산업개발",
        "mapped_name": "HDC현대산업개발",
        "listing_status": "상장",
        "exchange": "KOSPI",
        "country": "Korea",
        "sentiment": "부정",
        "sentiment_reason": "부동산 대책으로 인한 주가 하락",
        "stock_code": "294870"
      },
      "키움증권": {
        "original_mention": "키움증권",
        "mapped_name": "키움증권",
        "listing_status": "상장",
        "exchange": "KOSPI",
        "country": "Korea",
        "sentiment": "중립",
        "sentiment_reason": "건설주에 대한 긍정적 전망 제시",
        "stock_code": "039490"
      },
      "iM증권": {
        "original_mention": "iM증권",
        "mapped_name": "iM증권",
        "listing_status": "비상장",
        "exchange": "",
        "country": "Korea",
        "sentiment": "부정",
        "sentiment_reason": "부동산 대책으로 인한 건설주 조정 전망",
        "stock_code": null
      },
      "하나증권": {
        "original_mention": "하나증권",
        "mapped_name": "하나증권",
        "listing_status": "상장",
        "exchange": "KOSPI",
        "country": "Korea",
        "sentiment": "중립",
        "sentiment_reason": "건설주 매수 판단에 대한 관망세 유지",
        "stock_code": "003530"
      }
    },
    "relations": []
  }
}