{
  "title": "CJ제일제당, 젊은 한식 셰프 키운다",
  "description": "CJ제일제당, 젊은 한식 셰프 키운다, 팝업 식당 지원 퀴진케이 진행",
  "content": "CJ제일제당이 ‘유용욱바베큐연구소’와 손잡고 젊은 한식 셰프 양성 프로젝트 ‘퀴진케이(Cuisine. K)’를 진행한다고 10일 밝혔다.\n\nCJ제일제당은 K푸드 확산을 위해 2023년 5월 퀴진케이 프로젝트를 출범했다. 지금까지 한식 영 셰프 200여 명을 지원했다. 프로젝트의 대표 프로그램인 한식 팝업 레스토랑을 통해서는 운영 팀에 메뉴 개발 컨설팅, 운영 공간 및 마케팅 무상 지원 등 혜택을 제공한다. 레스토랑 운영으로 발생하는 수익도 전액 지급한다.\n\n이번엔 독창적 훈연 기법으로 유명한 유용욱바베큐연구소와 함께 오는 18~29일 서울 대치동 퀴진케이 레스토랑에서 스페셜 팝업 레스토랑을 운영한다. 팝업 레스토랑에선 최다빈, 김범수, 최어진 등 유용욱바베큐연구소 소속 셰프가 ‘불과 훈연’을 주제로 일곱 가지 한식 코스 요리와 전통주 페어링 등을 선보인다.\n\n오형주 기자 ohj@hankyung.com",
  "published_at": "2025-03-10T17:18:25+09:00",
  "author": "오형주",
  "image_urls": [],
  "thumbnail_url": "https://static.hankyung.com/img/logo/logo-news-sns.png?v=20201130",
  "content_url": "https://www.hankyung.com/article/2025031045921",
  "publisher": "한국경제",
  "analysis": {
    "companies": {
      "CJ제일제당": {
        "original_mention": "CJ제일제당",
        "mapped_name": "CJ제일제당",
        "listing_status": "상장",
        "exchange": "KOSPI",
        "country": "Korea",
        "sentiment": "긍정",
        "sentiment_reason": "젊은 한식 셰프 양성 프로젝트를 통해 K푸드 확산에 기여",
        "stock_code": "097950"
      },
      "유용욱바베큐연구소": {
        "original_mention": "유용욱바베큐연구소",
        "mapped_name": "유용욱바베큐연구소",
        "listing_status": "비상장",
        "exchange": "",
        "country": "Korea",
        "sentiment": "중립",
        "sentiment_reason": "CJ제일제당과의 협업을 통해 팝업 레스토랑 운영",
        "stock_code": null
      }
    },
    "relations": [
      {
        "source": "CJ제일제당",
        "target": "유용욱바베큐연구소",
        "relation_type": "파트너",
        "relation_reason": "젊은 한식 셰프 양성 프로젝트 '퀴진케이'를 공동 진행",
        "source_is_listed": true,
        "source_country": "Korea",
        "source_ticker": "097950",
        "target_is_listed": false,
        "target_country": "Korea",
        "target_ticker": null
      }
    ]
  }
}