{
  "title": "조주완 LG전자 사장, 금탑산업훈장 수훈",
  "description": "조주완 LG전자 사장, 금탑산업훈장 수훈, 37년간 생활가전 경쟁력 강화",
  "content": "[IMG]\n\n                            \n                        \n                        \n                    \n                조주완 LG전자 최고경영자(CEO·사장·오른쪽)가 21일 산업통상부가 주최하고 한국전자정보통신산업진흥회가 주관해 서울 삼성동 코엑스에서 열린 ‘제20회 전자·IT의 날’ 행사에서 최고 영예인 금탑산업훈장을 받았다. 금탑산업훈장은 국가 산업 발전에 뚜렷한 공헌을 한 기업인에게 주는 정부 포상 중 가장 높은 훈격이다.\n\n조 사장은 1987년 금성사(현 LG전자)에 입사한 후 37년간 국내 전자산업의 성장과 글로벌 경쟁력 강화에 힘써 왔다. 2021년 CEO 취임 이후 주력인 생활가전 부문에서 글로벌 1위 지위를 공고히 하고, 전장 사업에서는 높은 기술력을 바탕으로 100조원에 달하는 수주 잔액을 달성했다.\n\nLG전자는 스마트 라이프 솔루션 기업 전환을 목표로 전장·냉난방공조 등 기업 간 거래(B2B), 가전 구독·웹OS 등 비(非)하드웨어 등으로 사업 포트폴리오를 고도화하고 있다.\n\n김채연 기자 why29@hankyung.com",
  "published_at": "2025-10-21T18:18:20+09:00",
  "author": "김채연",
  "image_urls": [
    "https://img.hankyung.com/photo/202510/AA.42117838.1.jpg"
  ],
  "thumbnail_url": "https://static.hankyung.com/img/logo/logo-news-sns.png?v=20201130",
  "content_url": "https://www.hankyung.com/article/2025102135291",
  "publisher": "한국경제",
  "analysis": {
    "companies": {
      "LG전자": {
        "original_mention": "LG전자",
        "mapped_name": "LG전자",
        "listing_status": "상장",
        "exchange": "KOSPI",
        "country": "Korea",
        "sentiment": "긍정",
        "sentiment_reason": "국가 산업 발전에 뚜렷한 공헌을 인정받아 금탑산업훈장을 수훈함",
        "stock_code": "066570"
      }
    },
    "relations": []
  }
}