{
  "title": "D램·낸드·파운드리 한곳에…평택, 글로벌 AI칩 허브로",
  "description": "D램·낸드·파운드리 한곳에…평택, 글로벌 AI칩 허브로, K반도체 심장 평택이 다시 뛴다 삼성, 5공장 신축 2년만에 재개 최대 80조 투입…2028년 완공",
  "content": "[IMG]\n 고대역폭메모리(HBM) 등 인공지능(AI) 반도체 경쟁력을 회복한 삼성전자가 경기 평택 4공장(P4) 건설을 재개한 데 이어 최근 5공장(P5) 기초 공사를 시작했다. 17일 대형 크레인이 P4 공사 구역에서 구조물을 쌓고 있다. /평택=임형택 기자\">\n                            \n                        \n                        &lt; 활기 되찾은 삼성 평택공장 &gt; 고대역폭메모리(HBM) 등 인공지능(AI) 반도체 경쟁력을 회복한 삼성전자가 경기 평택 4공장(P4) 건설을 재개한 데 이어 최근 5공장(P5) 기초 공사를 시작했다. 17일 대형 크레인이 P4 공사 구역에서 구조물을 쌓고 있다. /평택=임형택 기자\n                    \n                17일 점심 무렵 경기 평택 삼성전자 반도체 4·5공장 건설 현장에서 100m 떨어진 지제교차로 인근 식당가. ‘OO 한식뷔페’ ‘△△ 중국집’이 새겨진 노란 승합차가 멈춰 설 때마다 인부들이 쏟아져 나왔다. 7000원짜리 한식뷔페(현장식당)는 형광 조끼를 입은 인부들로 발 디딜 틈이 없었다. \n\n삼성전자의 최첨단 반도체 공장과 ASML 등 글로벌 장비업체 사무소들이 들어선 ‘한국 반도체의 심장’ 평택이 다시 뛰고 있다. 2023년 반도체 부진으로 평택 투자를 잠정 중단했던 삼성전자가 지난 7월 공사를 재개해서다. 평택 4공장(P4)에서는 이미 완공된 1·3구역에 이어 4구역 클린룸 조성 작업을 시작했다. 삼성은 여기에 더해 60조~80조원이 투입되는 5공장(P5) 기초공사도 2년 만에 재개했다. 삼성전자는 P5를 2028년 하반기 완공한 뒤 최첨단 D램 생산 거점으로 조성할 계획이다.\n\n돈이 돌면서 평택 경기도 살아나고 있다. 현장 인근 부동산 관계자는 “사람들이 몰리면서 원룸 월세(현재 40만~50만원)가 한 달 만에 20% 정도 올랐다”고 말했다.삼성 P5, 내년 4월 착공\n삼성, 평택 5공장에 80兆 투입…평택 지역경제도 벌써 '화색'\n                    \n                        \n                            \n[IMG]\n\n                            \n                                    \n                                        \n                                    \n                                    이미지 크게보기\n                                \n                        \n                        \n                    \n                17일 찾은 경기 평택 삼성전자 5공장(P5) 부지엔 게이트마다 시공사인 삼성물산 헬멧을 쓴 보안요원들이 입출입을 엄격하게 통제하고 있었다. 이 곳은 2년전 공사를 중단하기 전까지 부지 평탄화 작업만 마쳤을 뿐이다. 삼성전자는 공장 뼈대부터 먼저 짓고 주문을 받아 장비를 들이는 ‘셸 퍼스트’ 전략에 따라 2023년 P5 공사를 시작했지만 이듬해 1월 잠정 중단했다. 메모리 사업 부진이 발목을 잡았다.\n\n최근 인공지능(AI)발 메모리 슈퍼 호황과 고대역폭메모리(HBM) 기술 경쟁력 회복에 자신감을 얻은 최근 삼성전자는 P5 공사를 재개했다. 보안직원은 P5 현황을 묻는 질문에 “공사가 재개됐다”고 짧게 답했다.◇삼성 반도체의 심장 평택삼성전자 평택캠퍼스는 ‘한국 반도체 사업의 심장’으로 불린다. 삼성은 축구장(면적 7140㎡) 400개를 합친 289만㎡(약 87만평) 규모 부지에 2015년부터 최첨단 D램과 낸드플래시, 파운드리(반도체 수탁생산) 라인을 순차적으로 깔았다. 평택캠퍼스는 1~4공장이 배치된 1단지(약 55만평)와 5·6공장이 들어설 2단지(32만평)로 구성된다.\n\n2017년 1공장을 시작으로 현재 4공장까지 가동에 들어갔다. 삼성전자는 마더팩토리 역할을 하는 경기 화성에서 최첨단 제품의 초기 제품을 생산하고, 기술력이 무르익었을 때 평택에서 본격 양산하는 전략을 쓰고 있다.\n\n5공장은 1~4공장과는 규모부터 다르다. 1~4공장은 2층에 4구역으로 나뉘지만, 5공장은 3층 높이에 구역만 6개다. 시장 수요에 따라 D램과 낸드플래시, 파운드리 라인을 탄력적으로 배치할 수 있다. 삼성전자의 자랑인 ‘턴키 전략’을 수행할 수 있는 공장인 셈이다. 삼성은 D램을 쌓아 만드는 HBM과 그래픽처리장치(GPU)를 양산하는 파운드리 서비스, 그리고 D램과 GPU를 연결하는 ‘최첨단 패키징’까지 한 번에 제공할 수 있는 유일한 반도체 기업이라는 점을 내세워 고객사를 유치하고 있다.◇P5 공사는 경쟁력 회복 방증시장에선 삼성전자의 P5 공사 재개에 대해 “반도체 경쟁력 회복에 대한 자신감의 표현”으로 평가한다. 삼성전자는 최근 1~2년 간 엔비디아 대상 HBM3E(5세대 HBM) 12단 납품 지연으로 SK하이닉스에 30년 넘게 지켜온 D램 1위 자리를 내주는 굴욕을 맛봤다. 절치부심한 삼성전자는 ‘근원 기술 경쟁력 회복’을 내걸고 HBM3E 12단에 들어가는 10나노미터(㎚·1㎚=10억분의 1m) 6세대 D램(1c D램) 재설계란 초강수를 뒀다. 승부수는 통했고 지난달 엔비디아 납품에 들어갔다.\n\n내년 본격화하는 HBM4(6세대 HBM)과 관련해서도 자신감을 보이고 있다. 삼성전자는 평택공장을 HBM4용 D램의 생산 거점으로 구축하고 있다. 지난해 7월 P4 4구역(PH4) 클린룸 공사를 재개한 게 대표적인 사례로 꼽힌다. 이곳에선 내년부터 최신 1c D램을 본격적으로 쏟아낼 전망이다.\n\nP5는 이르면 2028년 양산에 들어간다. 양산 시점을 감안할 때 HBM4E(7세대), HBM5(8세대)에 들어가는 D램을 생산할 전망이다. 투자액은 최소 60조원에서 최대 80조원으로 추정된다. HBM 뿐만 아니라 저전력 D램(LPDDR), 그래픽용 D램(GDDR) 등 삼성전자가 잘하는 범용 메모리 주문이 폭발한 것도 P5 투자 재개를 결정한 중요한 요인이 됐다.◇살아나는 지역 경기삼성전자의 투자 재개로 평택 지역 경제도 활기를 띄고 있다. 반도체 건설 현장에 인부를 대는 업체들은 ‘일당 14만~15만원’을 내걸고 P5 현장 전기, 가설 등과 관련한 인력 모집을 시작했다. 평택 현장 인근에도 ‘인력 모집’ 등의 전단지가 붙어 있었다.\n\n인부들을 대상으로 출퇴근용 오토바이 임대업을 하는 A씨는 “문의 전화가 확 늘었다”고 말했다.\n\n평택 지제역 인근 부동산 관계자는 “원룸 건물에 남은 방이 1~2개 정도”라며 “내년엔 SK하이닉스 공장 공사가 본격화한 용인처럼 현재 50만원 정도인 원룸 임대료가 100만원까지 치솟을 수 있다”고 했다.\n\n평택=황정수/강해령 기자 hjs@hankyung.com",
  "published_at": "2025-11-17T18:06:00+09:00",
  "author": "황정수/강해령",
  "image_urls": [
    "https://img.hankyung.com/photo/202511/AA.42408693.1.jpg",
    "https://img.hankyung.com/photo/202511/AA.42408679.1.jpg"
  ],
  "thumbnail_url": "https://img.hankyung.com/photo/202511/AA.42408679.1.jpg",
  "content_url": "https://www.hankyung.com/article/2025111791941",
  "publisher": "한국경제",
  "analysis": {
    "companies": {
      "삼성전자": {
        "original_mention": "삼성전자",
        "mapped_name": "삼성전자",
        "listing_status": "상장",
        "exchange": "KOSPI",
        "country": "Korea",
        "sentiment": "긍정",
        "sentiment_reason": "P5 공사 재개와 반도체 경쟁력 회복",
        "stock_code": "005930"
      },
      "삼성물산": {
        "original_mention": "삼성물산",
        "mapped_name": "삼성물산",
        "listing_status": "상장",
        "exchange": "KOSPI",
        "country": "Korea",
        "sentiment": "중립",
        "sentiment_reason": "P5 공사 시공사로 언급",
        "stock_code": "028260"
      },
      "ASML": {
        "original_mention": "ASML",
        "mapped_name": "ASML",
        "listing_status": "상장",
        "exchange": "NASDAQ",
        "country": "USA",
        "sentiment": "중립",
        "sentiment_reason": "글로벌 장비업체로 언급",
        "stock_code": "ASML"
      },
      "엔비디아": {
        "original_mention": "엔비디아",
        "mapped_name": "엔비디아",
        "listing_status": "상장",
        "exchange": "NASDAQ",
        "country": "USA",
        "sentiment": "중립",
        "sentiment_reason": "HBM3E 납품 관련 언급",
        "stock_code": "NVDA"
      },
      "SK하이닉스": {
        "original_mention": "SK하이닉스",
        "mapped_name": "SK하이닉스",
        "listing_status": "상장",
        "exchange": "KOSPI",
        "country": "Korea",
        "sentiment": "중립",
        "sentiment_reason": "D램 1위 경쟁사로 언급",
        "stock_code": "000660"
      }
    },
    "relations": [
      {
        "source": "삼성전자",
        "target": "ASML",
        "relation_type": "파트너",
        "relation_reason": "글로벌 장비업체 사무소가 평택에 위치",
        "source_is_listed": true,
        "source_country": "Korea",
        "source_ticker": "005930",
        "target_is_listed": true,
        "target_country": "USA",
        "target_ticker": "ASML"
      },
      {
        "source": "삼성전자",
        "target": "엔비디아",
        "relation_type": "고객사",
        "relation_reason": "HBM3E 납품",
        "source_is_listed": true,
        "source_country": "Korea",
        "source_ticker": "005930",
        "target_is_listed": true,
        "target_country": "USA",
        "target_ticker": "NVDA"
      },
      {
        "source": "삼성전자",
        "target": "SK하이닉스",
        "relation_type": "경쟁사",
        "relation_reason": "D램 1위 경쟁",
        "source_is_listed": true,
        "source_country": "Korea",
        "source_ticker": "005930",
        "target_is_listed": true,
        "target_country": "Korea",
        "target_ticker": "000660"
      }
    ]
  }
}