{
  "title": "[포토] 삼성전자, 오디세이 게임 체험존 운영",
  "description": "삼성전자, 오디세이 게임 체험존 운영, 경제",
  "content": "[IMG]\n\n                            \n                        \n                        \n                    \n                삼성전자는 오디세이 게이밍 모니터와 최신 갤럭시 스마트폰으로 게임을 체험할 수 있는 ‘오디세이 게임 스테이션’ 팝업 체험존을 운영한다고 16일 밝혔다. 서울 파르나스몰과 경기 스타필드 수원에서 각각 이달 15~23일, 11월 29일~12월 7일까지 운영한다. 삼성전자 직원이 32 대 9 비율의 ‘오디세이 OLED G9’으로 축구 게임을 즐기고 있다.  \n\n삼성전자 제공",
  "published_at": "2025-11-16T18:40:26+09:00",
  "author": "한국경제",
  "image_urls": [
    "https://img.hankyung.com/photo/202511/AA.42395730.1.jpg"
  ],
  "thumbnail_url": "https://img.hankyung.com/photo/202511/AA.42395730.1.jpg",
  "content_url": "https://www.hankyung.com/article/2025111668971",
  "publisher": "한국경제",
  "analysis": {
    "companies": {
      "삼성전자": {
        "original_mention": "삼성전자",
        "mapped_name": "삼성전자",
        "listing_status": "상장",
        "exchange": "KOSPI",
        "country": "Korea",
        "sentiment": "중립",
        "sentiment_reason": "신제품 체험존 운영 소식",
        "stock_code": "005930"
      }
    },
    "relations": []
  }
}