{
  "title": "인선이엔티, 침수 피해로 폐기물 처리사업 주목 등",
  "description": "인선이엔티, 침수 피해로 폐기물 처리사업 주목 등, 베스트 파트너 3인의 와우밴드 종목진단 삼성바이오로직스, 2분기 好실적에 4공장 증설 기대 두산인프라코어, 매각 가시화…中 인프라 투자 수혜",
  "content": "김형철-인선이엔티\n                    \n                        \n                            \n[IMG]\n\n                            \n                        \n                        \n                    \n                최근 많은 비가 전국적으로 내리면서 폐기물 처리 관련 기업에 대한 관심이 높다. 폐기물 관련 사업을 하는 인선이엔티는 작년 하반기 본격 가동한 사천·광양매립장 덕분에 실적 개선도 기대해 볼 수 있다. 특히 폐기물 단가의 상승이 중요한데, 건설 폐기물 처리 단가는 2014년 t당 약 2만2000원에서 현재 3만4000만원 수준으로 50% 상승해 동사 매출 성장의 주요인으로 작용하고 있다. 신규 매립지 확보가 어렵기 때문에 신규 사업자가 진입하기 어려운 환경에서 주가 재평가를 기대해 볼 수 있다. 김남귀-삼성바이오로직스\n                    \n                        \n                            \n[IMG]\n\n                            \n                        \n                        \n                    \n                글로벌 바이오시밀러 대표 종목인 동사는 2분기 실적이 예상치를 웃돌며 주가가 다시 강세를 보이고 있다. 코로나19로 인해 글로벌 CMO(의약품 위탁생산) 용량이 부족해진 상황에서 글로벌 1위 업체인 동사의 수혜는 장기간 지속될 것으로 예상된다. 최근 3공장 가동률 또한 빠르게 증가하고 있어 연내에 4공장 증설 계획이 발표될 가능성이 높다는 관측이다. 따라서 동사의 하반기 주가 전망은 실적을 베이스로 추가적인 강세가 이어질 가능성이 높은 구간인 만큼 단기적인 시장 조정 시 매수 관점으로 대응해 실적 흐름이 둔화되기 전까지는 보유하는 전략이 유효한 것으로 판단된다. 김동엽-두산인프라코어\n                    \n                        \n                            \n[IMG]\n\n                            \n                        \n                        \n                    \n                두산그룹의 구조조정이 속도를 내는 가운데 자산 매각의 백미라 할 수 있는 두산인프라코어의 매각 작업도 속도를 내고 있다. 현 시가총액 기준 두산그룹의 지분을 감안하면 매각 금액은 1조원에 이를 것이란 평가다. 두산인프라코어의 매각 핵심은 두산밥캣 지분을 같이 파느냐다.\n\n현 상황에서 두산인프라코어의 투자 포인트는 두 가지다. 하나는 매각, 또 하나는 최근 중국을 중심으로 한 각국 정부의 인프라 투자 확대의 수혜다. 지난주 현대중공업 인수 검토 소식이 나올 때 오히려 고점 매도를 권해드렸다. 아직 매각 과정 중이고 단지 검토일 뿐이기 때문이다. 피인수 소식이 나오면 주가가 올라가고 매각가격이 올라가면 과정이 길어지게 된다. 매각과 관련해 연말까지 긴 호흡이 필요해 보인다. 중기 목표가는 1만원 설정해드린다.\n\n한국경제TV ‘와우밴드’ 앱을 설치한 후 종목 상담을 신청하면 와우넷 주간수익률 베스트파트너가 자세한 종목 진단을 해 드립니다.",
  "published_at": "2020-08-09T15:42:37+09:00",
  "author": "한국경제",
  "image_urls": [
    "https://img.hankyung.com/photo/202008/AA.23428674.1.jpg",
    "https://img.hankyung.com/photo/202008/AA.23428679.1.jpg",
    "https://img.hankyung.com/photo/202008/AA.23428723.1.jpg"
  ],
  "thumbnail_url": "https://static.hankyung.com/img/logo/logo-news-sns.png?v=20201130",
  "content_url": "https://www.hankyung.com/article/2020080984211",
  "publisher": "한국경제",
  "analysis": {
    "companies": {
      "인선이엔티": {
        "original_mention": "인선이엔티",
        "mapped_name": "인선이엔티",
        "listing_status": "상장",
        "exchange": "",
        "country": "Korea",
        "sentiment": "긍정",
        "sentiment_reason": "폐기물 처리사업 주목 및 실적 개선 기대",
        "stock_code": "060150"
      },
      "삼성바이오로직스": {
        "original_mention": "삼성바이오로직스",
        "mapped_name": "삼성바이오로직스",
        "listing_status": "상장",
        "exchange": "",
        "country": "Korea",
        "sentiment": "긍정",
        "sentiment_reason": "2분기 실적 호조 및 주가 강세",
        "stock_code": "207940"
      },
      "두산인프라코어": {
        "original_mention": "두산인프라코어",
        "mapped_name": "HD현대인프라코어",
        "listing_status": "상장",
        "exchange": "",
        "country": "Korea",
        "sentiment": "중립",
        "sentiment_reason": "매각 진행 중 및 인프라 투자 수혜 기대",
        "stock_code": "042670"
      },
      "두산밥캣": {
        "original_mention": "두산밥캣",
        "mapped_name": "두산밥캣",
        "listing_status": "상장",
        "exchange": "",
        "country": "Korea",
        "sentiment": "중립",
        "sentiment_reason": "두산인프라코어 매각과 관련된 지분 매각 가능성",
        "stock_code": "241560"
      }
    },
    "relations": [
      {
        "source": "HD현대인프라코어",
        "target": "두산밥캣",
        "relation_type": "파트너",
        "relation_reason": "두산인프라코어 매각과 관련된 지분 매각 가능성",
        "source_is_listed": true,
        "source_country": "Korea",
        "source_ticker": "042670",
        "target_is_listed": true,
        "target_country": "Korea",
        "target_ticker": "241560"
      }
    ]
  }
}