{
  "title": "LG화학 1.4조원 교환사채 발행",
  "description": "LG화학 1.4조원 교환사채 발행, LG엔솔 기초…교환가 33만원",
  "content": "LG화학이 LG에너지솔루션 주식을 기초자산으로 한 교환사채(EB)를 해외에서 발행해 총 1조3945억원을 조달한다. 이번 EB 발행은 2023년 7월 발행한 기존 교환사채의 조기상환청구권(풋옵션) 행사 기일이 다가옴에 따라 이를 차환하기 위한 목적이다.\n\nLG화학은 LG에너지솔루션 지분 412만9409주(지분율 1.76%)를 담보로 EB를 발행했다고 15일 공시했다. 투자자는 일정 기간이 지난 후 해당 주식으로 교환하거나 채권의 이자를 받고 만기에 원금을 상환받을 수 있다.\n\n이번 EB는 연 2% 이율의 3년 만기로 발행됐다. 주당 교환가액은 33만7700원으로 결정됐다. 한국거래소에 상장된 LG에너지솔루션 주식의 종가 대비 110~115% 수준이다. 주식 교환은 오는 7월 27일부터 가능하다.\n\nLG화학은 2년 전에도 LG에너지솔루션 주식을 담보로 약 2조6000억원 규모의 EB를 발행한 적이 있다. 이 중 절반인 1조3000억원 상당의 5년물에 대한 풋옵션 행사 가능 기간이 오는 7월 18일부터 돌아온다. 해당 EB의 교환가액은 68만7500원이었지만, 현재 LG에너지솔루션 주가는 30만7000원으로 추락한 상태다. 이에 따라 LG화학이 EB 또는 영구채 발행 등을 통해 유동성 확보에 나섰다는 설명이다.\n\n배정철 기자 bjc@hankyung.com",
  "published_at": "2025-05-15T19:43:53+09:00",
  "author": "배정철",
  "image_urls": [],
  "thumbnail_url": "https://static.hankyung.com/img/logo/logo-news-sns.png?v=20201130",
  "content_url": "https://www.hankyung.com/article/2025051561081",
  "publisher": "한국경제",
  "analysis": {
    "companies": {
      "LG화학": {
        "original_mention": "LG화학",
        "mapped_name": "LG화학",
        "listing_status": "상장",
        "exchange": "KOSPI",
        "country": "Korea",
        "sentiment": "중립",
        "sentiment_reason": "교환사채 발행을 통한 자금 조달",
        "stock_code": "051910"
      },
      "LG에너지솔루션": {
        "original_mention": "LG에너지솔루션",
        "mapped_name": "LG에너지솔루션",
        "listing_status": "상장",
        "exchange": "KOSPI",
        "country": "Korea",
        "sentiment": "부정",
        "sentiment_reason": "주가 하락으로 인한 교환가액 대비 손실",
        "stock_code": "373220"
      }
    },
    "relations": [
      {
        "source": "LG화학",
        "target": "LG에너지솔루션",
        "relation_type": "고객사",
        "relation_reason": "LG에너지솔루션 주식을 기초자산으로 한 교환사채 발행",
        "source_is_listed": true,
        "source_country": "Korea",
        "source_ticker": "051910",
        "target_is_listed": true,
        "target_country": "Korea",
        "target_ticker": "373220"
      }
    ]
  }
}