{
  "title": "[포토] LG에너지솔루션 청약 첫날 33조 몰렸다",
  "description": "LG에너지솔루션 청약 첫날 33조 몰렸다, 신경훈 기자, 증권",
  "content": "[IMG]\n\n                            \n                        \n                        \n                    \n                LG에너지솔루션 공모주 청약 첫날인 18일 역대 가장 많은 237만여 명의 투자자가 몰려 KB증권 등 7개 증권사에 32조6500억원의 증거금이 쌓였다. 이날 서울 여의도 신한금융투자 영업점을 찾은 투자자들이 청약 상담을 하고 있다.\n\n신경훈 기자 khshin@hankyung.com",
  "published_at": "2022-01-18T17:34:46+09:00",
  "author": "신경훈",
  "image_urls": [
    "https://img.hankyung.com/photo/202201/AA.28626637.1.jpg"
  ],
  "thumbnail_url": "https://img.hankyung.com/photo/202201/AA.28626637.1.jpg",
  "content_url": "https://www.hankyung.com/article/2022011873581",
  "publisher": "한국경제",
  "analysis": {
    "companies": {
      "LG에너지솔루션": {
        "original_mention": "LG에너지솔루션",
        "mapped_name": "LG에너지솔루션",
        "listing_status": "상장",
        "exchange": "",
        "country": "Korea",
        "sentiment": "긍정",
        "sentiment_reason": "청약 첫날 많은 투자자와 증거금이 몰림",
        "stock_code": "373220"
      },
      "KB증권": {
        "original_mention": "KB증권",
        "mapped_name": "KB금융",
        "listing_status": null,
        "exchange": "",
        "country": "Korea",
        "sentiment": "중립",
        "sentiment_reason": "청약 참여 증권사 중 하나로 언급됨",
        "stock_code": null
      },
      "신한금융투자": {
        "original_mention": "신한금융투자",
        "mapped_name": "신한지주",
        "listing_status": null,
        "exchange": "",
        "country": "Korea",
        "sentiment": "중립",
        "sentiment_reason": "청약 참여 증권사 중 하나로 언급됨",
        "stock_code": null
      }
    },
    "relations": []
  }
}