{
  "title": "월마트도 '제로클릭 쇼핑' 참전…커머스 판 바꾸는 AI",
  "description": "월마트도 제로클릭 쇼핑 참전…커머스 판 바꾸는 AI, AI 쇼핑 시대 본격화 오픈AI·월마트 제로클릭 실험 검색 없이 대화로 결제까지 국내선 네이버·카카오 적극 대응 e커머스 패러다임 전환 오나 K뷰티엔 아마존 넘어 새 기회",
  "content": "‘검색→다양한 쇼핑몰 접속→상품·가격 비교→장바구니→결제’.\n\n수년간 이어져 온 온라인 쇼핑의 공식이다. 최근 생성형 인공지능(AI)이 이런 4~5단계 쇼핑 과정을 대폭 축소했다. 소비자가 여러 웹사이트를 오가며 클릭할 필요 없이 AI와의 대화만으로 상품 추천부터 결제까지 한 번에 끝내는 ‘제로 클릭’ 쇼핑 시대가 열렸다. 미국에선 오픈AI가 기존 오프라인 유통 강자인 월마트와 협업해 AI 쇼핑 시대로의 전환을 가속화하고 있다.\n                    \n                        \n                            \n[IMG]\n\n                            \n                                    \n                                        \n                                    \n                                    이미지 크게보기\n                                \n                        \n                        \n                    \n                 ◇오픈AI·구글·퍼플렉시티, 대화로 결제20일 업계에 따르면 월마트는 오픈AI와 손잡고 자사 고객이 챗GPT 플랫폼 내에서 월마트 상품을 구매할 수 있게 하는 서비스를 조만간 선보일 예정이다. 예컨대 소비자가 챗GPT에 “저녁 식사 메뉴를 추천해줘” “다음과 같은 식재료들을 사줘”라고 말하면 챗GPT 내에서 월마트 상품을 구매할 수 있다. AI가 소비자의 구매 목적을 이해해 제품을 추천하고 결제까지 연결하는 ‘검색 없는 쇼핑’이다.\n\n오픈AI뿐만이 아니다. 구글은 ‘AI 모드’를 개편해 대화형 쇼핑 기능을 강화하고, AI 가상 피팅 서비스까지 제공하고 있다. 구글의 항공권 예약 사이트인 플라이트딜스도 여행 계획을 입력하면 목적지를 식별해 항공권을 검색하는 단계까지 진화했다. 퍼플렉시티는 ‘바이 위드 프로’를 선보이며 제로 클릭 경쟁에 뛰어들었다. 제품 리뷰 요약·비교는 물론 구매 링크까지 제공한다.\n\n국내 e커머스도 발 빠르게 대응하고 있다. 네이버는 자사 생성형 AI ‘하이퍼클로바X’를 쇼핑 검색과 결제 시스템에 적용한 ‘네이버플러스스토어’ 앱을 운영하고 있다. 개인화 상품 추천 기술이 핵심이다. 카카오도 에 오픈AI의 챗GPT와 자체 AI 모델 ‘카나나’를 결합한 대화형 쇼핑 기능을 준비 중이다.\n\n제로 클릭 쇼핑 확산은 e커머스 시장의 패러다임 전환으로 이어질 전망이다. ‘검색창’ 시대가 저물고 AI가 소비자의 의도를 선제적으로 파악해 구매까지 이끄는 ‘대화형 쇼핑’이 보편화할 것이란 분석이 나온다. 글로벌 소매에 도입되는 AI 시장 규모는 지난해 93억달러에서 2032년 850억달러로 폭증할 것으로 관측된다. 유통업계 관계자는 “과거 검색 엔진 최적화가 유통사의 핵심 전략이었다면 이제는 AI의 선택을 받기 위한 경쟁이 치열해질 것”으로 내다봤다. ◇챗GPT ‘열공’하는 K뷰티AI 쇼핑 확산은 미국 아마존에 의존해 고성장한 K뷰티에 새로운 기회가 될 것이란 분석도 나온다. 해외 소비자가 챗GPT를 통해 화장품 관련 정보를 검색하고 관련 제품을 추천받으면 판매량이 많거나 평가가 좋은 제품이 최우선 노출된다. 이 경우 카테고리별 1등 제품의 판매량이 극대화할 가능성이 높아진다. 예컨대 코스알엑스 마스크 제품이나 에이피알의 부스터 프로 같은 제품이 각각 ‘마스크’ ‘뷰티 디바이스’ 카테고리에서 1등을 할 가능성이 높아진다는 얘기다.\n\n뷰티업계 관계자는 “K뷰티 업체는 아마존의 알고리즘 내에서도 높은 성과를 낸 마케팅 경험이 있기 때문에 챗GPT를 통한 판매에서도 전략 우위를 갖췄다”며 “최근 아마존 비중을 줄이고 판매처를 다각화하려는 K뷰티 업체의 멀티 유통 전략과도 맞아떨어진다”고 말했다.\n\n월마트를 통해 유통하는 K뷰티 업체 가운데 재판매(리셀러)보다는 직거래를 통해 공급하는 사업자가 유리할 것이란 분석이 제기된다. 직거래 제품이 우선 노출될 가능성이 크기 때문이다. 코스알엑스는 월마트와 직거래하고 있지만 에이피알은 아직 직접 공급하지 않고 있다. 뷰티업계 관계자는 “수출 비중이 높은 K뷰티 업체들이 챗GPT를 통한 쇼핑 환경에서 유리한 마케팅 전략을 집중적으로 연구하고 있다”고 설명했다.\n\n라현진/고윤상 기자 raraland@hankyung.com",
  "published_at": "2025-10-20T17:19:17+09:00",
  "author": "라현진/고윤상",
  "image_urls": [
    "https://img.hankyung.com/photo/202510/AA.42106361.1.jpg"
  ],
  "thumbnail_url": "https://img.hankyung.com/photo/202510/AA.42106361.1.jpg",
  "content_url": "https://www.hankyung.com/article/2025102008051",
  "publisher": "한국경제",
  "analysis": {
    "companies": {
      "월마트": {
        "original_mention": "월마트",
        "mapped_name": "월마트",
        "listing_status": "상장",
        "exchange": "NYSE",
        "country": "USA",
        "sentiment": "중립",
        "sentiment_reason": "AI 쇼핑 시대 전환을 가속화하기 위해 오픈AI와 협업",
        "stock_code": "WMT"
      },
      "오픈AI": {
        "original_mention": "오픈AI",
        "mapped_name": "오픈AI",
        "listing_status": "비상장",
        "exchange": "",
        "country": "USA",
        "sentiment": "중립",
        "sentiment_reason": "월마트와 협업하여 AI 쇼핑 시대 전환을 가속화",
        "stock_code": null
      },
      "구글": {
        "original_mention": "구글",
        "mapped_name": "구글",
        "listing_status": "상장",
        "exchange": "NASDAQ",
        "country": "USA",
        "sentiment": "중립",
        "sentiment_reason": "AI 모드 개편 및 대화형 쇼핑 기능 강화",
        "stock_code": "GOOGL"
      },
      "퍼플렉시티": {
        "original_mention": "퍼플렉시티",
        "mapped_name": "퍼플렉시티",
        "listing_status": "비상장",
        "exchange": "",
        "country": "USA",
        "sentiment": "중립",
        "sentiment_reason": "제로 클릭 경쟁에 뛰어듦",
        "stock_code": null
      },
      "네이버": {
        "original_mention": "네이버",
        "mapped_name": "NAVER",
        "listing_status": "상장",
        "exchange": "KOSPI",
        "country": "Korea",
        "sentiment": "중립",
        "sentiment_reason": "하이퍼클로바X를 쇼핑 검색과 결제 시스템에 적용",
        "stock_code": "035420"
      },
      "카카오": {
        "original_mention": "카카오",
        "mapped_name": "카카오",
        "listing_status": "상장",
        "exchange": "KOSPI",
        "country": "Korea",
        "sentiment": "중립",
        "sentiment_reason": "오픈AI의 챗GPT와 자체 AI 모델 결합한 대화형 쇼핑 기능 준비 중",
        "stock_code": "035720"
      },
      "아마존": {
        "original_mention": "아마존",
        "mapped_name": "아마존",
        "listing_status": "상장",
        "exchange": "NASDAQ",
        "country": "USA",
        "sentiment": "중립",
        "sentiment_reason": "K뷰티에 새로운 기회 제공",
        "stock_code": "AMZN"
      },
      "코스알엑스": {
        "original_mention": "코스알엑스",
        "mapped_name": "코스알엑스",
        "listing_status": "비상장",
        "exchange": "",
        "country": "Korea",
        "sentiment": "긍정",
        "sentiment_reason": "월마트와 직거래하여 우선 노출 가능성",
        "stock_code": null
      },
      "에이피알": {
        "original_mention": "에이피알",
        "mapped_name": "에이피알",
        "listing_status": "상장",
        "exchange": "KOSDAQ",
        "country": "Korea",
        "sentiment": "긍정",
        "sentiment_reason": "뷰티 디바이스 카테고리에서 1등 가능성",
        "stock_code": "304620"
      }
    },
    "relations": [
      {
        "source": "월마트",
        "target": "오픈AI",
        "relation_type": "파트너",
        "relation_reason": "AI 쇼핑 시대 전환을 가속화하기 위해 협업",
        "source_is_listed": true,
        "source_country": "USA",
        "source_ticker": "WMT",
        "target_is_listed": false,
        "target_country": "USA",
        "target_ticker": null
      },
      {
        "source": "코스알엑스",
        "target": "월마트",
        "relation_type": "공급사",
        "relation_reason": "월마트와 직거래하여 제품 공급",
        "source_is_listed": false,
        "source_country": "Korea",
        "source_ticker": null,
        "target_is_listed": true,
        "target_country": "USA",
        "target_ticker": "WMT"
      }
    ]
  }
}