{
  "title": "카카오뱅크, 자녀 명의…최고 연 7.0% 금리",
  "description": "카카오뱅크, 자녀 명의…최고 연 7.0% 금리, 우리아이적금",
  "content": "[IMG]\n\n                            \n                        \n                        \n                    \n                카카오뱅크는 만 16세 이하 자녀를 대상으로 법정 대리인인 부모가 스마트폰으로 개설할 수 있는 ‘우리아이통장’과 ‘우리아이적금’을 내놨다. 우리아이통장은 가족관계증명서 같은 복잡한 서류 제출 없이 대화형 인터페이스로 구성된 챗봇을 통해 가입할 수 있다. 부모가 함께 자녀의 계좌 내역을 볼 수 있고 자녀를 향한 메시지 등도 남길 수 있다. 우리아이적금은 기본금리 연 3.0%에 자동이체 설정 시 추가 4%포인트를 더해 최고 연 7.0%의 금리를 제공한다. 가입 기간은 12개월이다. 매달 최대 20만원까지 납입할 수 있다. 만기일에 자녀의 나이가 만 18세 미만일 경우 자동 연장 기능도 제공된다.",
  "published_at": "2025-10-14T15:44:58+09:00",
  "author": "한국경제",
  "image_urls": [
    "https://img.hankyung.com/photo/202510/AA.42032929.1.jpg"
  ],
  "thumbnail_url": "https://img.hankyung.com/photo/202510/AA.42032929.1.jpg",
  "content_url": "https://www.hankyung.com/article/2025101467681",
  "publisher": "한국경제",
  "analysis": {
    "companies": {
      "카카오뱅크": {
        "original_mention": "카카오뱅크",
        "mapped_name": "카카오뱅크",
        "listing_status": "상장",
        "exchange": "KOSPI",
        "country": "Korea",
        "sentiment": "중립",
        "sentiment_reason": "새로운 금융 상품 출시 관련 중립적 정보 제공",
        "stock_code": "323410"
      }
    },
    "relations": []
  }
}