{
  "title": "현대차, 아이오닉 5 생산 또 중단 … 캐즘·관세 '이중 방지턱'",
  "description": "캐즘·美 관세 이중 방지턱에…현대차, 아이오닉 5 생산 또 중단, 27일부터 나흘간…올해 3번째 재고 쌓이자 가동 중지 불가피 韓자동차, 4월 대미 수출 19%↓",
  "content": "[IMG]\n\n                            \n                        \n                        사진=현대차 제공\n                    \n                현대자동차가 전기차를 생산하는 울산공장 라인을 일시적으로 닫기로 했다. 올 들어서만 세 번째 가동 중단이다. 전기차 캐즘(일시적 수요 정체) 여파로 판매 부진이 이어지는 가운데 미국의 수입차 관세 부과까지 닥치자 공장에서 차를 생산하기보다 아예 쉬기로 한 것이다.\n\n20일 업계에 따르면 현대차는 아이오닉 5(사진)와 코나일렉트릭을 생산하는 울산 1공장의 12라인 가동을 오는 27일부터 30일까지 나흘간 중단한다. 현대차는 조립할 차량 없이 빈 컨베이어벨트만 돌아가는 ‘공피치’를 감수하며 생산라인을 가동했으나, 더는 이어갈 수 없는 상황으로 판단하고 휴업을 결정했다.\n\n현대차는 전기차 판매 부진을 타개하기 위해 이달 아이오닉 5를 최대 600만원 할인하는 등 적극적인 판촉에 나섰다. 하지만 재고 소진 속도는 기대에 미치지 못했다.\n\n현대차는 사내 공지를 통해 “글로벌 전기차 시장의 판매 부진이 이어지고 있다”며 “추가 오더 확보에 총력을 기울였으나 물량을 확보하지 못하고 있는 실정”이라고 설명했다. 현대차는 지난 2월과 4월에도 판매 부진을 이유로 울산 1공장 12라인 가동을 각각 5일간 중단했다.\n\n한국산 자동차의 대미 수출은 미국 정부가 지난달 3일부터 수입차에 25% 관세를 부과한 영향을 직격으로 맞고 있다. 산업통상자원부가 이날 발표한 ‘2025년 4월 자동차산업 동향’에 따르면 4월 대미 자동차 수출액은 28억9000만달러(약 4조200억원)로 작년 4월보다 19.6% 줄었다.\n\n최대 자동차 수출 시장인 미국 수출이 감소하면서 4월 전체 자동차 수출액은 지난해 동월보다 3.8% 줄어든 65억3000만달러에 그쳤다. 4월까지 누적 수출액은 238억2000만달러로 전년보다 2.0% 감소했다. 그나마 지난달 유럽연합(EU)과 아시아로의 수출이 1년 전보다 각각 26.7%, 53.9% 증가한 7억5000만달러, 4억4000만달러 등으로 선전한 덕분에 전체 자동차 수출 감소폭을 축소할 수 있었다.\n\n김보형 기자 kph21c@hankyung.com",
  "published_at": "2025-05-20T18:02:37+09:00",
  "author": "김보형",
  "image_urls": [
    "https://img.hankyung.com/photo/202505/02.32429530.1.jpg"
  ],
  "thumbnail_url": "https://img.hankyung.com/photo/202505/02.32429530.1.jpg",
  "content_url": "https://www.hankyung.com/article/2025052053381",
  "publisher": "한국경제",
  "analysis": {
    "companies": {
      "현대차": {
        "original_mention": "현대차",
        "mapped_name": "현대자동차",
        "listing_status": "상장",
        "exchange": "KOSPI",
        "country": "Korea",
        "sentiment": "부정",
        "sentiment_reason": "전기차 판매 부진과 미국 수입차 관세 부과로 인한 생산 중단",
        "stock_code": "005380"
      }
    },
    "relations": []
  }
}