{
  "title": "현대차·기아, 최대 500만원…22개 차종 대상 '파격 할인'",
  "description": "현대차·기아, 최대 500만원…22개 차종 대상 파격 할인, 코리아세일페스타 참가",
  "content": "현대자동차·기아가 국내 최대 쇼핑 축제 ‘2025 코리아세일페스타’에 참가한다고 2일 밝혔다. 이에 따라 현대차는 이달 승용·레저용 차량(RV) 등 12개 차종, 1만2000여 대의 차량 가격을 할인한다. 쏘나타, 투싼, 그랜저, 싼타페 등 스테디셀러 차종뿐 아니라 아이오닉 9 등 전기차도 포함된다. 제네시스 G80, GV70, GV80도 할인 대상이다. 차종별로 할인 금액은 100만~500만원이다. 차종별 한정 수량을 선착순으로 할인 판매한다.\n\n현대차는 카마스터를 통해 차량 견적을 확인한 소비자에게 추첨으로 LG전자 최신 77인치 올레드 AI TV 등 경품도 제공한다. 현대차 관계자는 “올해 신차 개별소비세 인하가 종료될 것으로 예상되는 만큼 11월이 세제 혜택과 할인을 모두 누릴 수 있는 자동차 구매 최적기”라고 말했다.\n\n기아는 오는 10일까지를 집중 할인 기간으로 지정했다. 셀토스, 카니발, 타스만, K8, K9 등 10개 차종을 3% 할인한다. 전기차 EV3, EV4, EV9 등의 할인율은 5%로 더 높다. 특별 할인은 5000대 한정으로 선착순이다. 또 기아는 이달 K5, K8, 타스만, 니로 HEV, 봉고 LPG, K9 등 6개 차종을 대상으로 구매지원금 50만원도 제공한다. 구매지원금과 집중 할인 기간 특별 할인, 생산월 판매 조건을 모두 적용하면 최대 10%를 할인받을 수 있다. 추첨을 통해 삼성전자 비스포크 AI 식기세척기 빌트인 14인용 등 경품을 주는 이벤트도 연다.\n\n신정은 기자 newyearis@hankyung.com",
  "published_at": "2025-11-02T18:05:07+09:00",
  "author": "신정은",
  "image_urls": [],
  "thumbnail_url": "https://static.hankyung.com/img/logo/logo-news-sns.png?v=20201130",
  "content_url": "https://www.hankyung.com/article/2025110286871",
  "publisher": "한국경제",
  "analysis": {
    "companies": {
      "현대자동차": {
        "original_mention": "현대차",
        "mapped_name": "현대자동차",
        "listing_status": "상장",
        "exchange": "KOSPI",
        "country": "Korea",
        "sentiment": "중립",
        "sentiment_reason": "대규모 할인 행사로 인한 긍정적 소비자 반응 예상",
        "stock_code": "005380"
      },
      "기아": {
        "original_mention": "기아",
        "mapped_name": "기아",
        "listing_status": "상장",
        "exchange": "KOSPI",
        "country": "Korea",
        "sentiment": "중립",
        "sentiment_reason": "대규모 할인 행사로 인한 긍정적 소비자 반응 예상",
        "stock_code": "000270"
      },
      "LG전자": {
        "original_mention": "LG전자",
        "mapped_name": "LG전자",
        "listing_status": "상장",
        "exchange": "KOSPI",
        "country": "Korea",
        "sentiment": "중립",
        "sentiment_reason": "현대차 경품 제공으로 인한 브랜드 노출 증가",
        "stock_code": "066570"
      },
      "삼성전자": {
        "original_mention": "삼성전자",
        "mapped_name": "삼성전자",
        "listing_status": "상장",
        "exchange": "KOSPI",
        "country": "Korea",
        "sentiment": "중립",
        "sentiment_reason": "기아 경품 제공으로 인한 브랜드 노출 증가",
        "stock_code": "005930"
      }
    },
    "relations": [
      {
        "source": "현대자동차",
        "target": "LG전자",
        "relation_type": "파트너",
        "relation_reason": "현대차 경품 제공",
        "source_is_listed": true,
        "source_country": "Korea",
        "source_ticker": "005380",
        "target_is_listed": true,
        "target_country": "Korea",
        "target_ticker": "066570"
      },
      {
        "source": "기아",
        "target": "삼성전자",
        "relation_type": "파트너",
        "relation_reason": "기아 경품 제공",
        "source_is_listed": true,
        "source_country": "Korea",
        "source_ticker": "000270",
        "target_is_listed": true,
        "target_country": "Korea",
        "target_ticker": "005930"
      }
    ]
  }
}