{
  "title": "포스코홀딩스 이사회, 박희재 의장 사임",
  "description": "포스코홀딩스 이사회, 박희재 의장 사임, 김형규 기자, 경제",
  "content": "박희재 포스코홀딩스 이사회 의장이 사외이사를 사임한다고 22일 밝혔다.\n\n서울대 기계공학부 교수인 박 의장은 지난해 12월 포스코그룹 최고경영자(CEO) 후보추천위원회 위원장으로 회장 선출 과정을 총괄했다. 두 달여에 걸친 선발 과정 끝에 장인화 차기 회장을 선임했다. 박 의장은 “차기 회장 후보를 주주총회 안건으로 상정하는 모든 절차를 완료했기에 사임한다”고 말했다. 새로운 의장은 추후 이사회를 통해 선임할 계획이다. 박 의장의 사임으로 포스코홀딩스 사외이사는 7명에서 6명으로 줄었다.\n\n김형규 기자 khk@hankyung.com",
  "published_at": "2024-02-22T17:40:02+09:00",
  "author": "김형규",
  "image_urls": [],
  "thumbnail_url": "https://static.hankyung.com/img/logo/logo-news-sns.png?v=20201130",
  "content_url": "https://www.hankyung.com/article/2024022233881",
  "publisher": "한국경제",
  "analysis": {
    "companies": {
      "포스코홀딩스": {
        "original_mention": "포스코홀딩스",
        "mapped_name": "POSCO홀딩스",
        "listing_status": "상장",
        "exchange": "Korea Exchange",
        "country": "Korea",
        "sentiment": "중립",
        "sentiment_reason": "이사회 의장 사임 소식",
        "stock_code": "005490"
      }
    },
    "relations": []
  }
}