{
  "title": "포스코홀딩스·아모레…한경협 새 식구 됐다",
  "description": "포스코홀딩스·아모레…한경협 새 식구 됐다, 박의명 기자, 경제",
  "content": "포스코홀딩스 아모레퍼시픽 매일유업 등 20개 기업이 한국경제인협회(한경협·옛 전국경제인연합회) 정식 회원사로 가입했다.\n\n한경협은 16일 서울 여의도동 FKI타워에서 이사회를 열고 신규 회원사 가입 안건을 의결했다. 고려제강, 동성케미컬, 동아일렉콤, 롯데벤처스, 매일유업, 삼구아이앤씨, 삼표시멘트, 아모레퍼시픽, 에코프로, 에코프로비엠, LIG, 웅진, 위메이드, 케이이씨, KG모빌리티, 포스코홀딩스, 한국생산성본부, 한미사이언스, 한미약품, 휠라홀딩스가 새 회원사로 이름을 올렸다. 이로써 한경협 회원사는 모두 427개로 늘었다.\n\n한경협은 이날 이사회에 이어 제63회 정기총회를 열고 ‘2024년 5대 중점사업’을 발표했다. △법·제도 선진화 △회원 서비스 강화 △글로벌 협력 강화 △기업가정신 확산 △지속가능 성장 동력 확보 등이다.\n\n박의명 기자 uimyung@hankyung.com",
  "published_at": "2024-02-16T18:17:02+09:00",
  "author": "박의명",
  "image_urls": [],
  "thumbnail_url": "https://static.hankyung.com/img/logo/logo-news-sns.png?v=20201130",
  "content_url": "https://www.hankyung.com/article/2024021696081",
  "publisher": "한국경제",
  "analysis": {
    "companies": {
      "포스코홀딩스": {
        "original_mention": "포스코홀딩스",
        "mapped_name": "POSCO홀딩스",
        "listing_status": "상장",
        "exchange": "KRX",
        "country": "Korea",
        "sentiment": "중립",
        "sentiment_reason": "한경협 회원사로 가입",
        "stock_code": "005490"
      },
      "아모레퍼시픽": {
        "original_mention": "아모레퍼시픽",
        "mapped_name": "아모레퍼시픽",
        "listing_status": "상장",
        "exchange": "KRX",
        "country": "Korea",
        "sentiment": "중립",
        "sentiment_reason": "한경협 회원사로 가입",
        "stock_code": "090430"
      },
      "매일유업": {
        "original_mention": "매일유업",
        "mapped_name": "매일유업",
        "listing_status": "상장",
        "exchange": "KRX",
        "country": "Korea",
        "sentiment": "중립",
        "sentiment_reason": "한경협 회원사로 가입",
        "stock_code": "267980"
      },
      "고려제강": {
        "original_mention": "고려제강",
        "mapped_name": "고려제강",
        "listing_status": "상장",
        "exchange": "KRX",
        "country": "Korea",
        "sentiment": "중립",
        "sentiment_reason": "한경협 회원사로 가입",
        "stock_code": "002240"
      },
      "동성케미컬": {
        "original_mention": "동성케미컬",
        "mapped_name": "동성케미컬",
        "listing_status": "상장",
        "exchange": "KRX",
        "country": "Korea",
        "sentiment": "중립",
        "sentiment_reason": "한경협 회원사로 가입",
        "stock_code": "102260"
      },
      "동아일렉콤": {
        "original_mention": "동아일렉콤",
        "mapped_name": "동아일렉콤",
        "listing_status": "비상장",
        "exchange": "",
        "country": "Korea",
        "sentiment": "중립",
        "sentiment_reason": "한경협 회원사로 가입",
        "stock_code": null
      },
      "롯데벤처스": {
        "original_mention": "롯데벤처스",
        "mapped_name": "롯데벤처스",
        "listing_status": "비상장",
        "exchange": "",
        "country": "Korea",
        "sentiment": "중립",
        "sentiment_reason": "한경협 회원사로 가입",
        "stock_code": null
      },
      "삼구아이앤씨": {
        "original_mention": "삼구아이앤씨",
        "mapped_name": "삼구아이앤씨",
        "listing_status": "비상장",
        "exchange": "",
        "country": "Korea",
        "sentiment": "중립",
        "sentiment_reason": "한경협 회원사로 가입",
        "stock_code": null
      },
      "삼표시멘트": {
        "original_mention": "삼표시멘트",
        "mapped_name": "삼표시멘트",
        "listing_status": "상장",
        "exchange": "KRX",
        "country": "Korea",
        "sentiment": "중립",
        "sentiment_reason": "한경협 회원사로 가입",
        "stock_code": "038500"
      },
      "에코프로": {
        "original_mention": "에코프로",
        "mapped_name": "에코프로",
        "listing_status": "상장",
        "exchange": "KRX",
        "country": "Korea",
        "sentiment": "중립",
        "sentiment_reason": "한경협 회원사로 가입",
        "stock_code": "086520"
      },
      "에코프로비엠": {
        "original_mention": "에코프로비엠",
        "mapped_name": "에코프로비엠",
        "listing_status": "상장",
        "exchange": "KRX",
        "country": "Korea",
        "sentiment": "중립",
        "sentiment_reason": "한경협 회원사로 가입",
        "stock_code": "247540"
      },
      "LIG": {
        "original_mention": "LIG",
        "mapped_name": "LIG",
        "listing_status": "비상장",
        "exchange": "",
        "country": "Korea",
        "sentiment": "중립",
        "sentiment_reason": "한경협 회원사로 가입",
        "stock_code": null
      },
      "웅진": {
        "original_mention": "웅진",
        "mapped_name": "웅진",
        "listing_status": "상장",
        "exchange": "KRX",
        "country": "Korea",
        "sentiment": "중립",
        "sentiment_reason": "한경협 회원사로 가입",
        "stock_code": "016880"
      },
      "위메이드": {
        "original_mention": "위메이드",
        "mapped_name": "위메이드",
        "listing_status": "상장",
        "exchange": "KRX",
        "country": "Korea",
        "sentiment": "중립",
        "sentiment_reason": "한경협 회원사로 가입",
        "stock_code": "112040"
      },
      "케이이씨": {
        "original_mention": "케이이씨",
        "mapped_name": "케이이씨",
        "listing_status": "상장",
        "exchange": "KRX",
        "country": "Korea",
        "sentiment": "중립",
        "sentiment_reason": "한경협 회원사로 가입",
        "stock_code": "092220"
      },
      "KG모빌리티": {
        "original_mention": "KG모빌리티",
        "mapped_name": "KG모빌리티",
        "listing_status": "상장",
        "exchange": "KRX",
        "country": "Korea",
        "sentiment": "중립",
        "sentiment_reason": "한경협 회원사로 가입",
        "stock_code": "003620"
      },
      "한국생산성본부": {
        "original_mention": "한국생산성본부",
        "mapped_name": "한국생산성본부",
        "listing_status": "비상장",
        "exchange": "",
        "country": "Korea",
        "sentiment": "중립",
        "sentiment_reason": "한경협 회원사로 가입",
        "stock_code": null
      },
      "한미사이언스": {
        "original_mention": "한미사이언스",
        "mapped_name": "한미사이언스",
        "listing_status": "상장",
        "exchange": "KRX",
        "country": "Korea",
        "sentiment": "중립",
        "sentiment_reason": "한경협 회원사로 가입",
        "stock_code": "008930"
      },
      "한미약품": {
        "original_mention": "한미약품",
        "mapped_name": "한미약품",
        "listing_status": "상장",
        "exchange": "KRX",
        "country": "Korea",
        "sentiment": "중립",
        "sentiment_reason": "한경협 회원사로 가입",
        "stock_code": "128940"
      },
      "휠라홀딩스": {
        "original_mention": "휠라홀딩스",
        "mapped_name": "휠라홀딩스",
        "listing_status": "상장",
        "exchange": "KRX",
        "country": "Korea",
        "sentiment": "중립",
        "sentiment_reason": "한경협 회원사로 가입",
        "stock_code": "081660"
      }
    },
    "relations": []
  }
}