{
  "title": "바이넥스, 셀트리온 임상물질 2종 위탁생산",
  "description": "바이넥스, 셀트리온 임상물질 2종 위탁생산, CMO 국산화 과정 결실 맺어 송도·오송 공장서 생산해 공급",
  "content": "바이오의약품 위탁생산(CMO) 업체인 코스닥시장 상장사 바이넥스가 셀트리온의 바이오시밀러(바이오의약품 복제약) 원료의약품(DS) 임상물질 2종에 대한 생산 계약을 체결했다고 16일 밝혔다. 제품명 및 계약 내용은 공개되지 않았다.\n\n\n                    \n                        \n                            \n[IMG]\n\n                            \n                        \n                        \n                    \n                바이넥스는 셀트리온으로부터 바이오시밀러 두 개 제품의 CMO 생산 관련 기술 및 노하우를 이전받아 인천 송도와 충북 오송공장에서 각각 생산해 공급할 예정이다.\n\n셀트리온과 바이넥스는 2021년 바이오의약품 CMO 국산화 업무협약을 맺었다. 바이넥스는 지난 1월 미국 식품의약국(FDA)에서 셀트리온의 자가면역질환 치료제 엡토즈마에 대한 제조 허가를 받았다. 보통 자체 생산을 하거나 해외 CMO에 생산을 맡겨온 셀트리온이 자사 바이오시밀러를 국내 CMO 업체에 맡긴 것은 처음이었다. 1958년 순천당제약으로 출범한 바이넥스는 2011년 설립된 삼성바이오로직스보다 2년 앞선 2009년 국내 첫 CMO 사업을 시작했다.\n\n바이넥스 관계자는 “국내 바이오업계의 상생 및 발전을 위해 추진한 CMO 국산화 과정이 결실을 맺고 있다”며 “장기적으로 동반 성장할 수 있도록 협력 관계를 공고히 할 계획”이라고 말했다.\n\n안대규 기자 powerzanic@hankyung.com",
  "published_at": "2025-06-16T17:26:57+09:00",
  "author": "안대규",
  "image_urls": [
    "https://img.hankyung.com/photo/202506/AA.40838457.1.jpg"
  ],
  "thumbnail_url": "https://static.hankyung.com/img/logo/logo-news-sns.png?v=20201130",
  "content_url": "https://www.hankyung.com/article/2025061685781",
  "publisher": "한국경제",
  "analysis": {
    "companies": {
      "바이넥스": {
        "original_mention": "바이넥스",
        "mapped_name": "바이넥스",
        "listing_status": "상장",
        "exchange": "KOSDAQ",
        "country": "Korea",
        "sentiment": "긍정",
        "sentiment_reason": "셀트리온과의 CMO 생산 계약 체결 및 협력 관계 공고화",
        "stock_code": "053030"
      },
      "셀트리온": {
        "original_mention": "셀트리온",
        "mapped_name": "셀트리온",
        "listing_status": "상장",
        "exchange": "KOSDAQ",
        "country": "Korea",
        "sentiment": "긍정",
        "sentiment_reason": "바이넥스와의 CMO 생산 계약 체결 및 국내 CMO 업체와의 첫 협력",
        "stock_code": "068270"
      }
    },
    "relations": [
      {
        "source": "바이넥스",
        "target": "셀트리온",
        "relation_type": "파트너",
        "relation_reason": "바이오시밀러 임상물질 CMO 생산 계약 및 협력 관계 공고화",
        "source_is_listed": true,
        "source_country": "Korea",
        "source_ticker": "053030",
        "target_is_listed": true,
        "target_country": "Korea",
        "target_ticker": "068270"
      }
    ]
  }
}