{
  "title": "두산에너빌리티, 해상풍력 경쟁력 높인다…국내 전문기업과 손잡고 기술 개발",
  "description": "두산에너빌리티, 해상풍력 경쟁력 높인다…국내 전문기업과 손잡고 기술 개발, 10MW급 풍력발전기 개발 11개 기업과 국책과제 진행 내년까지 부품 70% 국산화",
  "content": "[IMG]\n\n                            \n                        \n                        두산에너빌리티가 제주 한림읍 인근 해상에 설치한 5.5MW 해상풍력발전기.  두산에너빌리티 제공 \n                    \n                두산에너빌리티가 국내 풍력 전문 기업들과 손잡고 10MW급 해상풍력 경쟁력을 끌어 올린다.\n\n두산에너빌리티는 발전공기업 4사(한국해상풍력, 한국동서발전, 한국남부발전, 한국수력원자력) 및 풍력 전문 중소기업(휴먼컴퍼지트, 동국S&amp;C, 신라정밀, 우림PTS, 산일전기, 엘에스케이, 인텍전기전자)과 ‘한국형 초대형 풍력발전시스템 공급망 원가절감 기술개발 국책과제’를 추진하기 위한 협약을 체결했다. 참여 기업들은 앞서 지난 5월, 국책과제 참여 및 협력 도모를 위한 업무 협약을 체결한 바 있다.\n\n이 과제는 산업통상자원부 한국에너지기술평가원이 공모한 ‘제2차 신재생에너지R&amp;D 신규지원대상 연구개발과제’ 일환으로 진행된다. 12개 참여 기업들은 10MW급 풍력발전기 기술 개발에 협력해 내년까지 부품 국산화율을 70%로 확대하고, 2027년 이후 해상풍력 공공단지와 연계해 실증을 추진한다. 또 국내에서 추진 중인 대규모 해상풍력단지 개발사업에도 참여를 검토하고 있다. 이번 과제는 부품 - 풍력발전기 - 해상풍력 공공단지까지 국내 공급망을 연결한다는 의미가 크다. 이를 통해 풍력발전기 단가를 절감하고 글로벌 시장에서 가격경쟁력을 확보할 계획이다.\n\n두산에너빌리티는 국책과제 주관기업으로 10MW급 풍력발전기 설계, 조립, 설치, 실증 전반을 담당하고, 부품 신뢰성 시험과 자동화 장비 개발에 참여한다. 이를 위해 연구개발과 공장증설에 5백억원 이상을 자체 투자할 계획이다. 두산에너빌리티가 개발하는 10MW급 풍력발전기는 국내 저풍속 환경에 맞춘 모델로, 평균 풍속 6.5m/s에서도 이용률 30% 이상 발전할 수 있는 로터 직경 205m(블레이드 길이 100m)의 풍력터빈이다.\n\n두산에너빌리티 손승우 파워서비스BG장은 “이번 과제는 한국형 초대형 해상풍력발전기가 품질, 비용, 납기 측면에서 경쟁력을 확보하는 계기가 될 것”이라면서 “외산 풍력발전기가 공격적으로 진출하는 국내 풍력시장에서 에너지 안보 기반을 다지고 국내 풍력 생태계 활성화에도 앞장서겠다”고 말했다.\n\n두산에너빌리티는 대한민국 최초의 해상풍력단지인 제주 탐라해상풍력을 2017년 준공했다. 2021년 한국전력기술과 100MW 규모의 제주한림해상풍력 기자재 공급계약을 체결해 5.5MW급 해상풍력발전기 18기를 공급해 준공을 앞두고 있다.\n\n창원=김해연 기자 haykim@hankyung.com",
  "published_at": "2024-09-29T16:24:21+09:00",
  "author": "김해연",
  "image_urls": [
    "https://img.hankyung.com/photo/202409/AA.38083818.1.jpg"
  ],
  "thumbnail_url": "https://img.hankyung.com/photo/202409/AA.38083818.1.jpg",
  "content_url": "https://www.hankyung.com/article/2024092945751",
  "publisher": "한국경제",
  "analysis": {
    "companies": {
      "두산에너빌리티": {
        "original_mention": "두산에너빌리티",
        "mapped_name": "두산에너빌리티",
        "listing_status": "상장",
        "exchange": "KOSPI",
        "country": "Korea",
        "sentiment": "긍정",
        "sentiment_reason": "국내 풍력 전문 기업들과 협력하여 해상풍력 경쟁력을 높이고자 하는 긍정적인 사업 계획",
        "stock_code": "034020"
      },
      "한국해상풍력": {
        "original_mention": "한국해상풍력",
        "mapped_name": "한국해상풍력",
        "listing_status": "비상장",
        "exchange": "",
        "country": "Korea",
        "sentiment": "중립",
        "sentiment_reason": "국책과제 참여",
        "stock_code": null
      },
      "한국동서발전": {
        "original_mention": "한국동서발전",
        "mapped_name": "한국동서발전",
        "listing_status": "비상장",
        "exchange": "",
        "country": "Korea",
        "sentiment": "중립",
        "sentiment_reason": "국책과제 참여",
        "stock_code": null
      },
      "한국남부발전": {
        "original_mention": "한국남부발전",
        "mapped_name": "한국남부발전",
        "listing_status": "비상장",
        "exchange": "",
        "country": "Korea",
        "sentiment": "중립",
        "sentiment_reason": "국책과제 참여",
        "stock_code": null
      },
      "한국수력원자력": {
        "original_mention": "한국수력원자력",
        "mapped_name": "한국수력원자력",
        "listing_status": "비상장",
        "exchange": "",
        "country": "Korea",
        "sentiment": "중립",
        "sentiment_reason": "국책과제 참여",
        "stock_code": null
      },
      "휴먼컴퍼지트": {
        "original_mention": "휴먼컴퍼지트",
        "mapped_name": "휴먼컴퍼지트",
        "listing_status": "비상장",
        "exchange": "",
        "country": "Korea",
        "sentiment": "중립",
        "sentiment_reason": "국책과제 참여",
        "stock_code": null
      },
      "동국S&C": {
        "original_mention": "동국S&C",
        "mapped_name": "동국S&C",
        "listing_status": "상장",
        "exchange": "KOSDAQ",
        "country": "Korea",
        "sentiment": "중립",
        "sentiment_reason": "국책과제 참여",
        "stock_code": "100130"
      },
      "신라정밀": {
        "original_mention": "신라정밀",
        "mapped_name": "신라정밀",
        "listing_status": "비상장",
        "exchange": "",
        "country": "Korea",
        "sentiment": "중립",
        "sentiment_reason": "국책과제 참여",
        "stock_code": null
      },
      "우림PTS": {
        "original_mention": "우림PTS",
        "mapped_name": "우림피티에스",
        "listing_status": "상장",
        "exchange": "KOSDAQ",
        "country": "Korea",
        "sentiment": "중립",
        "sentiment_reason": "국책과제 참여",
        "stock_code": "101170"
      },
      "산일전기": {
        "original_mention": "산일전기",
        "mapped_name": "산일전기",
        "listing_status": "상장",
        "exchange": "KOSDAQ",
        "country": "Korea",
        "sentiment": "중립",
        "sentiment_reason": "국책과제 참여",
        "stock_code": "038540"
      },
      "엘에스케이": {
        "original_mention": "엘에스케이",
        "mapped_name": "엘에스케이",
        "listing_status": "비상장",
        "exchange": "",
        "country": "Korea",
        "sentiment": "중립",
        "sentiment_reason": "국책과제 참여",
        "stock_code": null
      },
      "인텍전기전자": {
        "original_mention": "인텍전기전자",
        "mapped_name": "인텍전기전자",
        "listing_status": "상장",
        "exchange": "KOSDAQ",
        "country": "Korea",
        "sentiment": "중립",
        "sentiment_reason": "국책과제 참여",
        "stock_code": "049070"
      }
    },
    "relations": [
      {
        "source": "두산에너빌리티",
        "target": "한국해상풍력",
        "relation_type": "파트너",
        "relation_reason": "국책과제 협약 체결",
        "source_is_listed": true,
        "source_country": "Korea",
        "source_ticker": "034020",
        "target_is_listed": false,
        "target_country": "Korea",
        "target_ticker": null
      },
      {
        "source": "두산에너빌리티",
        "target": "한국동서발전",
        "relation_type": "파트너",
        "relation_reason": "국책과제 협약 체결",
        "source_is_listed": true,
        "source_country": "Korea",
        "source_ticker": "034020",
        "target_is_listed": false,
        "target_country": "Korea",
        "target_ticker": null
      },
      {
        "source": "두산에너빌리티",
        "target": "한국남부발전",
        "relation_type": "파트너",
        "relation_reason": "국책과제 협약 체결",
        "source_is_listed": true,
        "source_country": "Korea",
        "source_ticker": "034020",
        "target_is_listed": false,
        "target_country": "Korea",
        "target_ticker": null
      },
      {
        "source": "두산에너빌리티",
        "target": "한국수력원자력",
        "relation_type": "파트너",
        "relation_reason": "국책과제 협약 체결",
        "source_is_listed": true,
        "source_country": "Korea",
        "source_ticker": "034020",
        "target_is_listed": false,
        "target_country": "Korea",
        "target_ticker": null
      },
      {
        "source": "두산에너빌리티",
        "target": "휴먼컴퍼지트",
        "relation_type": "파트너",
        "relation_reason": "국책과제 협약 체결",
        "source_is_listed": true,
        "source_country": "Korea",
        "source_ticker": "034020",
        "target_is_listed": false,
        "target_country": "Korea",
        "target_ticker": null
      },
      {
        "source": "두산에너빌리티",
        "target": "동국S&C",
        "relation_type": "파트너",
        "relation_reason": "국책과제 협약 체결",
        "source_is_listed": true,
        "source_country": "Korea",
        "source_ticker": "034020",
        "target_is_listed": true,
        "target_country": "Korea",
        "target_ticker": "100130"
      },
      {
        "source": "두산에너빌리티",
        "target": "신라정밀",
        "relation_type": "파트너",
        "relation_reason": "국책과제 협약 체결",
        "source_is_listed": true,
        "source_country": "Korea",
        "source_ticker": "034020",
        "target_is_listed": false,
        "target_country": "Korea",
        "target_ticker": null
      },
      {
        "source": "두산에너빌리티",
        "target": "우림피티에스",
        "relation_type": "파트너",
        "relation_reason": "국책과제 협약 체결",
        "source_is_listed": true,
        "source_country": "Korea",
        "source_ticker": "034020",
        "target_is_listed": true,
        "target_country": "Korea",
        "target_ticker": "101170"
      },
      {
        "source": "두산에너빌리티",
        "target": "산일전기",
        "relation_type": "파트너",
        "relation_reason": "국책과제 협약 체결",
        "source_is_listed": true,
        "source_country": "Korea",
        "source_ticker": "034020",
        "target_is_listed": true,
        "target_country": "Korea",
        "target_ticker": "038540"
      },
      {
        "source": "두산에너빌리티",
        "target": "엘에스케이",
        "relation_type": "파트너",
        "relation_reason": "국책과제 협약 체결",
        "source_is_listed": true,
        "source_country": "Korea",
        "source_ticker": "034020",
        "target_is_listed": false,
        "target_country": "Korea",
        "target_ticker": null
      },
      {
        "source": "두산에너빌리티",
        "target": "인텍전기전자",
        "relation_type": "파트너",
        "relation_reason": "국책과제 협약 체결",
        "source_is_listed": true,
        "source_country": "Korea",
        "source_ticker": "034020",
        "target_is_listed": true,
        "target_country": "Korea",
        "target_ticker": "049070"
      }
    ]
  }
}