{
  "title": "역대 최대 16조 순이익 냈는데…4대 금융지주, 배당 잔치하나?",
  "description": "역대 최대 16조 순이익 냈는데…4대 금융지주, 배당 잔치하나?, 빅4 작년 순익 13.5% 급증 이자 이익만 66조원 달해 2021년 배당성향 25.7% 수준땐 실적 배당액 4.2조원 가능성 금융위 배당 축소 압박이 변수",
  "content": "KB 신한 하나 우리 등 4대 금융지주가 지난해 역대 최대인 16조원대 순이익을 거둔 것으로 추정된다. 한국은행의 기준금리 인상에 따른 예대금리차(예금금리와 대출금리 차이) 확대로 벌어들인 이자이익이 사상 최대인 66조원에 육박했기 때문이다. 금융지주가 ‘역대급’ 순익을 올리면서 주주들이 받는 배당 규모가 얼마나 될지에도 관심이 쏠린다.\n                    \n                        \n                            \n[IMG]\n\n                            \n                                    \n                                        \n                                    \n                                    이미지 크게보기\n                                \n                        \n                        \n                    \n                이자수익 66조원…실적 ‘껑충’30일 금융정보업체 에프앤가이드에 따르면 4대 금융지주의 작년 합계 순이익 예상치는 16조5009억원으로 집계됐다. 2021년 4대 금융지주 합계 순이익(14조5429억원)보다 13.5% 증가한 수치다. 지주별로 작년 예상 순이익은 신한금융이 4조8858억원으로 가장 많고, KB금융(4조7524억원) 하나(3조7169억원) 우리(3조1458억원) 순이다. 신한금융은 2019년 이후 3년 만에 KB금융을 제치고 ‘리딩뱅크(1등 금융지주)’를 탈환한 것으로 관측된다.\n\n전년 대비 증감폭은 신한금융과 우리금융이 나란히 21.6%로 가장 높고, KB(7.8%) 하나(5.4%) 순으로 추정된다. 신한금융은 신한은행이 48조원 규모의 서울시금고를 운영하면서 저원가성 예금을 확보했고 여의도 신한투자증권 사옥 매각 이익까지 반영된 결과다. 4대 금융지주의 지난해 이자이익 추정치는 65조9566억원에 달한다. 2021년(50조6973억원)보다 30.1% 늘어난 수치다. 2021년에는 전년보다 2.4% 증가한 데 그쳤는데 지난해에는 기준금리 인상 등으로 급증했다는 분석이다.특별 대손준비금 적립 변수4대 금융지주의 2021년 총배당액은 3조7309억원으로 코로나19 사태 여파로 금융당국으로부터 ‘배당 축소’를 권고받은 2020년(2조2929억원)보다 62.7% 급증했다. 배당성향(순이익 중 배당으로 지급하는 금액)으로 따지면 25.7%에 이른다. 전년과 비슷한 배당성향을 유지할 경우 4대 금융지주의 작년 실적 배당액은 4조2407억원에 달할 것으로 추산된다.\n\n금융지주의 이익이 급증한 만큼 배당 확대 등으로 주주 이익을 적극적으로 늘려줘야 한다는 지적이 나온다. 주주 행동주의 사모펀드인 얼라인파트너스는 지난 25일 7개 상장 금융지주(KB·신한·하나·우리·JB·BNK·DGB금융지주)를 상대로 배당 확대를 요구하는 주주제안을 사전 공개하기도 했다. 이복현 금융감독원장은 지난달 22일 “주주 환원에 대한 의사결정은 이사회 통제를 받는 경영진의 몫으로 건전성 확보에 여력이 있다면 그 범위 안에서 자율적으로 하는 게 맞다”며 배당 개입 최소 의사를 밝혔다.\n\n4대 금융지주는 장기적으로 배당성향을 30%까지 높이겠다는 방침이다. 신한금융은 자본비율 12% 초과분에 대해 적극적인 주주 환원에 나설 계획이다. 다른 금융지주도 배당 확대와 자사주 소각 등을 논의 중인 것으로 알려졌다.\n\n하지만 금융위원회가 ‘특별 대손준비금 적립 요구권’을 도입하는 등 사실상 배당 압박에 나서고 있는 점은 변수로 꼽힌다. 대손준비금은 회계상 배당 재원으로 쓰이는 이익잉여금에 반영돼 배당 여력을 제한한다. 금융권에선 은행당 3000억~5000억원의 추가 특별 대손준비금 적립이 필요할 것으로 보고 있다.\n\n김보형 기자 kph21c@hankyung.com",
  "published_at": "2023-01-30T17:30:50+09:00",
  "author": "김보형",
  "image_urls": [
    "https://img.hankyung.com/photo/202301/AA.32499680.1.jpg"
  ],
  "thumbnail_url": "https://static.hankyung.com/img/logo/logo-news-sns.png?v=20201130",
  "content_url": "https://www.hankyung.com/article/2023013025101",
  "publisher": "한국경제",
  "analysis": {
    "companies": {
      "KB금융": {
        "original_mention": "KB",
        "mapped_name": "KB금융",
        "listing_status": "상장",
        "exchange": "KOSPI",
        "country": "Korea",
        "sentiment": "중립",
        "sentiment_reason": "역대 최대 순이익 기록으로 긍정적이나 배당 확대에 대한 불확실성 존재",
        "stock_code": "105560"
      },
      "신한지주": {
        "original_mention": "신한",
        "mapped_name": "신한지주",
        "listing_status": "상장",
        "exchange": "KOSPI",
        "country": "Korea",
        "sentiment": "중립",
        "sentiment_reason": "리딩뱅크 탈환으로 긍정적이나 배당 확대에 대한 불확실성 존재",
        "stock_code": "055550"
      },
      "하나금융지주": {
        "original_mention": "하나",
        "mapped_name": "하나금융지주",
        "listing_status": "상장",
        "exchange": "KOSPI",
        "country": "Korea",
        "sentiment": "중립",
        "sentiment_reason": "역대 최대 순이익 기록으로 긍정적이나 배당 확대에 대한 불확실성 존재",
        "stock_code": "086790"
      },
      "우리금융지주": {
        "original_mention": "우리",
        "mapped_name": "우리금융지주",
        "listing_status": "상장",
        "exchange": "KOSPI",
        "country": "Korea",
        "sentiment": "중립",
        "sentiment_reason": "역대 최대 순이익 기록으로 긍정적이나 배당 확대에 대한 불확실성 존재",
        "stock_code": "316140"
      },
      "한국은행": {
        "original_mention": "한국은행",
        "mapped_name": "한국은행",
        "listing_status": "비상장",
        "exchange": "",
        "country": "Korea",
        "sentiment": "중립",
        "sentiment_reason": "기준금리 인상으로 금융지주 이익 증가에 기여",
        "stock_code": null
      },
      "얼라인파트너스": {
        "original_mention": "얼라인파트너스",
        "mapped_name": "얼라인파트너스",
        "listing_status": "비상장",
        "exchange": "",
        "country": "Korea",
        "sentiment": "중립",
        "sentiment_reason": "배당 확대 요구로 금융지주에 압박",
        "stock_code": null
      }
    },
    "relations": []
  }
}