{
  "title": "갓 구운 빵·스테이크…대한항공 인천공항 라운지 '호텔급' 변신",
  "description": "갓 구운 빵·스테이크…대한항공 인천공항 라운지 호텔급 변신, 경제",
  "content": "[IMG]\n\n                            \n                        \n                        \n                    \n                대한항공이 인천국제공항 제2여객터미널 면세 구역에 있는 마일러 클럽과 프레스티지 동편 우측 라운지를 확장·개편했다고 14일 밝혔다. 마일러 클럽은 대한항공 스카이패스 밀리언 마일러, 모닝캄 프리미엄 클럽 회원 중 프레스티지석 탑승객에 해당된다.\n\n라운지에 국내 5성급 호텔 셰프들이 즉석에서 피자, 김밥, 스테이크 등을 요리해주는 ‘라이브 스테이션’을 처음으로 도입했다. 메뉴는 계절별로 제철 식재료에 따라 바뀐다. 안마기기가 설치된 웰니스 공간, 노트북 등 전자기기를 사용할 수 있는 테크 존, 대형 화면으로 회의를 할 수 있는 미팅룸도 새롭게 마련했다.\n\n내부는 한옥 기둥 등 한국 전통 소재에서 영감받은 구조물을 설치해 한국의 미(美)를 넣어 꾸몄다. 정식 개장은 오는 18일이다. 데이비드 페이시 기내식기판 및 라운지부문 부사장(오른쪽 세 번째)이 이날 신규 라운지 오픈 행사에서 라이브 스테이션을 둘러보고 있다.\n\n양길성 기자/사진=뉴스1",
  "published_at": "2025-08-14T17:25:43+09:00",
  "author": "한국경제",
  "image_urls": [
    "https://img.hankyung.com/photo/202508/AA.41403878.1.jpg"
  ],
  "thumbnail_url": "https://img.hankyung.com/photo/202508/AA.41403878.1.jpg",
  "content_url": "https://www.hankyung.com/article/2025081417481",
  "publisher": "한국경제",
  "analysis": {
    "companies": {
      "대한항공": {
        "original_mention": "대한항공",
        "mapped_name": "대한항공",
        "listing_status": "상장",
        "exchange": "KOSPI",
        "country": "Korea",
        "sentiment": "중립",
        "sentiment_reason": "인천공항 라운지 확장 및 개편 소식",
        "stock_code": "003490"
      }
    },
    "relations": []
  }
}