{
  "title": "HD현대·대한항공, 美안두릴 손잡고 방산 시장 공략",
  "description": "HD현대·대한항공, 美안두릴 손잡고 방산 시장 공략, AI 방산 SW 기술 탑재해 무인함정·무인기 각각 개발",
  "content": "HD현대와 대한항공이 미국의 인공지능(AI) 방위산업 기업 안두릴인더스트리와 손잡고 각각 무인 함정, 무인기 개발에 나선다. 국내 기업이 미국의 대표적 AI 무인 기술 기업과 협력해 글로벌 방산시장 진출 준비에 나선 것이다.\n\nHD현대는 안두릴과 경기 성남 HD현대 글로벌R&amp;D센터(GRC)에서 ‘함정 개발 협력을 위한 합의각서(MOA)’를 체결했다고 7일 밝혔다. 안두릴은 AI 방산 소프트웨어 분야에서 세계 최고 기술을 갖춘 기업 중 하나로 평가받는다. AI 무인 기술은 방산 분야에서 10년 게임체인저가 될 것으로 기대된다.\n\nHD현대와 안두릴은 지난 4월 함정 개발 협력을 위한 업무협약(MOU)을 맺었다. 이번 MOA는 당시 협력을 더 구체화한 협약이다. HD현대는 함정 설계·기술을, 안두릴은 자율 임무 수행 체계 솔루션을 상호 공급하기로 했다. 자율 임무 수행 체계 솔루션은 무인 함정, 드론, 로봇 등을 하나의 시스템으로 연결해 인간 개입 없이 자율적으로 군사 작전 임무를 수행하게 하는 소프트웨어다.\n\n두 회사는 한국과 미국 시장에서 선보일 무인수상정(USV) 시제품도 공동 개발하기로 했다. USV 시제품은 한국 시장에서 2027년께 먼저 출시될 계획이다. 주원호 HD현대중공업 특수선사업대표는 “무인 함정은 미래 해전의 핵심이자 필수 요소”라며 “최고 수준의 자율 임무 수행 체계 기술을 갖춘 안두릴과 협력해 세계 최고 수준의 무인 함정을 개발하겠다”고 말했다.\n\n대한항공도 안두릴과 이날 서울 당주동 포시즌스호텔에서 ‘한국 및 아시아·태평양 무인 항공기 분야의 파트너십 구축을 위한 협력합의서(TA)’에 서명했다. 두 회사는 안두릴 제품 기반 한국형 무인기 모델 공동 개발, 안두릴 제품 면허 생산 및 아태 지역 수출, 안두릴의 아시아 무인기 생산기지 한국 구축 등을 공동으로 추진한다.\n\n국내 무인기 개발의 선두 주자로 꼽히는 대한항공은 안두릴과의 협력으로 진일보한 제품을 개발할 것으로 기대된다. 대한항공 관계자는 “이번 협력은 글로벌 무인기 시장의 새로운 전환점이 될 것”이라고 했다.\n\n성상훈 기자 uphoon@hankyung.com",
  "published_at": "2025-08-07T18:01:27+09:00",
  "author": "성상훈",
  "image_urls": [],
  "thumbnail_url": "https://static.hankyung.com/img/logo/logo-news-sns.png?v=20201130",
  "content_url": "https://www.hankyung.com/article/2025080780931",
  "publisher": "한국경제",
  "analysis": {
    "companies": {
      "HD현대": {
        "original_mention": "HD현대",
        "mapped_name": "HD현대",
        "listing_status": "상장",
        "exchange": "KOSPI",
        "country": "Korea",
        "sentiment": "긍정",
        "sentiment_reason": "안두릴과의 협력을 통해 무인 함정 개발에 나서며 글로벌 방산시장 진출을 준비하고 있음",
        "stock_code": "267250"
      },
      "대한항공": {
        "original_mention": "대한항공",
        "mapped_name": "대한항공",
        "listing_status": "상장",
        "exchange": "KOSPI",
        "country": "Korea",
        "sentiment": "긍정",
        "sentiment_reason": "안두릴과의 협력을 통해 무인 항공기 분야에서의 파트너십을 구축하고 있음",
        "stock_code": "003490"
      },
      "안두릴인더스트리": {
        "original_mention": "안두릴인더스트리",
        "mapped_name": "안두릴인더스트리",
        "listing_status": "비상장",
        "exchange": "",
        "country": "USA",
        "sentiment": "긍정",
        "sentiment_reason": "HD현대 및 대한항공과의 협력을 통해 한국 및 아시아 시장에서의 입지를 강화하고 있음",
        "stock_code": null
      }
    },
    "relations": [
      {
        "source": "HD현대",
        "target": "안두릴인더스트리",
        "relation_type": "파트너",
        "relation_reason": "무인 함정 개발 협력을 위한 합의각서 체결",
        "source_is_listed": true,
        "source_country": "Korea",
        "source_ticker": "267250",
        "target_is_listed": false,
        "target_country": "USA",
        "target_ticker": null
      },
      {
        "source": "대한항공",
        "target": "안두릴인더스트리",
        "relation_type": "파트너",
        "relation_reason": "한국 및 아시아·태평양 무인 항공기 분야의 파트너십 구축을 위한 협력합의서 체결",
        "source_is_listed": true,
        "source_country": "Korea",
        "source_ticker": "003490",
        "target_is_listed": false,
        "target_country": "USA",
        "target_ticker": null
      }
    ]
  }
}