{
  "title": "글로벌 뉴스페이스 시대…서부경남, 항공우주청 유치 박차",
  "description": "글로벌 뉴스페이스 시대…서부경남, 항공우주청 유치 박차, 우주산업 클러스터 조성 추진 KAI·한화에어로스페이스 등 관련 기업과 연구소 한자리에 전문인력 양성 프로그램도 운영",
  "content": "[IMG]\n\n                            \n                        \n                        경남 진주시 상평산단 내 한국산업기술시험원 우주부품시험센터 모습.  경상남도  제공 \n                    \n                경상남도는 항공산업에 이어 우주산업의 중심지로 자리매김하기 위해 우주산업 육성에도 박차를 가하기로 했다. 도의 우주산업 육성 계획이 차기 정부 국정과제에 반영될 수 있도록 주력한다는 전략이다.\n\n정부는 2030년 세계 7대 우주강국 도약을 목표로 각종 우주개발 계획을 수립하고 있다. 지난해 11월 15일에는 국무총리 주재로 국가우주위원회를 개최해 2031년까지 공공목적 위성 170여 기를 개발하고 국내 발사체를 40여 회 발사하는 계획을 발표했다. 또 12월 28일에는 우주개발진흥법 개정안이 국무회의에서 의결되는 등 우주개발 전략을 가속화하고 있다.\n\n도는 이런 우주산업 환경 변화에 선제적으로 대응하기 위해 항공우주청 설립 및 서부경남 유치와 우주산업 클러스터 조성을 도정 주요 정책에 반영해 추진하고 있다. 이 정책은 윤석열 대통령 당선인의 지역 주요 공약사업에 반영돼 더욱 추진력 있게 진행될 것으로 보고 있다. 지역사회에서도 윤 당선인의 공약에 따라 항공우주청 설립 및 우주산업 클러스터 조성이 가시화하면서 기대를 갖고 크게 환영하는 분위기다. ○경남은 우주산업 클러스터 최적지항공우주산업은 미래 먹거리를 책임질 중요한 산업임에도 현재 항공우주 정책은 독립된 부처 없이 과학기술정보통신부, 산업통상자원부, 국방부, 국토교통부 등에 분산돼 산발적으로 추진되고 있다. 따라서 우주 선진국과 같이 전담기구 설립을 통해 범정부적 일관성, 전문성 있는 정책 추진이 필요한 시점이라는 것에 공감대가 형성되고 있다.\n\n경남은 KAI를 비롯한 한화에어로스페이스 등 국내 우주 분야를 선도하는 기업과 많은 협력 업체가 있는 곳으로 국내 우주 분야 생산액의 43% 이상을 담당하고 있다.\n\n또 한국산업기술시험원 우주부품시험센터, 세라믹기술원, 재료연구원 등 우주 분야 전문 연구기관과 지역대학을 통한 우주 전문인력의 체계적 양성 시스템이 구축돼 있는 등 산학연이 조화로운 생태계를 구축하고 있다.\n\n세계적으로 민간기업이 우주개발을 주도하는 뉴스페이스 시대에 접어든 만큼 개발 현장과의 소통 및 현장 밀착정책 수립에 가장 유리한 경남에 지휘본부가 있는 것이 타당하며, 서부경남은 그 어느 지역보다 국가의 우주개발 수요 확대에 효과적으로 대응할 수 있는 입지라는 것이 경상남도의 입장이다.\n\n과거 청 단위 행정기관 지방 설치 전례가 없는 상황에서 항공우주청의 지방 설립은 국가균형발전 측면에서도 중요한 의미가 있다.\n\n도는 항공우주청 설립 및 서부경남 유치 타당성 확보를 위한 용역을 진행 중이며 산학연관 전문가 워킹그룹을 구성해 항공우주청 설립과 관련한 정부 건의 사항을 구체화하고 있다. ○경남 우주산업 클러스터 조성경상남도는 항공우주청의 서부경남 유치와 함께 우주산업 클러스터 조성도 추진한다. 정부는 뉴스페이스 시대를 맞아 우주개발에 필수적인 기반을 중심으로 집약적 산업 거점을 육성해 확대되는 우주개발 수요에 효과적으로 대응하기 위해 우주산업 협력지구(클러스터)를 조성하겠다고 발표한 바 있다.\n\n이에 도는 정부 우주산업 육성 정책에 발맞춰 경남을 우주산업의 중심지로 키워나갈 전략을 구상 중이다. 2030년까지 총사업비 6980억원을 투입해 위성 개발 및 상용화에 필요한 조립, 실증 및 시험평가 인프라를 구축하고 민간기업의 기술개발 및 사업화를 지원할 계획이다. 또 산학연 위성 협의체 운영을 통해 네트워킹 및 창업 생태계를 강화하고 우주특화 전문인력 양성 프로그램도 운영한다. 경남을 우주산업 중심지로 육성해 민간의 연구개발(R&amp;D) 투자를 촉진하고 기존 산업과의 동반성장을 이루며 지역경제 발전, 일자리 증가를 목표로 하겠다는 전략이다.\n\n경남은 KAI, 한화에어로스페이스 등 우주 제품 총조립 기업과 50여 소재·부품·장비 기업이 위치하고 기업 간 긴밀한 연결망이 형성돼 있다. 특히 진주·사천 지역에 구축 중인 항공국가산단에 우주기업 및 기관의 집적화가 가능해 우주산업 협력지구 조성의 최적지로 평가된다.\n\n도는 지난해 경남 우주산업 클러스터 조성 기본계획 수립 용역을 통해 기업 수요 조사 및 산업 분석 등을 함으로써 5개 전략, 17개 과제를 발굴했다. 올해는 과제의 우선순위를 정하고 세부 실시계획을 수립해 우주산업 육성 전략을 보다 구체화해 나갈 계획이다.\n\n김영삼 도 산업혁신국장은 “지역적 강점을 바탕으로 서부경남 내 항공우주청 설립 및 우주산업 클러스터 조성의 필요성을 강조해 정부의 국정과제에 반영될 수 있도록 적극적으로 건의해 나갈 것”이라고 말했다.\n\n창원=김해연 기자 haykim@hankyung.com",
  "published_at": "2022-03-30T15:15:25+09:00",
  "author": "김해연",
  "image_urls": [
    "https://img.hankyung.com/photo/202203/AA.29440102.1.jpg"
  ],
  "thumbnail_url": "https://img.hankyung.com/photo/202203/AA.29440102.1.jpg",
  "content_url": "https://www.hankyung.com/article/2022033004761",
  "publisher": "한국경제",
  "analysis": {
    "companies": {
      "KAI": {
        "original_mention": "KAI",
        "mapped_name": "KAI",
        "listing_status": "상장",
        "exchange": "",
        "country": "Korea",
        "sentiment": "중립",
        "sentiment_reason": "우주산업 클러스터 조성에 참여",
        "stock_code": null
      },
      "한화에어로스페이스": {
        "original_mention": "한화에어로스페이스",
        "mapped_name": "한화에어로스페이스",
        "listing_status": "상장",
        "exchange": "",
        "country": "Korea",
        "sentiment": "중립",
        "sentiment_reason": "우주산업 클러스터 조성에 참여",
        "stock_code": null
      }
    },
    "relations": [
      {
        "source": "KAI",
        "target": "한화에어로스페이스",
        "relation_type": "협력사",
        "relation_reason": "우주산업 클러스터 조성에 협력",
        "source_is_listed": true,
        "source_country": "Korea",
        "source_ticker": null,
        "target_is_listed": true,
        "target_country": "Korea",
        "target_ticker": null
      }
    ]
  }
}