{
  "title": "한화에어로스페이스, 소형발사체 기술 개발한다",
  "description": "한화에어로스페이스, 소형발사체 기술 개발한다, 남정민 기자, 경제",
  "content": "[IMG]\n\n                            \n                        \n                        \n                    \n                한화에어로스페이스가 한국항공우주연구원(항우연)과 함께 소형발사체 체계 기술을 개발한다고 6일 발표했다.\n\n소형발사체란 탑재 중량 500㎏ 수준의 소형 위성을 우주로 쏴 올릴 수 있는 발사체를 뜻한다. 한화에어로스페이스는 누리호 사업을 통해 검증된 기술력을 인정받아 지난 5월 항우연과 사업계약을 체결했다.\n\n한화에어로스페이스는 항우연 내 전담 인력을 두고 소형발사체 개발 계획을 분석 중이다. 내년 3월 ‘체계요구도 검토회의’까지 끝내면 개념 설계가 완료된다. 체계요구도 검토회의란 해당 발사체를 어떤 스펙으로 만들어 어느 목적에 활용할지 최종적으로 검토하는 회의를 뜻한다. 회사 관계자는 “이번 프로젝트는 뉴스페이스 시대에 발맞춰 저비용, 고효율 발사체를 설계하고 개발 계획을 제안하는 사업”이라고 말했다.\n\n소형발사체는 소형 위성 수요가 늘면서 주목받고 있다. 한국에서도 2026년 발사 예정인 150㎏ 이하급 위성을 비롯해 공공 위성 수요가 늘면서 소형발사체 필요성이 대두되고 있다.\n\n남정민 기자 peux@hankyung.com",
  "published_at": "2021-12-06T17:46:26+09:00",
  "author": "남정민",
  "image_urls": [
    "https://img.hankyung.com/photo/202112/AA.28254304.1.jpg"
  ],
  "thumbnail_url": "https://img.hankyung.com/photo/202112/AA.28254304.1.jpg",
  "content_url": "https://www.hankyung.com/article/2021120690891",
  "publisher": "한국경제",
  "analysis": {
    "companies": {
      "한화에어로스페이스": {
        "original_mention": "한화에어로스페이스",
        "mapped_name": "한화에어로스페이스",
        "listing_status": "상장",
        "exchange": "KOSPI",
        "country": "Korea",
        "sentiment": "긍정",
        "sentiment_reason": "소형발사체 기술 개발을 통해 기술력을 인정받고 사업계약을 체결함",
        "stock_code": "012450"
      },
      "한국항공우주연구원": {
        "original_mention": "한국항공우주연구원",
        "mapped_name": "한국항공우주연구원",
        "listing_status": "비상장",
        "exchange": "",
        "country": "Korea",
        "sentiment": "중립",
        "sentiment_reason": "한화에어로스페이스와의 협력 관계로 기술 개발에 참여",
        "stock_code": null
      }
    },
    "relations": [
      {
        "source": "한화에어로스페이스",
        "target": "한국항공우주연구원",
        "relation_type": "파트너",
        "relation_reason": "소형발사체 체계 기술 개발을 위한 협력",
        "source_is_listed": true,
        "source_country": "Korea",
        "source_ticker": "012450",
        "target_is_listed": false,
        "target_country": "Korea",
        "target_ticker": null
      }
    ]
  }
}