{
  "title": "한화시스템, 사격지휘 시스템 첫 수출",
  "description": "한화시스템, 사격지휘 시스템 첫 수출, 오현우 기자, 경제",
  "content": "한화시스템이 이집트 정부와 K11 사격지휘장갑차의 사격지휘시스템, K9A1 자주포의 사격통제시스템 공급 계약을 맺었다고 27일 발표했다. 국내 방위산업체가 사격지휘 시스템을 수출하는 건 이번이 처음이다. 계약 총액은 각각 305억원과 443억원이다.\n\nK11 사격지휘장갑차는 K9A1 자주포의 사격을 지휘·통제하는 차량이다. K11 한 대가 K9A1 6대를 통제한다. 이 장갑차에 들어가는 사격지휘체계는 K9A1 자주포의 두뇌 역할을 한다. 적과 아군의 식별을 포함해 위치, 방향, 속도 등에 관한 정보를 제공한다. K9A1 자주포에 적용하는 사격통제시스템은 목표물이 움직일 방향을 예측하는 탄도 계산 컴퓨터다.\n\n한화시스템은 이번 수출을 계기로 K9 수입국인 폴란드와 노르웨이로도 사격지휘시스템 수출을 확대할 방침이다. K9 수입국들은 그간 무기 운용체계에 자국산 시스템을 사용했다.\n\n이집트만 해도 해안에 인접한 지리적 특성을 감안해 해안포 사격 기능을 시스템에 추가했다.\n\n오현우 기자 ohw@hankyung.com",
  "published_at": "2024-12-27T17:48:37+09:00",
  "author": "오현우",
  "image_urls": [],
  "thumbnail_url": "https://static.hankyung.com/img/logo/logo-news-sns.png?v=20201130",
  "content_url": "https://www.hankyung.com/article/2024122731511",
  "publisher": "한국경제",
  "analysis": {
    "companies": {
      "한화시스템": {
        "original_mention": "한화시스템",
        "mapped_name": "한화시스템",
        "listing_status": "상장",
        "exchange": "KOSPI",
        "country": "Korea",
        "sentiment": "긍정",
        "sentiment_reason": "첫 수출 성공으로 인한 긍정적 전망",
        "stock_code": "272210"
      },
      "이집트 정부": {
        "original_mention": "이집트 정부",
        "mapped_name": "이집트 정부",
        "listing_status": "비상장",
        "exchange": "",
        "country": "Other",
        "sentiment": "중립",
        "sentiment_reason": "계약 체결에 대한 중립적 정보",
        "stock_code": null
      },
      "폴란드": {
        "original_mention": "폴란드",
        "mapped_name": "폴란드",
        "listing_status": "비상장",
        "exchange": "",
        "country": "Other",
        "sentiment": "중립",
        "sentiment_reason": "잠재적 수출 확대 대상국",
        "stock_code": null
      },
      "노르웨이": {
        "original_mention": "노르웨이",
        "mapped_name": "노르웨이",
        "listing_status": "비상장",
        "exchange": "",
        "country": "Other",
        "sentiment": "중립",
        "sentiment_reason": "잠재적 수출 확대 대상국",
        "stock_code": null
      }
    },
    "relations": [
      {
        "source": "한화시스템",
        "target": "이집트 정부",
        "relation_type": "공급사",
        "relation_reason": "사격지휘시스템 공급 계약 체결",
        "source_is_listed": true,
        "source_country": "Korea",
        "source_ticker": "272210",
        "target_is_listed": false,
        "target_country": "Other",
        "target_ticker": null
      }
    ]
  }
}