{
  "title": "현대건설, 2.7조 압구정2구역 수주",
  "description": "현대건설, 2.7조 압구정2구역 수주, 지상 65층 2571가구 규모 로봇 친화형 단지 최초 구현",
  "content": "[IMG]\n\n                            \n                        \n                        \n                    \n                현대건설이 서울 강남구 압구정2구역 재건축정비사업(조감도)을 따냈다. 올해 도시정비 수주(누적 8조7000억원)가 10조원을 돌파할지 관심을 끈다.\n\n29일 업계에 따르면 압구정2구역 조합은 지난 27일 시공사 선정 총회를 열고 총투표 조합원 1431명 중 1286명의 찬성으로 현대건설을 시공사로 선정했다. 우선협상 대상자인 현대건설은 이날 단독 입찰했다.\n\n압구정2구역 재건축은 신현대9·11·12차 19만2910㎡ 부지를 대상으로 진행되는 사업이다. 총 27개 동, 1924가구를 헐고 새로 지하 5층~지상 65층, 14개 동, 총 2571가구를 재건축한다. 총공사비는 2조7489억원이다.\n\n현대건설은 압구정 지역 특성과 지형을 고려해 조합원 모든 가구가 한강을 조망할 수 있도록 설계했다. 최고 14m 높이 하이 필로티, 실내 바닥과 같은 높이의 ‘제로 레벨’ 설계, 2.9m 천장고, 독일 고급 창호 등을 적용하며 한강 조망에 공을 들였다.\n\n단지 내 공용 공간에는 중앙 정원 ‘100년 숲’과 올인원 커뮤니티 시설 ‘클럽 압구정’이 조성된다. 전국에서 엄선한 수목으로 꾸며지는 100년 숲은 한강공원과 자연스럽게 이어지는 생태숲이 될 예정이다. 총 4만2535㎡ 규모 클럽 압구정에는 글로벌 브랜드와 협업한 공간을 마련한다.\n\n현대건설은 현대자동차그룹 역량을 결집해 압구정2구역을 국내 최초 로봇 친화형 단지로 구현할 계획이다. 퍼스널 모빌리티, 무인 셔틀·소방, 전기차 충전, 발레파킹 로보틱스 기술을 도입해 입주민의 안전과 편의를 아우르는 미래도시를 구축할 계획이다.\n\n이유정 기자 yjlee@hankyung.com",
  "published_at": "2025-09-29T17:06:33+09:00",
  "author": "이유정",
  "image_urls": [
    "https://img.hankyung.com/photo/202509/AA.41893803.1.jpg"
  ],
  "thumbnail_url": "https://img.hankyung.com/photo/202509/AA.41893803.1.jpg",
  "content_url": "https://www.hankyung.com/article/2025092956011",
  "publisher": "한국경제",
  "analysis": {
    "companies": {
      "현대건설": {
        "original_mention": "현대건설",
        "mapped_name": "현대건설",
        "listing_status": "상장",
        "exchange": "Korea Exchange",
        "country": "Korea",
        "sentiment": "긍정",
        "sentiment_reason": "압구정2구역 재건축정비사업 수주 성공",
        "stock_code": "000720"
      }
    },
    "relations": []
  }
}