{
  "title": "\"3兆 사우디 군함 따내자\"…세일즈 나선 정기선",
  "description": "3조원 사우디 군함 따내자…세일즈 나선 정기선, 사우디 투자부 장관과 회동 현지 건설중인 IMI조선소 앞세워 해군 현대화 사업 수주 정조준",
  "content": "[IMG]\n\n                            \n                        \n                        정기선 HD현대 수석부회장(오른쪽)이 25일 서울 ﻿반얀트리호텔에서 칼리드 알 팔리흐 사우디아라비아 투자부 장관과 악수하고 있다.  /HD현대 제공\n                    \n                정기선 HD현대 수석부회장이 사우디아리비아 동부에 건설 중인 세계 최대 합작 조선소 IMI를 지렛대 삼아 사우디 해군 현대화 사업을 선점하기 위한 ‘세일즈 외교’에 나섰다.\n\n정 부회장은 25일 서울 장충동 반얀트리호텔에서 칼리드 알 팔리흐 사우디 투자부 장관을 만나 IMI 조선소와 엔진공장의 안정적 가동 및 현지 공급망 구축 방안 등을 논의했다. 정 부회장은 이 자리에서 “사우디는 오랜 협력 경험을 갖춘 신뢰할 수 있는 파트너”라며 “IMI 조선소는 HD현대가 설계 기술을 총동원한 상징적 프로젝트인 만큼 최고의 조선소로 만들어 낼 것”이라고 말했다.\n\nHD현대는 사우디 아람코, 국영 해운사 바흐리, 아랍에미리트(UAE) 에너지기업 람프렐 등과 함께 총 52억달러(약 7조3000억원)를 투자해 주바일항 인근에 합작 조선소와 엔진공장을 짓고 있다. 두 시설은 각각 2026년, 2027년 가동을 목표로 한다. 합작 조선소는 대형 독(dock·선박건조장) 3기, 골리앗 크레인 4기, 안벽 7개와 연간 40척의 건조 능력을 갖춘 세계 최대 조선소가 된다. 정 부회장은 이어 사우디 국영 조선 지주사이자 조선·해양 분야 총괄기관인 소폰의 술라이만 알바브틴 최고경영자(CEO)를 만나 함정 사업 상호 협력 방안을 논의했다.\n\n사우디는 호위함 다섯 척을 도입하는 내용의 3조원 규모 해군 현대화 사업을 추진 중이다. 사우디 해군의 최대 규모 방위산업 프로젝트로, 이르면 내년 우선협상대상자가 결정될 것으로 예상된다. 이 입찰에서 HD현대는 프랑스 나발그룹 등 유럽 방산업체와 치열한 경쟁을 벌이고 있다.\n\nHD현대는 사우디 해군 현대화 사업 수주를 위해 대양 작전 수요에 대응할 수 있는 6500t급 호위함(HDF-6000)을 제안했다.\n\n김진원 기자 jin1@hankyung.com",
  "published_at": "2025-09-25T17:35:25+09:00",
  "author": "김진원",
  "image_urls": [
    "https://img.hankyung.com/photo/202509/AA.41846265.1.jpg"
  ],
  "thumbnail_url": "https://img.hankyung.com/photo/202509/AA.41846265.1.jpg",
  "content_url": "https://www.hankyung.com/article/2025092584581",
  "publisher": "한국경제",
  "analysis": {
    "companies": {
      "HD현대": {
        "original_mention": "HD현대",
        "mapped_name": "HD현대",
        "listing_status": "상장",
        "exchange": "Korea Exchange",
        "country": "Korea",
        "sentiment": "긍정",
        "sentiment_reason": "사우디 해군 현대화 사업 수주를 위한 적극적인 세일즈 외교와 협력 강화",
        "stock_code": "267250"
      },
      "사우디 아람코": {
        "original_mention": "사우디 아람코",
        "mapped_name": "사우디 아람코",
        "listing_status": "상장",
        "exchange": "Tadawul",
        "country": "Saudi Arabia",
        "sentiment": "중립",
        "sentiment_reason": "합작 조선소 투자 파트너로서의 역할",
        "stock_code": "2222"
      },
      "바흐리": {
        "original_mention": "바흐리",
        "mapped_name": "바흐리",
        "listing_status": "상장",
        "exchange": "Tadawul",
        "country": "Saudi Arabia",
        "sentiment": "중립",
        "sentiment_reason": "합작 조선소 투자 파트너로서의 역할",
        "stock_code": "4030"
      },
      "람프렐": {
        "original_mention": "람프렐",
        "mapped_name": "람프렐",
        "listing_status": "상장",
        "exchange": "London Stock Exchange",
        "country": "UAE",
        "sentiment": "중립",
        "sentiment_reason": "합작 조선소 투자 파트너로서의 역할",
        "stock_code": "LAM"
      },
      "프랑스 나발그룹": {
        "original_mention": "프랑스 나발그룹",
        "mapped_name": "프랑스 나발그룹",
        "listing_status": "비상장",
        "exchange": "",
        "country": "France",
        "sentiment": "중립",
        "sentiment_reason": "HD현대와 경쟁 중인 유럽 방산업체",
        "stock_code": null
      }
    },
    "relations": [
      {
        "source": "HD현대",
        "target": "사우디 아람코",
        "relation_type": "파트너",
        "relation_reason": "합작 조선소 및 엔진공장 투자 파트너",
        "source_is_listed": true,
        "source_country": "Korea",
        "source_ticker": "267250",
        "target_is_listed": true,
        "target_country": "Saudi Arabia",
        "target_ticker": "2222"
      },
      {
        "source": "HD현대",
        "target": "바흐리",
        "relation_type": "파트너",
        "relation_reason": "합작 조선소 및 엔진공장 투자 파트너",
        "source_is_listed": true,
        "source_country": "Korea",
        "source_ticker": "267250",
        "target_is_listed": true,
        "target_country": "Saudi Arabia",
        "target_ticker": "4030"
      },
      {
        "source": "HD현대",
        "target": "람프렐",
        "relation_type": "파트너",
        "relation_reason": "합작 조선소 및 엔진공장 투자 파트너",
        "source_is_listed": true,
        "source_country": "Korea",
        "source_ticker": "267250",
        "target_is_listed": true,
        "target_country": "UAE",
        "target_ticker": "LAM"
      },
      {
        "source": "HD현대",
        "target": "프랑스 나발그룹",
        "relation_type": "경쟁사",
        "relation_reason": "사우디 해군 현대화 사업 입찰 경쟁",
        "source_is_listed": true,
        "source_country": "Korea",
        "source_ticker": "267250",
        "target_is_listed": false,
        "target_country": "France",
        "target_ticker": null
      }
    ]
  }
}