{
  "title": "현대건설, 오클랜드에 K주택 공급",
  "description": "현대건설, 오클랜드에 K주택 공급, 10층, 219가구 프리미엄 단지 커뮤니티·태양광 등 K솔루션 접목",
  "content": "[IMG]\n\n                            \n                        \n                        \n                    \n                현대건설이 뉴질랜드에 하이엔드(최고급) 주거 단지를 개발하는 등 해외 주택시장 공략을 강화한다.\n\n현대건설은 최근 뉴질랜드 투자 운영사 HND TS, 현지 건설사 CMP와 ‘더 스트랜드 주택 개발사업’을 위한 시공사 조기참여협약(ECI)을 맺었다고 18일 밝혔다.\n\n이번 사업은 뉴질랜드 오클랜드 북동부 타카푸나 해변 인근에 4개 동, 총 219가구를 조성하는 프로젝트다. 건물은 지하 3층, 지상 7~10층으로 계획됐다. HND TS의 지주사 HND홀딩스가 투자·개발을 맡았다.\n\n현대건설이 체결한 ECI는 시공사가 설계 초기 단계부터 참여해 최적 설계안과 공사 기간 및 비용을 도출하는 계약 방식이다. 기술 경쟁에 초점이 맞춰져 시공사 역량이 사업 수행의 핵심이다.\n\n현대건설은 자체 설계·시공 노하우를 바탕으로 현지 설계사(ASC아키텍츠)와 협력할 예정이다. 커뮤니티 시설, 태양광 패널, 전기차 충전소 등 현지 라이프 스타일에 접목 가능한 K하우징 솔루션을 선보일 방침이다.\n\n뉴질랜드 부동산 시장은 수요가 공급을 초과하는 상황이 지속돼 정부가 주택 건설 촉진에 앞장서고 있다.\n\n현대건설은 오클랜드를 시작으로 뉴질랜드 주거 환경에 한국식 주거 문화를 접목할 계획이다. 올해 초에는 해외인프라도시개발지원공사(KIND)와 손잡고 뉴질랜드 토지주택공사 카잉가오라와 업무협약을 맺었다.\n\n이유정 기자 yjlee@hankyung.com",
  "published_at": "2025-09-18T16:52:43+09:00",
  "author": "이유정",
  "image_urls": [
    "https://img.hankyung.com/photo/202509/AA.41770272.1.jpg"
  ],
  "thumbnail_url": "https://img.hankyung.com/photo/202509/AA.41770272.1.jpg",
  "content_url": "https://www.hankyung.com/article/2025091831261",
  "publisher": "한국경제",
  "analysis": {
    "companies": {
      "현대건설": {
        "original_mention": "현대건설",
        "mapped_name": "현대건설",
        "listing_status": "상장",
        "exchange": "KOSPI",
        "country": "Korea",
        "sentiment": "긍정",
        "sentiment_reason": "해외 주택시장 공략 강화 및 협약 체결",
        "stock_code": "000720"
      },
      "HND홀딩스": {
        "original_mention": "HND홀딩스",
        "mapped_name": "HND홀딩스",
        "listing_status": "비상장",
        "exchange": "",
        "country": "Other",
        "sentiment": "중립",
        "sentiment_reason": "투자 및 개발 참여",
        "stock_code": null
      },
      "CMP": {
        "original_mention": "CMP",
        "mapped_name": "CMP",
        "listing_status": "비상장",
        "exchange": "",
        "country": "Other",
        "sentiment": "중립",
        "sentiment_reason": "현지 건설사로 협약 참여",
        "stock_code": null
      },
      "ASC아키텍츠": {
        "original_mention": "ASC아키텍츠",
        "mapped_name": "ASC아키텍츠",
        "listing_status": "비상장",
        "exchange": "",
        "country": "Other",
        "sentiment": "중립",
        "sentiment_reason": "현지 설계사로 협력 예정",
        "stock_code": null
      }
    },
    "relations": [
      {
        "source": "현대건설",
        "target": "HND홀딩스",
        "relation_type": "파트너",
        "relation_reason": "더 스트랜드 주택 개발사업 투자 및 개발 협력",
        "source_is_listed": true,
        "source_country": "Korea",
        "source_ticker": "000720",
        "target_is_listed": false,
        "target_country": "Other",
        "target_ticker": null
      },
      {
        "source": "현대건설",
        "target": "CMP",
        "relation_type": "파트너",
        "relation_reason": "더 스트랜드 주택 개발사업 시공사 협력",
        "source_is_listed": true,
        "source_country": "Korea",
        "source_ticker": "000720",
        "target_is_listed": false,
        "target_country": "Other",
        "target_ticker": null
      },
      {
        "source": "현대건설",
        "target": "ASC아키텍츠",
        "relation_type": "파트너",
        "relation_reason": "현지 설계사와 협력 예정",
        "source_is_listed": true,
        "source_country": "Korea",
        "source_ticker": "000720",
        "target_is_listed": false,
        "target_country": "Other",
        "target_ticker": null
      }
    ]
  }
}