{
  "title": "CJ제일제당 미국 법인 3000억 신종자본대출",
  "description": "CJ제일제당 미국 법인 3000억 신종자본대출, 상환전환우선주 인수자금 마련",
  "content": "[IMG]\n\n                            \n                        \n                        CJ제일제당센터 전경. /CJ제일제당 제공 \n                    \n                CJ제일제당의 미국법인인 CJ아메리카가 신종자본대출 3000억원을 조달한다. 상환전환우선주(RCPS) 3000억원을 상환하기 위해서다.\n\n16일 투자은행(IB) 업계에 따르면 CJ아메리카는 오는 18일 특수목적회사(SPC)인 케이양일차를 통해 신종자본대출 3000억원을 조달한다. 신종자본대출은 영구채처럼 대출 금액만큼 자본으로 회계처리한다. 통상 만기는 30년이지만 관례상 CJ아메리카는 조기 상환권을 5년 안에 행사한다. 모회사인 CJ제일제당도 오는 18일부터 5년 동안 CJ아메리카 신종자본대출에 신용보증을 제공한다. 케이양일차는 신종자본대출 채권을 기초자산으로 채권을 발행할 전망이다. 채권 발행금액을 바탕으로 신종자본대출 재원을 조달한다.\n\nCJ아메리카는 CJ제일제당의 100% 자회사로 미국 식품 사업을 관할하는 회사다. 2023년 이 회사의 매출과 순이익은 각각 7317억원, 29억원으로 집계됐다. 올 상반기에는 매출 6616억원, 순손실 99억원을 기록했다.\n\nCJ아메리카는 2019년 발행한 RCPS 3000억원어치를 상환하기 위해 신종자본대출을 받았다. CJ아메리카는 사모펀드인 ‘흥국US하이클래스전문투자형사모투자신탁1호’ 등을 대상으로 RCPS 3000억원어치를 발행했다. 투자자는 2024년 12월부터 CJ아메리카에 RCPS를 넘길 수 있는 풋옵션(주식매도청구권)을 행사할 수 있다. 이번에 RCPS 풋옵션을 행사하자, CJ아메리카도 RCPS 인수자금을 마련한 것이다.\n\n연결기준이 아닌 일반기업회계기준을 적용하는 CJ아메리카는 RCPS를 자본으로 분류했다. RCPS를 상환하기 위해 신종자본대출을 받으면서, 재무구조의 안정도 꾀했다는 평가가 나온다. 신종자본증권을 발행하지 않고 신종자본대출을 받은 것은 최근 ‘북 클로징(회계장부 마감)’으로 기관투자가 수요가 크지 않을 것이라는 우려를 반영한 것이다.\n\n김익환 기자 lovepen@hankyung.com",
  "published_at": "2024-12-16T16:13:12+09:00",
  "author": "김익환",
  "image_urls": [
    "https://img.hankyung.com/photo/202412/AA.38932048.1.jpg"
  ],
  "thumbnail_url": "https://img.hankyung.com/photo/202412/AA.38932048.1.jpg",
  "content_url": "https://www.hankyung.com/article/2024121689051",
  "publisher": "한국경제",
  "analysis": {
    "companies": {
      "CJ제일제당": {
        "original_mention": "CJ제일제당",
        "mapped_name": "CJ제일제당",
        "listing_status": "상장",
        "exchange": "KOSPI",
        "country": "Korea",
        "sentiment": "중립",
        "sentiment_reason": "신종자본대출을 통해 자회사 재무구조 안정성을 꾀함",
        "stock_code": "097950"
      },
      "CJ아메리카": {
        "original_mention": "CJ아메리카",
        "mapped_name": "CJ아메리카",
        "listing_status": "비상장",
        "exchange": "",
        "country": "USA",
        "sentiment": "중립",
        "sentiment_reason": "신종자본대출을 통해 RCPS 상환 및 재무구조 안정성 도모",
        "stock_code": null
      }
    },
    "relations": [
      {
        "source": "CJ제일제당",
        "target": "CJ아메리카",
        "relation_type": "모회사",
        "relation_reason": "CJ아메리카는 CJ제일제당의 100% 자회사",
        "source_is_listed": true,
        "source_country": "Korea",
        "source_ticker": "097950",
        "target_is_listed": false,
        "target_country": "USA",
        "target_ticker": null
      }
    ]
  }
}