{
  "title": "CJ제일제당 바이오 사업…글로벌 PEF 5파전 되나",
  "description": "CJ제일제당 바이오 사업…글로벌 PEF 5파전 되나, MBK파트너스 등 인수전 참여 몸값 6조 전망…내달 본입찰",
  "content": "▶마켓인사이트 11월 27일 오후 3시 26분 \n\n그린바이오 분야 세계 1위인 CJ제일제당 바이오 사업 인수전을 놓고 글로벌 톱티어 사모펀드(PEF) 운용사들이 맞붙는다.\n\n\n                    \n                        \n                            \n[IMG]\n\n                            \n                        \n                        \n                    \n                27일 투자은행(IB)업계에 따르면 블랙스톤과 칼라일을 비롯해 국내 최대 PEF 운용사인 MBK파트너스 등 4~5곳이 CJ제일제당 바이오 사업 인수전에 뛰어들었다. 이들은 한 달간 실사를 진행한 뒤 다음달 말로 예정된 본입찰 참여를 결정한다. 모건스탠리가 CJ제일제당 바이오 사업의 매각 주관사를 맡았다.\n\nCJ제일제당 바이오 사업은 식품 사업에 비해 인지도는 낮지만 회사를 글로벌 식음료 기업으로 밀어 올린 모태 사업이다. 미생물을 원료로 식품 조미 소재와 사료용 아미노산 등을 생산하는 그린바이오 사업이 주력이다. 라이신, 트립토판을 비롯한 사료용 아미노산 품목의 시장 점유율은 세계 1위다. CJ제일제당 바이오 사업 매출의 90% 이상이 그린바이오에서 나온다.\n\n인수 후보군은 CJ제일제당의 그린바이오 사업이 전 세계에 생산·판매망을 갖춘 점을 높게 평가하는 것으로 전해졌다. 그린바이오 사업은 미국 중국 인도네시아 브라질 등 주요 국가에 11개 대형 생산설비를 운영 중이다. 세계 최대 시장인 중국에 촘촘한 판매망을 확보한 만큼 시장 장악력도 뛰어나다.\n\nCJ제일제당의 바이오 사업은 올 들어 9월 말까지 3조1952억원의 매출을 거뒀다. 영업이익은 2792억원을 올렸다. 올해 매출이 4조원을 넘어서고, 상각전영업이익(EBITDA)은 7000억원 안팎을 기록할 것으로 예상된다.\n\n기업 몸값은 통상 EBITDA의 열 배 이상으로 추산한다. 이 같은 기업가치 평가를 고려하면 CJ제일제당 바이오 사업의 예상 매각가는 6조원대로 거론된다. 올해 인수합병(M&amp;A) 시장 최대어다. IB업계 관계자는 “중국의 저가 공세에 독일과 일본의 사료용 아미노산 기업이 앞다퉈 사업을 접고 있다”며 “CJ제일제당 바이오 사업은 기술력과 대형 생산설비는 물론 탄탄한 글로벌 판매망을 갖춘 보기 드문 매물로 평가받고 있다”고 말했다.\n\n박종관/차준호 기자 pjk@hankyung.com",
  "published_at": "2024-11-27T17:30:11+09:00",
  "author": "박종관/차준호",
  "image_urls": [
    "https://img.hankyung.com/photo/202411/AA.38772319.1.jpg"
  ],
  "thumbnail_url": "https://img.hankyung.com/photo/202411/AA.38772319.1.jpg",
  "content_url": "https://www.hankyung.com/article/2024112788031",
  "publisher": "한국경제",
  "analysis": {
    "companies": {
      "CJ제일제당": {
        "original_mention": "CJ제일제당",
        "mapped_name": "CJ제일제당",
        "listing_status": "상장",
        "exchange": "KOSPI",
        "country": "Korea",
        "sentiment": "중립",
        "sentiment_reason": "CJ제일제당의 바이오 사업이 글로벌 PEF의 관심을 받고 있으며, 매각가가 높게 평가되고 있음.",
        "stock_code": "097950"
      },
      "블랙스톤": {
        "original_mention": "블랙스톤",
        "mapped_name": "블랙스톤",
        "listing_status": "상장",
        "exchange": "NYSE",
        "country": "USA",
        "sentiment": "중립",
        "sentiment_reason": "CJ제일제당 바이오 사업 인수전에 참여.",
        "stock_code": "BX"
      },
      "칼라일": {
        "original_mention": "칼라일",
        "mapped_name": "칼라일",
        "listing_status": "상장",
        "exchange": "NASDAQ",
        "country": "USA",
        "sentiment": "중립",
        "sentiment_reason": "CJ제일제당 바이오 사업 인수전에 참여.",
        "stock_code": "CG"
      },
      "MBK파트너스": {
        "original_mention": "MBK파트너스",
        "mapped_name": "MBK파트너스",
        "listing_status": "비상장",
        "exchange": "",
        "country": "Korea",
        "sentiment": "중립",
        "sentiment_reason": "CJ제일제당 바이오 사업 인수전에 참여.",
        "stock_code": null
      },
      "모건스탠리": {
        "original_mention": "모건스탠리",
        "mapped_name": "모건스탠리",
        "listing_status": "상장",
        "exchange": "NYSE",
        "country": "USA",
        "sentiment": "중립",
        "sentiment_reason": "CJ제일제당 바이오 사업의 매각 주관사로 참여.",
        "stock_code": "MS"
      }
    },
    "relations": [
      {
        "source": "CJ제일제당",
        "target": "블랙스톤",
        "relation_type": "매각",
        "relation_reason": "블랙스톤이 CJ제일제당 바이오 사업 인수전에 참여.",
        "source_is_listed": true,
        "source_country": "Korea",
        "source_ticker": "097950",
        "target_is_listed": true,
        "target_country": "USA",
        "target_ticker": "BX"
      },
      {
        "source": "CJ제일제당",
        "target": "칼라일",
        "relation_type": "매각",
        "relation_reason": "칼라일이 CJ제일제당 바이오 사업 인수전에 참여.",
        "source_is_listed": true,
        "source_country": "Korea",
        "source_ticker": "097950",
        "target_is_listed": true,
        "target_country": "USA",
        "target_ticker": "CG"
      },
      {
        "source": "CJ제일제당",
        "target": "MBK파트너스",
        "relation_type": "매각",
        "relation_reason": "MBK파트너스가 CJ제일제당 바이오 사업 인수전에 참여.",
        "source_is_listed": true,
        "source_country": "Korea",
        "source_ticker": "097950",
        "target_is_listed": false,
        "target_country": "Korea",
        "target_ticker": null
      },
      {
        "source": "CJ제일제당",
        "target": "모건스탠리",
        "relation_type": "매각 주관사",
        "relation_reason": "모건스탠리가 CJ제일제당 바이오 사업의 매각 주관사로 참여.",
        "source_is_listed": true,
        "source_country": "Korea",
        "source_ticker": "097950",
        "target_is_listed": true,
        "target_country": "USA",
        "target_ticker": "MS"
      }
    ]
  }
}