{
  "title": "LG전자, 글로벌 완성차 8곳 고객사로",
  "description": "LG전자, 글로벌 완성차 8곳 고객사로, 전장 부품·솔루션 공급",
  "content": "LG전자가 글로벌 톱10 완성차 메이커 가운데 8곳을 고객사로 확보한 것으로 나타났다. 완성차 업체들이 소프트웨어중심차량(SDV)으로 전환에 나선 것을 겨냥해 전장(전자장비), 커넥티드 기술, 차량용 통합 솔루션 ‘LG 알파웨어’ 등을 앞세워 신사업을 확장하고 있다.\n\n8일 산업계에 따르면 LG전자는 지난해 글로벌 판매량 기준 상위 10개 완성차 제조사 중 도요타, 폭스바겐, 현대자동차, 제너럴모터스(GM), 스텔란티스, 포드, 혼다, 닛산에 주요 전장 부품 또는 차량용 솔루션을 공급하고 있다. 시장조사업체 마크라인스에 따르면 8개 업체는 지난해 전 세계 자동차 판매량의 약 55%를 차지했다.\n\nLG전자는 차량용 인포테인먼트(IVI)와 텔레매틱스, 첨단운전자보조시스템(ADAS) 등 하드웨어와 소프트웨어를 아우르는 통합 모빌리티 솔루션을 앞세워 주요 완성차 업체를 공략하고 있다. LG전자는 SDV 솔루션 고도화를 위해 글로벌 빅테크와의 협업을 강화하고 있다. 지난달 독일 프랑크푸르트에서 열린 ‘IAA 모빌리티 2025’에선 마이크로소프트(MS)의 게임 사업부 ‘엑스박스’, 화상회의 플랫폼업체 줌과 파트너십을 발표했다. 이번 파트너십으로 LG전자의 차량용 웹OS 콘텐츠 플랫폼에서 ‘엑스박스 게임 패스’ 서비스를 즐길 수 있게 됐다. LG전자는 올 1월 열린 세계 최대 IT·가전 전시회 CES 2025에서 퀄컴과 함께 IVI와 ADAS를 하나의 칩으로 통합 제어할 수 있는 플랫폼을 공개했다.\n\n전장 실적도 증가세다. LG전자에서 전장사업을 담당하는 VS사업본부는 올 2분기 매출 2조8494억원, 영업이익 1262억원을 기록하며 역대 최대 분기 실적을 냈다.\n\n박의명 기자 uimyung@hankyung.com",
  "published_at": "2025-10-08T17:23:00+09:00",
  "author": "박의명",
  "image_urls": [],
  "thumbnail_url": "https://static.hankyung.com/img/logo/logo-news-sns.png?v=20201130",
  "content_url": "https://www.hankyung.com/article/2025100885221",
  "publisher": "한국경제",
  "analysis": {
    "companies": {
      "LG전자": {
        "original_mention": "LG전자",
        "mapped_name": "LG전자",
        "listing_status": "상장",
        "exchange": "KRX",
        "country": "Korea",
        "sentiment": "긍정",
        "sentiment_reason": "글로벌 완성차 메이커와의 협업 및 파트너십을 통해 신사업 확장",
        "stock_code": "066570"
      },
      "도요타": {
        "original_mention": "도요타",
        "mapped_name": "도요타",
        "listing_status": "상장",
        "exchange": "TSE",
        "country": "Japan",
        "sentiment": "중립",
        "sentiment_reason": "LG전자의 고객사로 언급됨",
        "stock_code": "7203"
      },
      "폭스바겐": {
        "original_mention": "폭스바겐",
        "mapped_name": "폭스바겐",
        "listing_status": "상장",
        "exchange": "FWB",
        "country": "Germany",
        "sentiment": "중립",
        "sentiment_reason": "LG전자의 고객사로 언급됨",
        "stock_code": "VOW3"
      },
      "현대자동차": {
        "original_mention": "현대자동차",
        "mapped_name": "현대자동차",
        "listing_status": "상장",
        "exchange": "KRX",
        "country": "Korea",
        "sentiment": "중립",
        "sentiment_reason": "LG전자의 고객사로 언급됨",
        "stock_code": "005380"
      },
      "제너럴모터스": {
        "original_mention": "제너럴모터스",
        "mapped_name": "제너럴모터스",
        "listing_status": "상장",
        "exchange": "NYSE",
        "country": "USA",
        "sentiment": "중립",
        "sentiment_reason": "LG전자의 고객사로 언급됨",
        "stock_code": "GM"
      },
      "스텔란티스": {
        "original_mention": "스텔란티스",
        "mapped_name": "스텔란티스",
        "listing_status": "상장",
        "exchange": "NYSE",
        "country": "Netherlands",
        "sentiment": "중립",
        "sentiment_reason": "LG전자의 고객사로 언급됨",
        "stock_code": "STLA"
      },
      "포드": {
        "original_mention": "포드",
        "mapped_name": "포드",
        "listing_status": "상장",
        "exchange": "NYSE",
        "country": "USA",
        "sentiment": "중립",
        "sentiment_reason": "LG전자의 고객사로 언급됨",
        "stock_code": "F"
      },
      "혼다": {
        "original_mention": "혼다",
        "mapped_name": "혼다",
        "listing_status": "상장",
        "exchange": "TSE",
        "country": "Japan",
        "sentiment": "중립",
        "sentiment_reason": "LG전자의 고객사로 언급됨",
        "stock_code": "7267"
      },
      "닛산": {
        "original_mention": "닛산",
        "mapped_name": "닛산",
        "listing_status": "상장",
        "exchange": "TSE",
        "country": "Japan",
        "sentiment": "중립",
        "sentiment_reason": "LG전자의 고객사로 언급됨",
        "stock_code": "7201"
      },
      "마이크로소프트": {
        "original_mention": "마이크로소프트",
        "mapped_name": "마이크로소프트",
        "listing_status": "상장",
        "exchange": "NASDAQ",
        "country": "USA",
        "sentiment": "중립",
        "sentiment_reason": "LG전자와의 파트너십 발표",
        "stock_code": "MSFT"
      },
      "줌": {
        "original_mention": "줌",
        "mapped_name": "줌",
        "listing_status": "상장",
        "exchange": "NASDAQ",
        "country": "USA",
        "sentiment": "중립",
        "sentiment_reason": "LG전자와의 파트너십 발표",
        "stock_code": "ZM"
      },
      "퀄컴": {
        "original_mention": "퀄컴",
        "mapped_name": "퀄컴",
        "listing_status": "상장",
        "exchange": "NASDAQ",
        "country": "USA",
        "sentiment": "중립",
        "sentiment_reason": "LG전자와의 협업 발표",
        "stock_code": "QCOM"
      }
    },
    "relations": [
      {
        "source": "LG전자",
        "target": "도요타",
        "relation_type": "고객사",
        "relation_reason": "LG전자가 도요타에 전장 부품 또는 차량용 솔루션을 공급",
        "source_is_listed": true,
        "source_country": "Korea",
        "source_ticker": "066570",
        "target_is_listed": true,
        "target_country": "Japan",
        "target_ticker": "7203"
      },
      {
        "source": "LG전자",
        "target": "폭스바겐",
        "relation_type": "고객사",
        "relation_reason": "LG전자가 폭스바겐에 전장 부품 또는 차량용 솔루션을 공급",
        "source_is_listed": true,
        "source_country": "Korea",
        "source_ticker": "066570",
        "target_is_listed": true,
        "target_country": "Germany",
        "target_ticker": "VOW3"
      },
      {
        "source": "LG전자",
        "target": "현대자동차",
        "relation_type": "고객사",
        "relation_reason": "LG전자가 현대자동차에 전장 부품 또는 차량용 솔루션을 공급",
        "source_is_listed": true,
        "source_country": "Korea",
        "source_ticker": "066570",
        "target_is_listed": true,
        "target_country": "Korea",
        "target_ticker": "005380"
      },
      {
        "source": "LG전자",
        "target": "제너럴모터스",
        "relation_type": "고객사",
        "relation_reason": "LG전자가 제너럴모터스에 전장 부품 또는 차량용 솔루션을 공급",
        "source_is_listed": true,
        "source_country": "Korea",
        "source_ticker": "066570",
        "target_is_listed": true,
        "target_country": "USA",
        "target_ticker": "GM"
      },
      {
        "source": "LG전자",
        "target": "스텔란티스",
        "relation_type": "고객사",
        "relation_reason": "LG전자가 스텔란티스에 전장 부품 또는 차량용 솔루션을 공급",
        "source_is_listed": true,
        "source_country": "Korea",
        "source_ticker": "066570",
        "target_is_listed": true,
        "target_country": "Netherlands",
        "target_ticker": "STLA"
      },
      {
        "source": "LG전자",
        "target": "포드",
        "relation_type": "고객사",
        "relation_reason": "LG전자가 포드에 전장 부품 또는 차량용 솔루션을 공급",
        "source_is_listed": true,
        "source_country": "Korea",
        "source_ticker": "066570",
        "target_is_listed": true,
        "target_country": "USA",
        "target_ticker": "F"
      },
      {
        "source": "LG전자",
        "target": "혼다",
        "relation_type": "고객사",
        "relation_reason": "LG전자가 혼다에 전장 부품 또는 차량용 솔루션을 공급",
        "source_is_listed": true,
        "source_country": "Korea",
        "source_ticker": "066570",
        "target_is_listed": true,
        "target_country": "Japan",
        "target_ticker": "7267"
      },
      {
        "source": "LG전자",
        "target": "닛산",
        "relation_type": "고객사",
        "relation_reason": "LG전자가 닛산에 전장 부품 또는 차량용 솔루션을 공급",
        "source_is_listed": true,
        "source_country": "Korea",
        "source_ticker": "066570",
        "target_is_listed": true,
        "target_country": "Japan",
        "target_ticker": "7201"
      },
      {
        "source": "LG전자",
        "target": "마이크로소프트",
        "relation_type": "파트너",
        "relation_reason": "LG전자가 마이크로소프트와 파트너십을 발표",
        "source_is_listed": true,
        "source_country": "Korea",
        "source_ticker": "066570",
        "target_is_listed": true,
        "target_country": "USA",
        "target_ticker": "MSFT"
      },
      {
        "source": "LG전자",
        "target": "줌",
        "relation_type": "파트너",
        "relation_reason": "LG전자가 줌과 파트너십을 발표",
        "source_is_listed": true,
        "source_country": "Korea",
        "source_ticker": "066570",
        "target_is_listed": true,
        "target_country": "USA",
        "target_ticker": "ZM"
      },
      {
        "source": "LG전자",
        "target": "퀄컴",
        "relation_type": "파트너",
        "relation_reason": "LG전자가 퀄컴과 협업을 발표",
        "source_is_listed": true,
        "source_country": "Korea",
        "source_ticker": "066570",
        "target_is_listed": true,
        "target_country": "USA",
        "target_ticker": "QCOM"
      }
    ]
  }
}