{
  "title": "LG전자, 인도법인 구주 매각…이르면 이달 인도증시 상장",
  "description": "LG전자, 인도법인 구주 매각…이르면 이달 인도증시 상장, 황정수 기자, 경제",
  "content": "LG전자 인도법인이 이르면 10월 지분 15%를 매각하는 방식으로 인도 주식시장에 상장한다.\n\nLG전자는 30일 이사회를 열어 인도법인이 신주를 발행하지 않고 지분 15%를 매각하는 ‘구주 매출’ 방식으로 현지 주식시장에 상장하는 방안을 의결했다. 이사회 결의에 따라 LG전자는 조만간 인도 증권거래위원회에 최종 증권신고서를 제출할 계획이다. 상장 절차는 이르면 10월 마무리될 전망이다. 매각 주식 수는 1억181만5859주다. 처분일과 금액은 인도 증권거래위원회의 최종 승인 이후 공시될 예정이다. 현지에선 공모 규모가 1150억루피(약 1조8000억원) 수준이 될 것으로 분석한다. 조달 금액은 모두 LG전자 한국 본사로 유입된다.\n\nLG전자는 지난해 12월 상장 예비심사 서류를 제출하며 상장 준비를 본격화하고 지난 3월 인도 증권거래위원회에서 상장 예비승인을 받았다. 상반기 상장하는 게 목표였지만, 불확실성 여파로 상장 일정이 미뤄졌다.\n\n황정수 기자 hjs@hankyung.com",
  "published_at": "2025-09-30T17:14:44+09:00",
  "author": "황정수",
  "image_urls": [],
  "thumbnail_url": "https://static.hankyung.com/img/logo/logo-news-sns.png?v=20201130",
  "content_url": "https://www.hankyung.com/article/2025093084321",
  "publisher": "한국경제",
  "analysis": {
    "companies": {
      "LG전자": {
        "original_mention": "LG전자",
        "mapped_name": "LG전자",
        "listing_status": "상장",
        "exchange": "Korea Exchange",
        "country": "Korea",
        "sentiment": "중립",
        "sentiment_reason": "인도법인의 상장 소식은 중립적인 재무적 결정으로 해석됨.",
        "stock_code": "066570"
      }
    },
    "relations": []
  }
}