{
  "title": "미국發 한파에 증시 휘청…'10만전자'·'60만닉스' 깨졌다",
  "description": "미국發 한파에 증시 휘청…10만전자·60만닉스 깨졌다, 시황 인사이드 빅테크 약세·키옥시아 하한가에 삼성전자 5%·하이닉스 8% 내려 효성重 등 전력기기株도 급락 외국인·기관, 쌍끌이 매도 나서 바이오·배당주로 눈 돌릴만",
  "content": "[IMG]\n\n                            \n                        \n                        14일 오후 서울 을지로 하나은행 본점 딜링룸 전광판에 증시 종가가 표시돼 있다. 이날 코스피지수는 3.81% 떨어진 4011.57로 장을 마감했다. /뉴스1\n                    \n                미국 중앙은행(Fed)의 기준금리 인하 기대 후퇴로 외국인 투자자가 14일 유가증권시장에서 2조원 넘는 매물을 내던졌다. 삼성전자와 SK하이닉스는 각각 ‘10만전자’ ‘60만닉스’ 자리를 내줬다. 재차 등장하는 ‘AI(인공지능) 거품론’으로 연말까지 반도체 대형주의 숨고르기 장세가 지속될 것으로 전문가들은 전망하고 있다. 다만 조정 이후 반등장의 주도주는 다시 반도체가 될 것이라는 예상이 지배적이다.◇SK하이닉스 8.5% 급락\n                    \n                        \n                            \n[IMG]\n\n                            \n                        \n                        \n                    \n                14일 코스피지수는 3.81% 급락한 4011.57에 거래를 마쳤다. 특히 AI 관련 기술주의 하락세가 거셌다. SK하이닉스는 8.50%, 삼성전자는 5.45% 각각 하락했다. AI 확산으로 데이터센터 전력 수요가 급증한다는 전망이 과장됐다는 비관적인 분석에 효성중공업(-5.68%), LS일렉트릭(-6.31%) 등 전력기기 관련주의 급락세도 거셌다.\n\nAI 관련주가 일제히 밀린 건 Fed가 12월 기준금리를 동결할 수 있다는 우려가 커진 데 따른 것이다. ‘AI 자금 전쟁’을 벌이고 있는 빅테크 기업이 잇따라 막대한 채권을 발행하면서 빅테크 주가는 금리 인하 여부에 따라 흔들릴 수밖에 없게 됐다는 분석이다. 허재환 유진투자증권 글로벌매크로팀장은 “오라클을 제외한 아마존, 알파벳, 마이크로소프트 등은 막대한 현금흐름으로 당분간 대구모 투자를 감내할 수 있지만 2~3년 후엔 자금이 부족해질 수 있다”고 말했다. 일본 증시에서 키옥시아홀딩스가 하한가를 기록하며 국내 기술주에 다시 한 번 하방 압력을 가했다.\n\n외국인 투자자가 유가증권시장에서 2조3670억원, 코스닥시장에서 3200억원어치를 팔아치우며 지수 하락을 주도했다. 코스피200 선물도 7551억원어치 순매도했다. 기관 투자가도 유가증권시장에서 9000억원어치를 팔아치웠다. 대신 개인 투자자가 유가증권시장에서 3조2340억원어치를 저가 매수했다.\n\n이날 유가증권시장에서 상승 종목은 173개에 불과했다. 하락 종목은 719개에 달했다. 한·미 무역협상 팩트시트가 공개되면서 HD현대미포(3.36%), HD현대중공업(3.17%)등 조선주가 강세를 보였다.◇“지수 4000 이하면 저가매수”외국인의 반도체 차익실현이 지속되면서 연말까지는 바이오나 배당 관련주에 눈을 돌릴만 하다는 분석이 나온다. 김태홍 그로쓰힐자산운용 대표는 “글로벌 시장에서 제일 많이 올랐던 한국 시장에 대한 차익실현 움직임이 연말까지 지속될 것”이라며 “대형주보다 바이오 등 중소형주, 배당분리 과세의 수혜를 받는 고배당주에 순환매 자금이 들어갈 확률이 높다”고 말했다.\n\n다만 조정 국면 이후 반등장에선 AI주가 다시 주인공 자리를 꿰찰 것이라는 전망이 여전히 지배적이다. 글로벌 투자은행(IB) 씨티그룹은 전날 코스피지수 예상치를 3700에서 5500으로 대폭 상향하며 주요 근거 중 하나로 ‘AI 슈퍼 사이클과 반도체 업황 개선’을 꼽았다. 씨티그룹은 “이번 반도체 슈퍼 사이클은 2001~2007년보다 길게 이어질 것”이라고 말했다.\n\n특히 지수 4000선 이하에선 저가매수할만 하다는 조언이 나온다. 김용구 유안타증권 연구원은 “코스피지수의 1차 지지선은 주가순자산비율(PBR) 1.2배인 3800선”이라며 “4000 이하에선 투매보단 보유, 관망보단 매수가 유리하다”고 말했다.\n\n전문가들은 AI 관련주에 대한 단기 투자심리가 오는 19일 발표될 엔비디아 실적에서 판가름날 것으로 보고 있다. 엔비디아 주당순이익(EPS)의 시장 예상치는 1.2달러, 매출은 540억달러다.\n\n심성미 기자 smshim@hankyung.com",
  "published_at": "2025-11-14T17:56:29+09:00",
  "author": "심성미",
  "image_urls": [
    "https://img.hankyung.com/photo/202511/AA.42381202.1.jpg",
    "https://img.hankyung.com/photo/202511/AA.42381203.1.jpg"
  ],
  "thumbnail_url": "https://img.hankyung.com/photo/202511/AA.42381202.1.jpg",
  "content_url": "https://www.hankyung.com/article/2025111450541",
  "publisher": "한국경제",
  "analysis": {
    "companies": {
      "삼성전자": {
        "original_mention": "삼성전자",
        "mapped_name": "삼성전자",
        "listing_status": "상장",
        "exchange": "KOSPI",
        "country": "Korea",
        "sentiment": "부정",
        "sentiment_reason": "주가 하락",
        "stock_code": "005930"
      },
      "SK하이닉스": {
        "original_mention": "SK하이닉스",
        "mapped_name": "SK하이닉스",
        "listing_status": "상장",
        "exchange": "KOSPI",
        "country": "Korea",
        "sentiment": "부정",
        "sentiment_reason": "주가 하락",
        "stock_code": "000660"
      },
      "효성중공업": {
        "original_mention": "효성중공업",
        "mapped_name": "효성중공업",
        "listing_status": "상장",
        "exchange": "KOSPI",
        "country": "Korea",
        "sentiment": "부정",
        "sentiment_reason": "주가 하락",
        "stock_code": "298040"
      },
      "LS일렉트릭": {
        "original_mention": "LS일렉트릭",
        "mapped_name": "LS일렉트릭",
        "listing_status": "상장",
        "exchange": "KOSPI",
        "country": "Korea",
        "sentiment": "부정",
        "sentiment_reason": "주가 하락",
        "stock_code": "010120"
      },
      "유진투자증권": {
        "original_mention": "유진투자증권",
        "mapped_name": "유진투자증권",
        "listing_status": "상장",
        "exchange": "KOSPI",
        "country": "Korea",
        "sentiment": "중립",
        "sentiment_reason": "시장 분석 제공",
        "stock_code": "001200"
      },
      "오라클": {
        "original_mention": "오라클",
        "mapped_name": "오라클",
        "listing_status": "상장",
        "exchange": "NYSE",
        "country": "USA",
        "sentiment": "중립",
        "sentiment_reason": "시장 분석 제공",
        "stock_code": "ORCL"
      },
      "아마존": {
        "original_mention": "아마존",
        "mapped_name": "아마존",
        "listing_status": "상장",
        "exchange": "NASDAQ",
        "country": "USA",
        "sentiment": "중립",
        "sentiment_reason": "시장 분석 제공",
        "stock_code": "AMZN"
      },
      "알파벳": {
        "original_mention": "알파벳",
        "mapped_name": "알파벳",
        "listing_status": "상장",
        "exchange": "NASDAQ",
        "country": "USA",
        "sentiment": "중립",
        "sentiment_reason": "시장 분석 제공",
        "stock_code": "GOOGL"
      },
      "마이크로소프트": {
        "original_mention": "마이크로소프트",
        "mapped_name": "마이크로소프트",
        "listing_status": "상장",
        "exchange": "NASDAQ",
        "country": "USA",
        "sentiment": "중립",
        "sentiment_reason": "시장 분석 제공",
        "stock_code": "MSFT"
      },
      "키옥시아홀딩스": {
        "original_mention": "키옥시아홀딩스",
        "mapped_name": "키옥시아홀딩스",
        "listing_status": "비상장",
        "exchange": "",
        "country": "Japan",
        "sentiment": "부정",
        "sentiment_reason": "주가 하락",
        "stock_code": null
      },
      "HD현대미포": {
        "original_mention": "HD현대미포",
        "mapped_name": "HD현대미포",
        "listing_status": "상장",
        "exchange": "KOSPI",
        "country": "Korea",
        "sentiment": "긍정",
        "sentiment_reason": "주가 상승",
        "stock_code": "010620"
      },
      "HD현대중공업": {
        "original_mention": "HD현대중공업",
        "mapped_name": "HD현대중공업",
        "listing_status": "상장",
        "exchange": "KOSPI",
        "country": "Korea",
        "sentiment": "긍정",
        "sentiment_reason": "주가 상승",
        "stock_code": "329180"
      },
      "유안타증권": {
        "original_mention": "유안타증권",
        "mapped_name": "유안타증권",
        "listing_status": "상장",
        "exchange": "KOSPI",
        "country": "Korea",
        "sentiment": "중립",
        "sentiment_reason": "시장 분석 제공",
        "stock_code": "003470"
      },
      "엔비디아": {
        "original_mention": "엔비디아",
        "mapped_name": "엔비디아",
        "listing_status": "상장",
        "exchange": "NASDAQ",
        "country": "USA",
        "sentiment": "중립",
        "sentiment_reason": "실적 발표 기대",
        "stock_code": "NVDA"
      }
    },
    "relations": []
  }
}