{
  "title": "[유가증권 기업공시] (4일) 삼성바이오로직스 등",
  "description": "(4일) 삼성바이오로직스 등, 증권",
  "content": "▲삼성바이오로직스=미국 소재 제약사와 225억원 규모 의약품 수탁생산 계약.\n\n▲삼화왕관=주당 500원 현금배당 결정.\n\n▲쌍방울=지오영에 708억원 규모 마스크 공급계약 체결.\n\n▲자이에스앤디=407억원 규모 주상복합 공사 도급약정 체결.",
  "published_at": "2020-08-05T00:33:33+09:00",
  "author": "한국경제",
  "image_urls": [],
  "thumbnail_url": "https://static.hankyung.com/img/logo/logo-news-sns.png?v=20201130",
  "content_url": "https://www.hankyung.com/article/2020080534811",
  "publisher": "한국경제",
  "analysis": {
    "companies": {
      "삼성바이오로직스": {
        "original_mention": "삼성바이오로직스",
        "mapped_name": "삼성바이오로직스",
        "listing_status": "상장",
        "exchange": "KOSPI",
        "country": "Korea",
        "sentiment": "긍정",
        "sentiment_reason": "미국 소재 제약사와 225억원 규모 의약품 수탁생산 계약 체결",
        "stock_code": "207940"
      },
      "삼화왕관": {
        "original_mention": "삼화왕관",
        "mapped_name": "삼화왕관",
        "listing_status": "상장",
        "exchange": "KOSPI",
        "country": "Korea",
        "sentiment": "중립",
        "sentiment_reason": "주당 500원 현금배당 결정",
        "stock_code": "004450"
      },
      "쌍방울": {
        "original_mention": "쌍방울",
        "mapped_name": "쌍방울",
        "listing_status": "상장",
        "exchange": "KOSPI",
        "country": "Korea",
        "sentiment": "긍정",
        "sentiment_reason": "지오영에 708억원 규모 마스크 공급계약 체결",
        "stock_code": "102280"
      },
      "자이에스앤디": {
        "original_mention": "자이에스앤디",
        "mapped_name": "자이에스앤디",
        "listing_status": "상장",
        "exchange": "KOSPI",
        "country": "Korea",
        "sentiment": "긍정",
        "sentiment_reason": "407억원 규모 주상복합 공사 도급약정 체결",
        "stock_code": "317400"
      }
    },
    "relations": [
      {
        "source": "삼성바이오로직스",
        "target": "미국 소재 제약사",
        "relation_type": "고객사",
        "relation_reason": "225억원 규모 의약품 수탁생산 계약 체결",
        "source_is_listed": true,
        "source_country": "Korea",
        "source_ticker": "207940",
        "target_is_listed": false,
        "target_country": "USA",
        "target_ticker": null
      },
      {
        "source": "쌍방울",
        "target": "지오영",
        "relation_type": "고객사",
        "relation_reason": "708억원 규모 마스크 공급계약 체결",
        "source_is_listed": true,
        "source_country": "Korea",
        "source_ticker": "102280",
        "target_is_listed": false,
        "target_country": "Korea",
        "target_ticker": null
      }
    ]
  }
}