{
  "title": "LG에너지솔루션, 18~19일 일반 청약",
  "description": "LG에너지솔루션, 18~19일 일반 청약, 이번주 공모주",
  "content": "이번주에는 국내 기업공개(IPO) 역사상 최대어인 LG에너지솔루션과 이지트로닉스, 스코넥엔터테인먼트 등 세 곳이 일반청약을 받는다.\n\nLG에너지솔루션은 18~19일 전체 공모 물량의 25%인 1062만5000주를 대상으로 7개 증권사에서 청약 신청을 받는다. 기관투자가를 대상으로 한 수요예측에선 2023 대 1의 경쟁률을 기록했다. 유가증권시장 상장 기업 중 최고치다. 공모가는 희망 가격(25만7000~30만원) 최상단인 30만원으로 결정됐다.\n\n증권사별 보유 물량은 대표 주관사인 KB증권이 486만9792주(배정 비율 45.8%)로 가장 많다. 대신증권과 신한금융투자가 각각 243만4896주(22.9%), 미래에셋증권 하나금융투자 하이투자증권 신영증권이 22만1354주(2.1%)씩이다.\n\nLG에너지솔루션에 이어 전력 변환장치 전문기업 이지트로닉스와 가상현실(VR) 콘텐츠 기업 스코넥엔터테인먼트가 20~21일 동시에 청약에 나선다.\n\n이지트로닉스는 전기차와 5세대(5G) 통신 중계기, 에너지저장장치(ESS) 등에 사용되는 필수 부품인 전력 변환장치를 개발하고 있다. 스코넥엔터테인먼트는 VR 콘텐츠를 개발하고 제작하는 회사다.\n\n전예진 기자 ace@hankyung.com",
  "published_at": "2022-01-16T17:01:58+09:00",
  "author": "전예진",
  "image_urls": [],
  "thumbnail_url": "https://static.hankyung.com/img/logo/logo-news-sns.png?v=20201130",
  "content_url": "https://www.hankyung.com/article/2022011618281",
  "publisher": "한국경제",
  "analysis": {
    "companies": {
      "LG에너지솔루션": {
        "original_mention": "LG에너지솔루션",
        "mapped_name": "LG에너지솔루션",
        "listing_status": "상장",
        "exchange": "KOSPI",
        "country": "Korea",
        "sentiment": "긍정",
        "sentiment_reason": "IPO 역사상 최대어로 높은 수요예측 경쟁률 기록",
        "stock_code": "373220"
      },
      "이지트로닉스": {
        "original_mention": "이지트로닉스",
        "mapped_name": "이지트로닉스",
        "listing_status": "상장",
        "exchange": "KOSDAQ",
        "country": "Korea",
        "sentiment": "긍정",
        "sentiment_reason": "전력 변환장치 개발로 전기차 및 5G 통신 중계기 등에서 수요 증가 예상",
        "stock_code": "388050"
      },
      "스코넥엔터테인먼트": {
        "original_mention": "스코넥엔터테인먼트",
        "mapped_name": "스코넥엔터테인먼트",
        "listing_status": "상장",
        "exchange": "KOSDAQ",
        "country": "Korea",
        "sentiment": "긍정",
        "sentiment_reason": "VR 콘텐츠 개발 및 제작으로 시장 성장 기대",
        "stock_code": "376290"
      },
      "KB증권": {
        "original_mention": "KB증권",
        "mapped_name": "KB금융",
        "listing_status": "상장",
        "exchange": "KOSPI",
        "country": "Korea",
        "sentiment": "긍정",
        "sentiment_reason": "LG에너지솔루션의 대표 주관사로 가장 많은 물량 보유",
        "stock_code": "105560"
      },
      "대신증권": {
        "original_mention": "대신증권",
        "mapped_name": "대신증권",
        "listing_status": "상장",
        "exchange": "KOSPI",
        "country": "Korea",
        "sentiment": "중립",
        "sentiment_reason": "LG에너지솔루션 청약 물량 보유",
        "stock_code": "003540"
      },
      "신한금융투자": {
        "original_mention": "신한금융투자",
        "mapped_name": "신한지주",
        "listing_status": "상장",
        "exchange": "KOSPI",
        "country": "Korea",
        "sentiment": "중립",
        "sentiment_reason": "LG에너지솔루션 청약 물량 보유",
        "stock_code": "055550"
      },
      "미래에셋증권": {
        "original_mention": "미래에셋증권",
        "mapped_name": "미래에셋증권",
        "listing_status": "상장",
        "exchange": "KOSPI",
        "country": "Korea",
        "sentiment": "중립",
        "sentiment_reason": "LG에너지솔루션 청약 물량 보유",
        "stock_code": "006800"
      },
      "하나금융투자": {
        "original_mention": "하나금융투자",
        "mapped_name": "하나금융지주",
        "listing_status": "상장",
        "exchange": "KOSPI",
        "country": "Korea",
        "sentiment": "중립",
        "sentiment_reason": "LG에너지솔루션 청약 물량 보유",
        "stock_code": "086790"
      },
      "하이투자증권": {
        "original_mention": "하이투자증권",
        "mapped_name": "하이투자증권",
        "listing_status": "상장",
        "exchange": "KOSPI",
        "country": "Korea",
        "sentiment": "중립",
        "sentiment_reason": "LG에너지솔루션 청약 물량 보유",
        "stock_code": "001750"
      },
      "신영증권": {
        "original_mention": "신영증권",
        "mapped_name": "신영증권",
        "listing_status": "상장",
        "exchange": "KOSPI",
        "country": "Korea",
        "sentiment": "중립",
        "sentiment_reason": "LG에너지솔루션 청약 물량 보유",
        "stock_code": "001720"
      }
    },
    "relations": [
      {
        "source": "LG에너지솔루션",
        "target": "KB금융",
        "relation_type": "파트너",
        "relation_reason": "LG에너지솔루션의 대표 주관사로 청약 물량 보유",
        "source_is_listed": true,
        "source_country": "Korea",
        "source_ticker": "373220",
        "target_is_listed": true,
        "target_country": "Korea",
        "target_ticker": "105560"
      },
      {
        "source": "LG에너지솔루션",
        "target": "대신증권",
        "relation_type": "파트너",
        "relation_reason": "LG에너지솔루션 청약 물량 보유",
        "source_is_listed": true,
        "source_country": "Korea",
        "source_ticker": "373220",
        "target_is_listed": true,
        "target_country": "Korea",
        "target_ticker": "003540"
      },
      {
        "source": "LG에너지솔루션",
        "target": "신한지주",
        "relation_type": "파트너",
        "relation_reason": "LG에너지솔루션 청약 물량 보유",
        "source_is_listed": true,
        "source_country": "Korea",
        "source_ticker": "373220",
        "target_is_listed": true,
        "target_country": "Korea",
        "target_ticker": "055550"
      },
      {
        "source": "LG에너지솔루션",
        "target": "미래에셋증권",
        "relation_type": "파트너",
        "relation_reason": "LG에너지솔루션 청약 물량 보유",
        "source_is_listed": true,
        "source_country": "Korea",
        "source_ticker": "373220",
        "target_is_listed": true,
        "target_country": "Korea",
        "target_ticker": "006800"
      },
      {
        "source": "LG에너지솔루션",
        "target": "하나금융지주",
        "relation_type": "파트너",
        "relation_reason": "LG에너지솔루션 청약 물량 보유",
        "source_is_listed": true,
        "source_country": "Korea",
        "source_ticker": "373220",
        "target_is_listed": true,
        "target_country": "Korea",
        "target_ticker": "086790"
      },
      {
        "source": "LG에너지솔루션",
        "target": "하이투자증권",
        "relation_type": "파트너",
        "relation_reason": "LG에너지솔루션 청약 물량 보유",
        "source_is_listed": true,
        "source_country": "Korea",
        "source_ticker": "373220",
        "target_is_listed": true,
        "target_country": "Korea",
        "target_ticker": "001750"
      },
      {
        "source": "LG에너지솔루션",
        "target": "신영증권",
        "relation_type": "파트너",
        "relation_reason": "LG에너지솔루션 청약 물량 보유",
        "source_is_listed": true,
        "source_country": "Korea",
        "source_ticker": "373220",
        "target_is_listed": true,
        "target_country": "Korea",
        "target_ticker": "001720"
      }
    ]
  }
}