{
  "title": "삼성SDS 컨소시엄 국가AI컴퓨팅 입찰",
  "description": "삼성SDS 컨소시엄 국가AI컴퓨팅 입찰, 네이버·카카오·KT와 협력 전남 해남 솔라시도에 센터 구축",
  "content": "삼성SDS가 네이버 카카오, KT와 함께 국가AI컴퓨팅센터 사업 수주에 뛰어들었다. 21일 인공지능(AI) 업계에 따르면 삼성SDS는 이 같은 컨소시엄을 구성해 정부가 추진 중인 국가AI컴퓨팅센터 사업 공모에 단독으로 참여했다.\n\n과학기술정보통신부가 주도하는 국가AI컴퓨팅센터의 총사업비는 2조5000억원 규모다. 2028년까지 그래픽처리장치(GPU) 1만5000개, 2030년까지 5만 개 이상을 확보하는 것이 목표다. 산업계와 스타트업, 학계와 연구소 등에 AI 학습 및 추론 자원으로 개방할 예정이다.\n\n삼성SDS의 입찰 참여는 과기정통부가 공모 조건을 전면 조정해 민간 주도형 구조로 사업을 개편하며 이뤄졌다. 과기정통부는 앞서 지난 5월과 6월 진행한 두 차례 공모에서 투자 대비 수익성이 적다는 이유로 기업들의 외면을 받았다. 과기정통부는 기획재정부 등과 협의를 거쳐 지난달 당초 공모 조건인 공공 51%, 민간 49% 지분 구조를 바꿨다. 구조를 공공 30% 미만, 민간 70% 초과로 조정했다. 기업에 또 다른 부담으로 지적됐던 매수청구권 조항은 삭제했다. 세액공제율도 기존 1~10%에서 최대 25%까지 확대했다. 국산 AI 반도체(NPU) 의무 도입 조항도 없애 참여 기업이 해외 제품을 포함해 자유롭게 GPU와 AI 칩을 선택할 수 있게 됐다. 전문가들은 “성능과 가격 효율성을 기준으로 최적의 인프라 구성을 선택할 수 있게 됐다”고 평가했다.\n\n이번 컨소시엄 구성은 삼성SDS가 각 기업에 직접 참여를 요청하며 이뤄졌다. 컨소시엄은 전남 해남 솔라시도를 사업 후보지로 선정했다.\n\n최지희 기자 mymasaki@hankyung.com",
  "published_at": "2025-10-21T19:21:03+09:00",
  "author": "최지희",
  "image_urls": [],
  "thumbnail_url": "https://static.hankyung.com/img/logo/logo-news-sns.png?v=20201130",
  "content_url": "https://www.hankyung.com/article/2025102137161",
  "publisher": "한국경제",
  "analysis": {
    "companies": {
      "삼성SDS": {
        "original_mention": "삼성SDS",
        "mapped_name": "삼성에스디에스",
        "listing_status": "상장",
        "exchange": "KOSPI",
        "country": "Korea",
        "sentiment": "중립",
        "sentiment_reason": "국가AI컴퓨팅센터 사업 수주에 참여",
        "stock_code": "018260"
      },
      "네이버": {
        "original_mention": "네이버",
        "mapped_name": "NAVER",
        "listing_status": "상장",
        "exchange": "KOSPI",
        "country": "Korea",
        "sentiment": "중립",
        "sentiment_reason": "삼성SDS와 컨소시엄 구성",
        "stock_code": "035420"
      },
      "카카오": {
        "original_mention": "카카오",
        "mapped_name": "카카오",
        "listing_status": "상장",
        "exchange": "KOSPI",
        "country": "Korea",
        "sentiment": "중립",
        "sentiment_reason": "삼성SDS와 컨소시엄 구성",
        "stock_code": "035720"
      },
      "KT": {
        "original_mention": "KT",
        "mapped_name": "케이티",
        "listing_status": "상장",
        "exchange": "KOSPI",
        "country": "Korea",
        "sentiment": "중립",
        "sentiment_reason": "삼성SDS와 컨소시엄 구성",
        "stock_code": "030200"
      }
    },
    "relations": [
      {
        "source": "삼성에스디에스",
        "target": "NAVER",
        "relation_type": "파트너",
        "relation_reason": "국가AI컴퓨팅센터 사업 컨소시엄 구성",
        "source_is_listed": true,
        "source_country": "Korea",
        "source_ticker": "018260",
        "target_is_listed": true,
        "target_country": "Korea",
        "target_ticker": "035420"
      },
      {
        "source": "삼성에스디에스",
        "target": "카카오",
        "relation_type": "파트너",
        "relation_reason": "국가AI컴퓨팅센터 사업 컨소시엄 구성",
        "source_is_listed": true,
        "source_country": "Korea",
        "source_ticker": "018260",
        "target_is_listed": true,
        "target_country": "Korea",
        "target_ticker": "035720"
      },
      {
        "source": "삼성에스디에스",
        "target": "케이티",
        "relation_type": "파트너",
        "relation_reason": "국가AI컴퓨팅센터 사업 컨소시엄 구성",
        "source_is_listed": true,
        "source_country": "Korea",
        "source_ticker": "018260",
        "target_is_listed": true,
        "target_country": "Korea",
        "target_ticker": "030200"
      }
    ]
  }
}