{
  "title": "'AI 게임 엔진 개발' 아폴로스튜디오, 시드 투자 유치 [긱스]",
  "description": "AI 게임 엔진 개발 아폴로스튜디오, 시드 투자 유치, 카카오벤처스·KB인베스트 참여",
  "content": "인공지능(AI) 기반 게임 엔진 개발사 아폴로스튜디오가 시드 투자를 유치했다고 21일 밝혔다. 카카오벤처스와 KB인베스트먼트 등이 참여했다.\n\n아폴로스튜디오는 AI를 활용해 누구나 쉽게 게임을 개발·배포할 수 있는 차세대 AI 게임 엔진 ‘에프원(F-1)’을 만들고 있다. 사용자가 자연어 프롬프트만 입력하면 게임 기획·디자인·개발·배포 전 과정을 자동으로 처리한다. 한 달 안팎이면 완성된 게임을 인스타그램, 유튜브 등 다양한 채널에서 선보일 수 있다. 게임 개발에 필요한 기술 장벽을 대폭 낮췄다는 평가가 나온다.\n\n안혜원 카카오벤처스 선임심사역은 “창업 초기부터 대형 게임사들로부터 주목받고 있는 회사”라며 “AI가 주도하는 글로벌 게임 개발의 표준을 세울 팀이라 확신한다”고 했다. 조성민 아폴로스튜디오 대표는 “누구나 게임을 만들고 공유하는 시대를 열기 위해 기술적 완성도를 높이겠다”고 말했다.\n\n고은이 기자 koko@hankyung.com",
  "published_at": "2025-10-21T17:33:14+09:00",
  "author": "고은이",
  "image_urls": [],
  "thumbnail_url": "https://static.hankyung.com/img/logo/logo-news-sns.png?v=20201130",
  "content_url": "https://www.hankyung.com/article/2025102134561",
  "publisher": "한국경제",
  "analysis": {
    "companies": {
      "아폴로스튜디오": {
        "original_mention": "아폴로스튜디오",
        "mapped_name": "아폴로스튜디오",
        "listing_status": "비상장",
        "exchange": "",
        "country": "Korea",
        "sentiment": "긍정",
        "sentiment_reason": "시드 투자 유치 및 기술적 완성도를 높이겠다는 긍정적인 전망",
        "stock_code": null
      },
      "카카오벤처스": {
        "original_mention": "카카오벤처스",
        "mapped_name": "카카오벤처스",
        "listing_status": "비상장",
        "exchange": "",
        "country": "Korea",
        "sentiment": "중립",
        "sentiment_reason": "투자 참여",
        "stock_code": null
      },
      "KB인베스트먼트": {
        "original_mention": "KB인베스트먼트",
        "mapped_name": "KB금융",
        "listing_status": "상장",
        "exchange": "KOSPI",
        "country": "Korea",
        "sentiment": "중립",
        "sentiment_reason": "투자 참여",
        "stock_code": "105560"
      }
    },
    "relations": [
      {
        "source": "아폴로스튜디오",
        "target": "카카오벤처스",
        "relation_type": "파트너",
        "relation_reason": "카카오벤처스가 아폴로스튜디오에 투자 참여",
        "source_is_listed": false,
        "source_country": "Korea",
        "source_ticker": null,
        "target_is_listed": false,
        "target_country": "Korea",
        "target_ticker": null
      },
      {
        "source": "아폴로스튜디오",
        "target": "KB금융",
        "relation_type": "파트너",
        "relation_reason": "KB인베스트먼트가 아폴로스튜디오에 투자 참여",
        "source_is_listed": false,
        "source_country": "Korea",
        "source_ticker": null,
        "target_is_listed": true,
        "target_country": "Korea",
        "target_ticker": "105560"
      }
    ]
  }
}