{
  "title": "제네시스, 청주에 5번째 전용 전시관 열어",
  "description": "제네시스, 청주에 5번째 전용 전시관 열어, 현대자동차",
  "content": "[IMG]\n\n                            \n                        \n                        제네시스는 비수도권 최초로 충북 청주에 연면적 6953㎡ 규모의 브랜드 전용 전시관을 문 열었다. /제네시스 제공\n                    \n                현대자동차의 고급 브랜드 제네시스가 최근 충북 청주시에 전용 전시관 ‘제네시스 청주’의 문을 열었다. 하남, 강남, 수지, 안성에 이은 국내 다섯 번째 전용 전시관이다.\n\n제네시스 청주는 제네시스의 전 라인업을 직접 보고 시승하는 것은 물론 다양한 전시와 커뮤니티 프로그램을 체험할 수 있는 공간이다. 지상 6층·지하 2층 구조 건물로, 연면적은 제네시스 전시장 중 최대 규모인 6953㎡(약 2103평)에 이른다. 제네시스는 ‘제네시스 청주’를 일반적인 자동차 전시장을 넘어 다양한 문화적·사회적 활동이 펼쳐지는 복합 공간으로 운영할 계획이다.\n\n제네시스 청주는 ‘교감으로 빚은 켜’라는 콘셉트를 바탕으로 디자인됐다. ‘켜’는 ‘겹겹이 쌓이다’와 ‘켜다’의 의미를 동시에 담은 표현으로, 고객과 관계를 맺고 경험을 쌓으며 새로운 문화를 여는 장으로 만들겠다는 뜻을 담았다.\n\n전시장에는 총 10대의 전시 차종과 함께 다양한 몰입형 공간이 조성됐다. 1층에는 고객이 환대받는다는 느낌을 주도록 60m 길이의 나무 캐노피를 설치해했다. 또한 한지와 나무 등의 재료로 구성해 한국적인 미감을 살리고 세계적인 공예 도시인 청주만의 지역성도 강조했다.\n\n건물 안에는 작은 정자와 같은 ‘브랜드 큐브(상담 공간)’가 곳곳에 마련됐다. 제네시스 브랜드의 스토리를 보여줄 수 있는 다양한 전시 공간도 5층에 준비했다. 이곳에서는 개관을 기념해 금속공예 작가 조성호와의 협력 특별전 &lt;시간의 정원&gt;이 7월 6일까지 진행된다. 해당 전시에서는 제네시스 브랜드 철학을 관통하는 장인 정신과 조성호 작가의 시선으로 풀어낸 제네시스 브랜드의 여정 등을 보여준다.\n\n6층에는 다양한 제네시스 커뮤니티 프로그램이 진행되는 ‘커뮤니티 라운지’와 제네시스 오너만을 위한 프라이빗 공간인 ‘오너스 라운지’가 조성됐다. 이와 함께 제네시스는 5층에서 2층으로 내려오며 이어지는 세 개의 계단실에 제네시스가 선보인 콘셉트카의 개발 스토리, 스케치 및 디테일 컷 등을 전시해 고객들이 제네시스가 쌓아온 서사와 흔적을 보다 몰입도 있게 만나볼 수 있도록 했다.\n\n‘제네시스 청주’는 다양한 참여형 프로그램도 운영한다. 청주에서만 경험할 수 있는 ‘지역 특화 시승 프로그램’과 제네시스 오너를 대상으로 주행 팁을 알려주는 ‘오너 일상 주행 시승’, 두 가지 차종을 동일한 주행 환경에서 비교하며 체험할 수 있는 ‘비교 시승’, 롱휠베이스 뒷좌석의 품격있는 공간과 안락함을 체험할 수 있는 ‘VIP석 시승’ 등이 대표적이다. 제네시스 관계자는 “새로운 럭셔리 라이프스타일 경험을 전달하며 브랜드의 철학을 구체화하는 공간이 될 것으로 기대한다”고 밝혔다.\n\n신정은 기자 newyearis@hankyung.com",
  "published_at": "2025-05-19T16:05:40+09:00",
  "author": "신정은",
  "image_urls": [
    "https://img.hankyung.com/photo/202505/AA.40538028.1.jpg"
  ],
  "thumbnail_url": "https://img.hankyung.com/photo/202505/AA.40538028.1.jpg",
  "content_url": "https://www.hankyung.com/article/2025051909531",
  "publisher": "한국경제",
  "analysis": {
    "companies": {
      "제네시스": {
        "original_mention": "제네시스",
        "mapped_name": "현대자동차",
        "listing_status": "상장",
        "exchange": "KOSPI",
        "country": "Korea",
        "sentiment": "긍정",
        "sentiment_reason": "제네시스가 청주에 새로운 전시관을 열어 브랜드 경험을 확장하고 다양한 프로그램을 제공함으로써 긍정적인 브랜드 이미지를 강화하고 있음.",
        "stock_code": "005380"
      }
    },
    "relations": []
  }
}