{
  "title": "\"車·부품 관세 15%로 인하…반도체, 대만보다 불리하지 않게 협상\"",
  "description": "車·부품 관세 15%로 인하…반도체, 대만보다 불리하지 않게 할 것, 한·미 관세협상 타결…이르면 11월부터 적용 日·EU와 같은 관세율 적용 현대차·기아, 年 3조 비용 절감 도요타·폭스바겐 동일선상 경쟁 현대차 품질 혁신으로 승부 韓반도체 기업도 한시름 놓아 삼성, TSMC와 동일관세 적용 구체안 없어…불확실성은 여전",
  "content": "[IMG]\n 이재명 대통령이 29일 한·미 정상회담이 열린 국립경주박물관에서 도널드 트럼프 미국 대통령이 방명록을 작성하는 모습을 보고 있다.  대통령실 제공\">\n                            \n                        \n                        &lt; 경주박물관서 방명록 작성하는 트럼프 &gt; 이재명 대통령이 29일 한·미 정상회담이 열린 국립경주박물관에서 도널드 트럼프 미국 대통령이 방명록을 작성하는 모습을 보고 있다.  대통령실 제공\n                    \n                한·미 양국이 아시아태평양경제협력체(APEC) 정상회의에서 관세 협상 세부 내용에 합의하면서 국내 자동차와 반도체 업계는 한숨을 돌리게 됐다. 일본, 유럽연합(EU)의 15%보다 높은 25%의 관세를 내고 있는 현대자동차·기아는 이번 합의로 연간 3조원가량의 비용을 아낄 수 있을 것으로 분석됐다. 반도체는 최대 경쟁국인 대만보다 불리하지 않은 대우를 받기로 했고, 한국의 새 먹거리인 제네릭(복제약) 등엔 무관세가 적용된다.◇자동차 “연 3조원 아낄 것”자동차 업계는 극적인 한·미 관세 합의의 최대 수혜자다. 현대차와 기아의 지난 2분기 관세 손실액은 1조6142억원에 달한다. 이번 분기엔 이 금액이 2조4000억원으로 늘어날 것으로 추정된다. 지난 7월까지는 관세 부과 전 쌓아놓은 재고를 팔면서 버텼지만 8월부터는 25%의 관세를 그대로 물었기 때문이다. 나이스신용평가는 1년 내내 25%의 관세를 물면 연 8조4000억원의 손실을 볼 것으로 예상했다. 15%의 관세만 내는 일본 도요타(6조2000억원)와 독일 폭스바겐(4조6000억원)을 크게 웃도는 수치다. 15%의 관세율이 적용될 경우 이 비용은 5조3000억원으로 3조1000억원 줄어든다. 도요타나 폭스바겐과 비교해 크게 불리하지 않은 수치다.\n\n인하된 관세율은 다음달 1일 또는 12월 1일부터 적용될 가능성이 높다. 적용 시점은 대미 투자를 위한 특별법이 한국 국회에 법안이 제출되는 달의 1일부터 소급 적용된다. 김용범 대통령실 정책실장은 “한국과 미국의 산업부 장관이 관세 협상 내용에 서명하고, 국회에 설명하는 작업을 끝내자마자 입법 작업이 진행된다”고 말했다.\n\n현대차그룹은 이날 입장문을 내고 “어려운 협상 과정을 거쳐 타결에 이르기까지 헌신적으로 노력한 정부에 감사드린다”며 “관세 영향을 최소화하기 위해 다각적 방안을 추진하는 동시에 기술 혁신 등으로 내실을 더욱 다지겠다”고 설명했다.\n\n자동차 부품업계도 급한 불을 끄게 됐다. 작년 미국 자동차 부품 수출액이 82억2200만달러(약 11조7000억원)에 달하는 만큼 25% 관세시 부품업계가 내야 할 연간 관세 비용이 20억5550만달러(약 2조9000억원)에 이른다. 관세가 15%로 인하되면 12억3330만달러(1조7500억원)으로 줄어들게 된다. 3분기에만 1000억원대 관세 비용을 떠안은 한국타이어와 금호타이어, 넥센타이어 등도 관세 부담을 덜게 됐다.◇반도체는 대만과 비슷하게 대우한국 반도체 기업들은 최대 경쟁국인 대만과 비교해 불리하지 않은 수출 관세를 적용받기로 했다. 현재 대만은 미국과 관세 협상이 끝나지 않아 모든 품목에 20% 관세를 내고 있지만 반도체는 별도 품목으로 분류돼 관세 대상에서 제외됐다. 업계에선 반도체가 대만의 주력 수출 품목이라는 점에서 고율의 관세가 부과될 가능성은 높지 않다고 보고 있다.\n\n삼성전자와 SK하이닉스가 반도체를 미국에 직접 수출하는 비중이 작아 관세 영향이 크지 않을 것이란 분석도 나온다. 한국무역협회에 따르면 올 1분기 메모리반도체 미국 수출액은 5768만달러(약 821억원)로, 같은 기간 메모리 전체 수출액의 0.4%에 그쳤다.\n\n한국 기업이 생산한 반도체는 중국과 대만, 베트남 등에 있는 서버, 폰, PC 조립 업체에 일차적으로 수출된 뒤 미국으로 간다. 예컨대 SK하이닉스의 고대역폭메모리(HBM)가 대만 TSMC 공장에서 인공지능(AI) 가속기로 조립된 다음 미국 데이터센터에 수출되는 식이다. 관세를 내야 하는 주체가 SK하이닉스가 아니라 TSMC라는 얘기다.\n\n다만 미국이 한국기업에 자국에서 생산하는 반도체 비중을 높이라고 요구하는 등 간접적인 압박을 가할 가능성은 남아 있다.\n\n의약품과 목재는 최혜국 대우를 받는다. 또 한국이 강점을 갖고 있는 제네릭 의약품과 항공기 부품, 미국 내에서 생산되지 않은 천연 자원 등은 무관세를 적용받기로 했다.\n\n경주=김우섭/양길성/박의명/하지은 기자 duter@hankyung.com",
  "published_at": "2025-10-29T20:46:56+09:00",
  "author": "김우섭/양길성/박의명/하지은",
  "image_urls": [
    "https://img.hankyung.com/photo/202510/AA.42210506.1.jpg"
  ],
  "thumbnail_url": "https://img.hankyung.com/photo/202510/AA.42210506.1.jpg",
  "content_url": "https://www.hankyung.com/article/2025102911561",
  "publisher": "한국경제",
  "analysis": {
    "companies": {
      "현대자동차": {
        "original_mention": "현대자동차",
        "mapped_name": "현대자동차",
        "listing_status": "상장",
        "exchange": "KOSPI",
        "country": "Korea",
        "sentiment": "긍정",
        "sentiment_reason": "관세 인하로 인한 비용 절감",
        "stock_code": "005380"
      },
      "기아": {
        "original_mention": "기아",
        "mapped_name": "기아",
        "listing_status": "상장",
        "exchange": "KOSPI",
        "country": "Korea",
        "sentiment": "긍정",
        "sentiment_reason": "관세 인하로 인한 비용 절감",
        "stock_code": "000270"
      },
      "삼성전자": {
        "original_mention": "삼성전자",
        "mapped_name": "삼성전자",
        "listing_status": "상장",
        "exchange": "KOSPI",
        "country": "Korea",
        "sentiment": "중립",
        "sentiment_reason": "관세 영향이 크지 않음",
        "stock_code": "005930"
      },
      "SK하이닉스": {
        "original_mention": "SK하이닉스",
        "mapped_name": "SK하이닉스",
        "listing_status": "상장",
        "exchange": "KOSPI",
        "country": "Korea",
        "sentiment": "중립",
        "sentiment_reason": "관세 영향이 크지 않음",
        "stock_code": "000660"
      },
      "나이스신용평가": {
        "original_mention": "나이스신용평가",
        "mapped_name": "NICE평가정보",
        "listing_status": "상장",
        "exchange": "KOSDAQ",
        "country": "Korea",
        "sentiment": "중립",
        "sentiment_reason": "관세 관련 분석 제공",
        "stock_code": "030190"
      },
      "한국타이어": {
        "original_mention": "한국타이어",
        "mapped_name": "한국타이어앤테크놀로지",
        "listing_status": "상장",
        "exchange": "KOSPI",
        "country": "Korea",
        "sentiment": "긍정",
        "sentiment_reason": "관세 부담 감소",
        "stock_code": "161390"
      },
      "금호타이어": {
        "original_mention": "금호타이어",
        "mapped_name": "금호타이어",
        "listing_status": "상장",
        "exchange": "KOSPI",
        "country": "Korea",
        "sentiment": "긍정",
        "sentiment_reason": "관세 부담 감소",
        "stock_code": "073240"
      },
      "넥센타이어": {
        "original_mention": "넥센타이어",
        "mapped_name": "넥센타이어",
        "listing_status": "상장",
        "exchange": "KOSPI",
        "country": "Korea",
        "sentiment": "긍정",
        "sentiment_reason": "관세 부담 감소",
        "stock_code": "002350"
      },
      "도요타": {
        "original_mention": "도요타",
        "mapped_name": "도요타",
        "listing_status": "상장",
        "exchange": "TSE",
        "country": "Japan",
        "sentiment": "중립",
        "sentiment_reason": "관세 인하로 경쟁력 유지",
        "stock_code": "7203"
      },
      "폭스바겐": {
        "original_mention": "폭스바겐",
        "mapped_name": "폭스바겐",
        "listing_status": "상장",
        "exchange": "FWB",
        "country": "Germany",
        "sentiment": "중립",
        "sentiment_reason": "관세 인하로 경쟁력 유지",
        "stock_code": "VOW3"
      },
      "TSMC": {
        "original_mention": "TSMC",
        "mapped_name": "TSMC",
        "listing_status": "상장",
        "exchange": "TSE",
        "country": "Taiwan",
        "sentiment": "중립",
        "sentiment_reason": "관세 부담 없음",
        "stock_code": "2330"
      }
    },
    "relations": [
      {
        "source": "SK하이닉스",
        "target": "TSMC",
        "relation_type": "파트너",
        "relation_reason": "SK하이닉스의 메모리가 TSMC에서 조립됨",
        "source_is_listed": true,
        "source_country": "Korea",
        "source_ticker": "000660",
        "target_is_listed": true,
        "target_country": "Taiwan",
        "target_ticker": "2330"
      }
    ]
  }
}