{
  "title": "현대차 수소차·기아 전기밴 日서 출사표…도요타·BYD·벤츠와 격돌",
  "description": "현대차 수소차·기아 전기밴 日서 출사표…도요타·BYD·벤츠와 격돌, 재팬모빌리티쇼 동시 출격 넥쏘·PV5 앞세워 日心 공략 도요타, 최고급 브랜드 센추리 BYD는 경형 전기차 처음 내놔",
  "content": "[IMG]\n\n                            \n                        \n                        시메기 도시유키 현대자동차 일본법인(HMJ) 법인장(왼쪽)과 정유석 현대차 국내사업본부장(부사장)이 29일 일본 도쿄 빅사이트에서 열린 ‘재팬 모빌리티쇼 2025’에서 ‘디 올 뉴 넥쏘’ 수소전기차를 소개하고 있다. 작은 사진은 기아의 목적기반차량(PBV) ‘PV5’.  /현대차·기아 제공\n                    \n                현대자동차와 기아가 내년 상반기 일본에서 각각 수소차와 전기밴을 출시하며 시장 공략에 나선다. 도요타 등 현지 터줏대감과 일본에서 세를 확장하는 중국 비야디(BYD)에 기술력으로 맞설 계획이다.\n\n현대차는 29일 일본 도쿄 빅사이트에서 열린 ‘재팬모빌리티쇼 2025’에 처음 참가해 수소차 ‘디 올 뉴 넥쏘’를 현지 시장에 최초 공개했다. 신형 넥쏘는 제로백 7.8초의 가속력을 갖췄고 5분 안팎 충전으로 최대 720㎞(국내·18인치 타이어 기준)를 달릴 수 있다. 정유석 현대차 부사장은 “내년 상반기 신형 넥쏘를 일본 시장에 선보일 것”이라고 말했다. 2022년 일본에 재진출한 현대차는 아이오닉 5 등을 앞세워 올해 1~9월 전년 동기 대비 54.3% 늘어난 759대를 판매했다.\n\n\n                    \n                        \n                            \n[IMG]\n\n                            \n                        \n                        \n                    \n                기아는 이날 일본에선 처음으로 목적기반차량(PBV) ‘PV5’를 공개하고, 내년 상반기 전기밴 시장 진출을 선언했다. 기아는 2030년 신차의 30%를 전기차로 채우겠다는 일본 정부 정책에 대응해 현지 진출을 결정했다. 기아는 앞서 일본 종합상사 소지쓰와 현지 판매 계약을 맺었다. 내년 딜러 8곳, 서비스센터 100개 구축을 시작으로 네트워크를 늘릴 계획이다. 김상대 기아 부사장은 “일본에 새로운 모빌리티를 선보인다는 의미가 크다”고 말했다.\n\n세계 1위 도요타는 일본의 국민차 ‘코롤라’ 콘셉트 모델을 공개하고, 코롤라 전기차를 내놓을 방침을 밝혔다. 도요타의 최상위 브랜드 센추리는 오렌지색 쿠페를 선보여 관람객 시선을 사로잡았다. 도요다 아키오 도요타 회장은 이날 “센추리는 일본이 다음 100년을 만들어가는 도전”이라고 강조했다. 일본 2위 업체 혼다는 전기차 시리즈 ‘제로’ 콘셉트카를 최초로 선보였다. 소형 스포츠유틸리티차량(SUV), 중형 SUV, 고급 세단 등 세 개 차종을 2027년 내놓을 계획이다.\n\n이날 행사에선 BYD도 주목받았다. BYD는 경형 전기차 ‘라코’를 처음 내놨다. 내년 여름 출시할 계획이다. 닛산 경형 전기차 ‘사쿠라’의 아성을 무너뜨리겠다는 각오다. BYD는 지난 1~9월 일본에서 전년 동기 대비 59.9% 증가한 2977대를 판매하며 테슬라를 뒤쫓고 있다.\n\n일본 수입차 시장 1위인 메르세데스벤츠는 고성능 브랜드 AMG의 첫 전기차 콘셉트를 공개했다. 벤츠를 뒤쫓는 BMW는 신형 전기차 ‘iX3’를 일본에서 처음 선보였다. 수소 콘셉트카 ‘iX5 하이드로젠’도 전시했다. BMW는 도요타와 ‘수소 동맹’을 맺고 연료전지 시스템을 공동 개발하고 있다.\n\n도쿄=김일규 특파원 black0419@hankyung.com",
  "published_at": "2025-10-29T17:23:46+09:00",
  "author": "김일규",
  "image_urls": [
    "https://img.hankyung.com/photo/202510/AA.42211619.1.jpg",
    "https://img.hankyung.com/photo/202510/AA.42211620.1.jpg"
  ],
  "thumbnail_url": "https://img.hankyung.com/photo/202510/AA.42211619.1.jpg",
  "content_url": "https://www.hankyung.com/article/2025102907571",
  "publisher": "한국경제",
  "analysis": {
    "companies": {
      "현대자동차": {
        "original_mention": "현대차",
        "mapped_name": "현대자동차",
        "listing_status": "상장",
        "exchange": "KOSPI",
        "country": "Korea",
        "sentiment": "긍정",
        "sentiment_reason": "일본 시장에 수소차를 출시하며 시장 공략에 나섬",
        "stock_code": "005380"
      },
      "기아": {
        "original_mention": "기아",
        "mapped_name": "기아",
        "listing_status": "상장",
        "exchange": "KOSPI",
        "country": "Korea",
        "sentiment": "긍정",
        "sentiment_reason": "일본 시장에 전기밴을 출시하며 시장 공략에 나섬",
        "stock_code": "000270"
      },
      "도요타": {
        "original_mention": "도요타",
        "mapped_name": "도요타",
        "listing_status": "상장",
        "exchange": "TSE",
        "country": "Japan",
        "sentiment": "중립",
        "sentiment_reason": "일본 시장에서 전기차 모델을 공개",
        "stock_code": "7203"
      },
      "BYD": {
        "original_mention": "BYD",
        "mapped_name": "BYD",
        "listing_status": "상장",
        "exchange": "HKEX",
        "country": "China",
        "sentiment": "중립",
        "sentiment_reason": "일본 시장에서 전기차 판매 증가",
        "stock_code": "1211"
      },
      "메르세데스벤츠": {
        "original_mention": "메르세데스벤츠",
        "mapped_name": "메르세데스벤츠",
        "listing_status": "상장",
        "exchange": "FWB",
        "country": "Germany",
        "sentiment": "중립",
        "sentiment_reason": "일본 시장에서 전기차 콘셉트를 공개",
        "stock_code": "DAI"
      },
      "BMW": {
        "original_mention": "BMW",
        "mapped_name": "BMW",
        "listing_status": "상장",
        "exchange": "FWB",
        "country": "Germany",
        "sentiment": "중립",
        "sentiment_reason": "일본 시장에서 전기차와 수소 콘셉트카를 공개",
        "stock_code": "BMW"
      }
    },
    "relations": [
      {
        "source": "현대자동차",
        "target": "기아",
        "relation_type": "파트너",
        "relation_reason": "일본 시장에서 각각 수소차와 전기밴을 출시하며 시장 공략",
        "source_is_listed": true,
        "source_country": "Korea",
        "source_ticker": "005380",
        "target_is_listed": true,
        "target_country": "Korea",
        "target_ticker": "000270"
      },
      {
        "source": "도요타",
        "target": "BMW",
        "relation_type": "파트너",
        "relation_reason": "수소 동맹을 맺고 연료전지 시스템을 공동 개발",
        "source_is_listed": true,
        "source_country": "Japan",
        "source_ticker": "7203",
        "target_is_listed": true,
        "target_country": "Germany",
        "target_ticker": "BMW"
      }
    ]
  }
}