{
  "title": "인도 힘주는 현대모비스 R&D 센터 확대 개편…'인도 실리콘밸리'에 통합 거점",
  "description": "인도 힘주는 현대모비스…R&D 센터 확대 개편, 인도 실리콘밸리에 통합 거점",
  "content": "[IMG]\n\n                            \n                        \n                        \n                    \n                현대모비스가 인도 권역의 고부가가치 차량 수요 증가에 맞춰 인도연구소를 차량용 소프트웨어(SW) 연구개발(R&amp;D) 특화 거점으로 확대 개편했다.\n\n현대모비스는 인도 텔랑가나주 하이데라바드에 SW 전문 연구 거점을 통합해 문을 열었다고 7일 밝혔다. 기존 연구소 두 곳을 합친 것으로 현대모비스는 2007년 인도연구소를 설립하고, 2020년 제2연구소를 구축해 운영해 왔다. 두 곳 모두 하이데라바드에 있다.\n\n통합 R&amp;D센터는 2만4000㎡(연면적) 규모로 부지 내 10층 건물에 연구 공간과 데이터센터 ,시험실, 교육실, 협력사 업무 공간, 휴게 시설 등을 갖췄다. 하이데라바드는 인도의 실리콘밸리로 불리는 지역으로 글로벌 주요 정보기술(IT) 기업과의 협업이 쉽고 엔지니어 확보에도 유리하다.\n\n인도 자동차 시장 성장성은 밝다. 인도자동차제조업협회에 따르면 지난해 인도의 신차 판매량은 520만 대로 중국, 미국에 이은 세계 3위다. 2028년에는 620만 대로 증가할 것으로 전망된다. 특히 전기차와 스포츠유틸리티차량(SUV) 판매가 늘면서 차에 들어가는 대형 디스플레이와 첨단운전자보조시스템(ADAS) 같은 자율주행 2단계 신기능 적용이 활발해지고 있다.\n\n현대모비스는 인도 통합 R&amp;D센터를 독자적인 사업 역량을 갖춘 글로벌 SW 허브로 육성하고 해외 완성차 업체를 대상으로 통합 솔루션을 제공하는 전진기지로 활용한다는 전략이다. 1000명 수준인 연구 인력도 확충한다.\n\n현지 차종 SW 자체 개발과 인공지능(AI) 도입을 통한 생산성 효율화 등도 추진한다.\n\n김보형 기자 kph21c@hankyung.com",
  "published_at": "2025-04-07T18:05:49+09:00",
  "author": "김보형",
  "image_urls": [
    "https://img.hankyung.com/photo/202504/AA.40078202.1.jpg"
  ],
  "thumbnail_url": "https://static.hankyung.com/img/logo/logo-news-sns.png?v=20201130",
  "content_url": "https://www.hankyung.com/article/2025040760601",
  "publisher": "한국경제",
  "analysis": {
    "companies": {
      "현대모비스": {
        "original_mention": "현대모비스",
        "mapped_name": "현대모비스",
        "listing_status": "상장",
        "exchange": "KOSPI",
        "country": "Korea",
        "sentiment": "긍정",
        "sentiment_reason": "인도 R&D 센터 확대 개편 및 글로벌 SW 허브로 육성 계획 발표",
        "stock_code": "012330"
      }
    },
    "relations": []
  }
}