{
  "title": "'넷제로' 속도내는 현대모비스, 친환경 소재 車부품 생산 확대",
  "description": "넷제로 속도내는 현대모비스, 친환경 소재 車부품 생산 확대, 저탄소 알루미늄 1.5만t 확보 강화된 유럽 환경 규제 대응",
  "content": "현대모비스가 태양광 에너지로 만든 저탄소 알루미늄을 자동차 부품 제조에 사용한다. 2045년까지 목표로 제시한 ‘넷 제로’(Net-Zero·탄소 중립) 달성을 위해서다.\n\n\n                    \n                        \n                            \n[IMG]\n\n                            \n                        \n                        \n                    \n                현대모비스는 글로벌 알루미늄 생산기업 에미리트글로벌알루미늄(EGA)과 저탄소 알루미늄 1만5000t 공급 계약을 맺었다고 2일 밝혔다. 이번에 확보한 알루미늄은 현대모비스가 지난해 구매한 알루미늄 전체 물량의 22% 수준으로 620억원 규모다. 알루미늄은 전기차 등 모빌리티 경량화를 위한 핵심 소재다. 일반적으로 알루미늄 1t을 생산할 때 정련과 제련, 주조 공정에서 16.5t가량의 탄소가 배출된다. EGA가 태양광 에너지를 활용해 생산하는 저탄소 알루미늄 제품은 탄소 배출량이 4t에 그친다. 일반 알루미늄 대비 4분의 1 이상 탄소 감축 효과가 있다.\n\n현대모비스는 저탄소 알루미늄을 섀시 등 주요 부품에 활용해 유럽연합(EU) 탄소국경조정제도(CBAM) 등 환경 법규에 대응한다는 구상이다. CBAM은 EU로 수입되는 제품의 탄소 배출량을 산정해 비용을 부과하는 제도다. 탄소 집약적 제품인 철강, 알루미늄, 전기, 비료, 시멘트, 수소 등 6개 품목이 대상이다.\n\n내년부터 EU가 CBAM을 시행할 방침인 가운데 현대모비스는 이번 물량 확보로 규제에 따른 영향을 최소화할 수 있을 것으로 기대된다. 현대모비스는 올 상반기 EGA와 전략적 파트너십을 맺고 안정적이고 체계적인 저탄소 알루미늄 물량 확보를 추진할 계획이다. 이선우 현대모비스 구매담당(전무)은 “원자재 조달 단계부터 환경친화적 공급망을 구축해 글로벌 환경 규제에 선제적으로 대응하겠다”고 말했다.\n\n김보형 기자 kph21c@hankyung.com",
  "published_at": "2025-04-02T18:15:15+09:00",
  "author": "김보형",
  "image_urls": [
    "https://img.hankyung.com/photo/202504/AA.40025647.1.jpg"
  ],
  "thumbnail_url": "https://img.hankyung.com/photo/202504/AA.40025647.1.jpg",
  "content_url": "https://www.hankyung.com/article/2025040264741",
  "publisher": "한국경제",
  "analysis": {
    "companies": {
      "현대모비스": {
        "original_mention": "현대모비스",
        "mapped_name": "현대모비스",
        "listing_status": "상장",
        "exchange": "KOSPI",
        "country": "Korea",
        "sentiment": "긍정",
        "sentiment_reason": "친환경 소재 사용 확대 및 탄소 중립 목표 달성을 위한 노력",
        "stock_code": "012330"
      },
      "에미리트글로벌알루미늄": {
        "original_mention": "에미리트글로벌알루미늄",
        "mapped_name": "에미리트글로벌알루미늄",
        "listing_status": "비상장",
        "exchange": "",
        "country": "Other",
        "sentiment": "중립",
        "sentiment_reason": "저탄소 알루미늄 공급 계약 체결",
        "stock_code": null
      }
    },
    "relations": [
      {
        "source": "현대모비스",
        "target": "에미리트글로벌알루미늄",
        "relation_type": "파트너",
        "relation_reason": "저탄소 알루미늄 공급 계약 및 전략적 파트너십 체결",
        "source_is_listed": true,
        "source_country": "Korea",
        "source_ticker": "012330",
        "target_is_listed": false,
        "target_country": "Other",
        "target_ticker": null
      }
    ]
  }
}