{
  "title": "KB금융, 해외 진출 건설기계·중장비 금융지원",
  "description": "KB금융, 해외 진출 건설기계·중장비 금융지원, HD현대사이트솔루션과 협약",
  "content": "KB금융그룹은 HD현대사이트솔루션과 ‘글로벌 파이낸싱 포괄적 상호협력 업무협약(MOU)’을 체결했다고 5일 발표했다. 이번 협약은 두 회사가 해외 건설기계 시장을 겨냥해 금융 지원 협업 모델을 구축하기 위해 이뤄졌다.\n\nKB금융과 HD현대사이트솔루션은 건설기계·중장비산업 전반에서 판매와 금융이 유기적으로 결합한 새로운 협력 모델을 구축하기로 했다. 이번 협약을 계기로 글로벌 지역별 맞춤형 금융상품을 함께 기획하고 리스크 관리 체계도 공동으로 구축한다. 또 해외 계열사와의 협업체계 수립 등을 추진하기로 했다.\n\nKB금융은 소매금융, 보험, 재고금융 등 다양한 금융서비스를 제공하고, 판매 과정 전반에서 HD현대사이트솔루션이 자금 부담을 줄일 수 있도록 맞춤형 솔루션을 내놓을 예정이다. 두 회사는 또 현지 시장의 특성과 수요에 부합하는 상품 구조를 설계하기로 했다.\n\n정의진 기자 justjin@hankyung.com",
  "published_at": "2025-09-05T17:29:29+09:00",
  "author": "정의진",
  "image_urls": [],
  "thumbnail_url": "https://static.hankyung.com/img/logo/logo-news-sns.png?v=20201130",
  "content_url": "https://www.hankyung.com/article/2025090561031",
  "publisher": "한국경제",
  "analysis": {
    "companies": {
      "KB금융": {
        "original_mention": "KB금융",
        "mapped_name": "KB금융",
        "listing_status": "상장",
        "exchange": "Korea Exchange",
        "country": "Korea",
        "sentiment": "긍정",
        "sentiment_reason": "HD현대사이트솔루션과의 협력을 통해 해외 진출을 확대하고 금융 지원을 강화하려는 긍정적인 움직임.",
        "stock_code": "105560"
      },
      "HD현대사이트솔루션": {
        "original_mention": "HD현대사이트솔루션",
        "mapped_name": "HD현대사이트솔루션",
        "listing_status": "비상장",
        "exchange": "",
        "country": "Korea",
        "sentiment": "긍정",
        "sentiment_reason": "KB금융과의 협력을 통해 자금 부담을 줄이고 해외 시장 진출을 강화하려는 긍정적인 움직임.",
        "stock_code": null
      }
    },
    "relations": [
      {
        "source": "KB금융",
        "target": "HD현대사이트솔루션",
        "relation_type": "파트너",
        "relation_reason": "글로벌 파이낸싱 포괄적 상호협력 업무협약 체결.",
        "source_is_listed": true,
        "source_country": "Korea",
        "source_ticker": "105560",
        "target_is_listed": false,
        "target_country": "Korea",
        "target_ticker": null
      }
    ]
  }
}