{
  "title": "산단 싼 전기 사지 말라니…'RE100' 막는 전력구매제",
  "description": "싼 산단전기 사지 말라니…RE100 막는 전력구매제, 재생에너지 구매 뒤 부족 전력 한전보다 저렴한 구역전기 못사",
  "content": "[IMG]\n\n                            \n                        \n                        \n                    \n                정부가 ‘RE100(재생에너지 100% 사용) 산업단지’ 조성을 국정과제 1호로 추진 중인 가운데 정작 기존 산단에서는 전력구매제도의 모순으로 기업들이 RE100 이행에 어려움을 겪는 것으로 파악됐다. \n\n21일 업계에 따르면 포스코인터내셔널은 올해 초 전남 광양 국가산단에서 구역전기사업에 뛰어들었지만 막상 같은 산단에 입주한 포스코 등에 전기를 팔 수 없는 상황에 처했다. 구역전기사업은 산단 등 특정 구역 안에서만 전기를 판매하는 제도다. 산단형 사업의 경우 한국전력보다 5~30% 정도 싼 가격에 전기를 팔 수 있다.\n\n문제는 기업이 RE100을 이행하기 위해 전기 일부를 재생에너지 전력직접구매계약(PPA)으로 조달할 때 발생한다. 현재 법령상(직접 PPA 고시) 재생에너지를 구매하고 ‘모자란 전기’(부족 전력)는 구역전기사업자에게 살 수 없고, 한전이나 전력시장에서만 구매할 수 있기 때문이다.\n\n유승훈 서울과학기술대 교수는 “지금 구조라면 RE100을 이행하지 않는 기업만 전기를 싸게 살 수 있는 셈”이라고 지적했다.\n\n김리안/안시욱 기자 knra@hankyung.com",
  "published_at": "2025-07-21T18:11:46+09:00",
  "author": "김리안/안시욱",
  "image_urls": [
    "https://img.hankyung.com/photo/202507/AA.41183030.1.jpg"
  ],
  "thumbnail_url": "https://img.hankyung.com/photo/202507/AA.41183030.1.jpg",
  "content_url": "https://www.hankyung.com/article/2025072127351",
  "publisher": "한국경제",
  "analysis": {
    "companies": {
      "포스코인터내셔널": {
        "original_mention": "포스코인터내셔널",
        "mapped_name": "포스코인터내셔널",
        "listing_status": "상장",
        "exchange": "Korea Exchange",
        "country": "Korea",
        "sentiment": "중립",
        "sentiment_reason": "기사에서 RE100 이행에 어려움을 겪고 있는 상황을 설명하고 있음",
        "stock_code": "047050"
      },
      "포스코": {
        "original_mention": "포스코",
        "mapped_name": "포스코DX",
        "listing_status": "상장",
        "exchange": "Korea Exchange",
        "country": "Korea",
        "sentiment": "중립",
        "sentiment_reason": "기사에서 RE100 이행에 어려움을 겪고 있는 상황을 설명하고 있음",
        "stock_code": "022100"
      },
      "한국전력": {
        "original_mention": "한국전력",
        "mapped_name": "한국전력공사",
        "listing_status": "상장",
        "exchange": "Korea Exchange",
        "country": "Korea",
        "sentiment": "중립",
        "sentiment_reason": "기사에서 전력구매제도의 모순을 설명하고 있음",
        "stock_code": "015760"
      }
    },
    "relations": [
      {
        "source": "포스코인터내셔널",
        "target": "포스코DX",
        "relation_type": "고객사",
        "relation_reason": "포스코인터내셔널이 포스코에 전기를 팔 수 없는 상황",
        "source_is_listed": true,
        "source_country": "Korea",
        "source_ticker": "047050",
        "target_is_listed": true,
        "target_country": "Korea",
        "target_ticker": "022100"
      }
    ]
  }
}