{
  "title": "두산에너빌리티 AI 솔루션, 포스코 포항 제철소에 적용",
  "description": "두산에너빌리티 AI 솔루션, 포스코 포항 제철소에 적용, 김우섭 기자, 경제",
  "content": "두산에너빌리티가 자체 개발한 인공지능(AI) 솔루션을 철강 분야에도 적용하기로 했다. 두산에너빌리티는 철강 및 환경에너지 기술 연구기관인 포항산업과학연구원(RIST)과 ‘소결공정 AI 적용을 위한 데이터 분석 용역’ 계약을 맺었다고 8일 발표했다.\n\n소결은 고체 가루에 열과 압력을 가해 입자를 결합해 하나의 덩어리로 만드는 기술이다. 제철소에서 쇳물을 생산하기 전 소결공정을 통해 불균일한 철광석을 크기가 균일한 소결광으로 만든다. 이번 계약으로 두산에너빌리티는 RIST와 포스코 포항제철소 내 소결 설비 데이터를 기반으로 AI 운전 적용성을 올해 12월까지 분석할 예정이다. RIST는 포스코가 전액 출연해 설립한 연구기관으로 그룹 내 다양한 핵심 미래 사업을 수행하고 있다.\n\n두산에너빌리티는 2013년부터 데이터분석팀, 디지털솔루션팀 등으로 구성된 디지털 이노베이션 조직을 운영하고 있다.\n\n김우섭 기자 duter@hankyung.com",
  "published_at": "2024-07-08T17:18:26+09:00",
  "author": "김우섭",
  "image_urls": [],
  "thumbnail_url": "https://static.hankyung.com/img/logo/logo-news-sns.png?v=20201130",
  "content_url": "https://www.hankyung.com/article/2024070898461",
  "publisher": "한국경제",
  "analysis": {
    "companies": {
      "두산에너빌리티": {
        "original_mention": "두산에너빌리티",
        "mapped_name": "두산에너빌리티",
        "listing_status": "상장",
        "exchange": "",
        "country": "Korea",
        "sentiment": "긍정",
        "sentiment_reason": "AI 솔루션을 철강 분야에 적용하여 기술 확장을 시도함",
        "stock_code": null
      },
      "포스코": {
        "original_mention": "포스코",
        "mapped_name": "포스코",
        "listing_status": "상장",
        "exchange": "",
        "country": "Korea",
        "sentiment": "중립",
        "sentiment_reason": "AI 솔루션 적용을 위한 협력 대상",
        "stock_code": null
      }
    },
    "relations": [
      {
        "source": "두산에너빌리티",
        "target": "포스코",
        "relation_type": "파트너",
        "relation_reason": "AI 솔루션 적용을 위한 협력",
        "source_is_listed": true,
        "source_country": "Korea",
        "source_ticker": null,
        "target_is_listed": true,
        "target_country": "Korea",
        "target_ticker": null
      }
    ]
  }
}