{
  "title": "\"국민연금 개입이 기업가치 더 끌어내린다\"…포스코·금융지주 등 기업 반발",
  "description": "국민연금 개입이 기업가치 더 끌어내린다…포스코·금융지주 등 기업 반발, 이사회·주총 거쳤는데 문제삼아 정권 바뀔때마다 CEO물갈이하나 경영 공백 우려…인사·투자 지연",
  "content": "기업들은 국민연금의 과도한 경영 개입으로 기업 경영 공백이 길어지고 기업 가치도 떨어질 수 있다고 반발하고 있다. 재계 한 관계자는 “국민연금은 주주권 행사를 강조하지만, 다른 투자자 입장에선 각 기업의 최고경영자(CEO)가 언제든지 교체될 수 있다는 리스크가 더 커지는 것”이라고 지적했다.\n\n\n                    \n                        \n                            \n[IMG]\n\n                            \n                        \n                        \n                    \n                국민연금이 타깃으로 삼은 KT와 포스코는 적극적인 조직개편과 인사가 사실상 중단됐다. KT는 당초 구현모 대표의 연임을 전제로 연내 조직개편 및 인사를 마무리할 계획이었던 것으로 알려졌다.\n\n하지만 연임 여부가 논란의 대상이 되면서 계열사 CEO와 임원 인사가 늦어지는 ‘리더십 부재’ 상황에 빠져들고 있다. 적극적인 투자 판단이나 의사결정이 어려울 수밖에 없다.\n\nKT 관계자는 “20년 전 민영화 후 수장 대부분이 불명예 퇴진의 길을 걸었던 점을 떠 올릴 수밖에 없다”며 “경영 실적이 아무리 좋아도 정권이 바뀌면 교체되는 CEO를 믿고 투자할 사람이 있겠느냐”고 말했다.\n\n지난해 3월 연임이 확정된 최정우 포스코그룹 회장도 이사회 결정과 관계없이 정치권 및 시민단체를 중심으로 퇴진 요구가 잇따르고 있다. 2000년 민영화된 포스코그룹의 역대 회장들은 정권이 교체될 때마다 예외 없이 임기를 남기고 사퇴했다. 포스코그룹 지주사 포스코홀딩스의 최대 주주는 국민연금공단으로, 지분 8.5%를 보유하고 있다.\n\n최 회장은 지난 27일 2명의 주요 계열사 사장을 교체하는 소폭 인사만 단행한 뒤 후속 정기 임원 인사를 내년 1월로 미뤘다. 대외적으로는 포항제철소가 태풍 피해 복구 중인 점을 감안했다고 설명하고 있지만 여전히 불안 요인이 남아 있기 때문이라는 게 업계 전언이다.\n\n금융그룹들도 걱정이 태산이다. 국민연금은 KB금융지주(7.94%) 신한금융지주(8.49%) 하나금융지주(8.4%)의 최대 주주이고 우리금융지주(7.86%)와 BNK금융지주(9.19%)의 2대 주주이기도 하다. 특히 내년 3월 임기가 끝나는 손태승 우리금융 회장의 연임에 정부가 부정적인 의견을 내면서 우리금융 내부는 어수선한 상황이다.\n\n통상 회장 임기 마지막 해에는 임원후보추천위원회에서 회장 연임 또는 교체 여부를 정하고 자회사대표이사후보추천위원회를 열어 계열사 CEO를 결정한다. 그러나 손 회장의 거취 결정이 내년 1월로 연기되면서 임추위는 미뤄지고 있다. 국내 4대 금융지주 가운데 자회사 CEO 인사를 마무리짓지 못한 곳은 우리금융이 유일하다.\n\n금융권 고위 관계자는 “내년에는 경제 불확실성이 커질 것으로 예상되는 만큼 하루빨리 진용을 갖춰 대응해도 모자라는데, 리더십 공백 상태로 기업가치 하락이 우려되고 있다”고 꼬집었다.\n\n이상은/강경민/박상용 기자 selee@hankyung.com",
  "published_at": "2022-12-29T18:37:45+09:00",
  "author": "이상은/강경민/박상용",
  "image_urls": [
    "https://img.hankyung.com/photo/202212/AA.32241027.1.jpg"
  ],
  "thumbnail_url": "https://img.hankyung.com/photo/202212/AA.32241027.1.jpg",
  "content_url": "https://www.hankyung.com/article/2022122999601",
  "publisher": "한국경제",
  "analysis": {
    "companies": {
      "국민연금공단": {
        "original_mention": "국민연금",
        "mapped_name": "국민연금공단",
        "listing_status": "비상장",
        "exchange": "",
        "country": "Korea",
        "sentiment": "부정",
        "sentiment_reason": "과도한 경영 개입으로 인한 기업 경영 공백과 가치 하락 우려",
        "stock_code": null
      },
      "KT": {
        "original_mention": "KT",
        "mapped_name": "KT",
        "listing_status": "상장",
        "exchange": "KOSPI",
        "country": "Korea",
        "sentiment": "부정",
        "sentiment_reason": "경영 실적과 관계없이 CEO 교체 리스크 증가",
        "stock_code": "030200"
      },
      "포스코홀딩스": {
        "original_mention": "포스코",
        "mapped_name": "포스코홀딩스",
        "listing_status": "상장",
        "exchange": "KOSPI",
        "country": "Korea",
        "sentiment": "부정",
        "sentiment_reason": "정권 교체 시 CEO 교체 요구 증가",
        "stock_code": "005490"
      },
      "KB금융": {
        "original_mention": "KB금융지주",
        "mapped_name": "KB금융",
        "listing_status": "상장",
        "exchange": "KOSPI",
        "country": "Korea",
        "sentiment": "부정",
        "sentiment_reason": "국민연금의 최대 주주로서의 영향력 증가로 인한 경영 불확실성",
        "stock_code": "105560"
      },
      "신한지주": {
        "original_mention": "신한금융지주",
        "mapped_name": "신한지주",
        "listing_status": "상장",
        "exchange": "KOSPI",
        "country": "Korea",
        "sentiment": "부정",
        "sentiment_reason": "국민연금의 최대 주주로서의 영향력 증가로 인한 경영 불확실성",
        "stock_code": "055550"
      },
      "하나금융지주": {
        "original_mention": "하나금융지주",
        "mapped_name": "하나금융지주",
        "listing_status": "상장",
        "exchange": "KOSPI",
        "country": "Korea",
        "sentiment": "부정",
        "sentiment_reason": "국민연금의 최대 주주로서의 영향력 증가로 인한 경영 불확실성",
        "stock_code": "086790"
      },
      "우리금융지주": {
        "original_mention": "우리금융지주",
        "mapped_name": "우리금융지주",
        "listing_status": "상장",
        "exchange": "KOSPI",
        "country": "Korea",
        "sentiment": "부정",
        "sentiment_reason": "CEO 연임 여부 불확실성으로 인한 경영 불확실성",
        "stock_code": "316140"
      },
      "BNK금융지주": {
        "original_mention": "BNK금융지주",
        "mapped_name": "BNK금융지주",
        "listing_status": "상장",
        "exchange": "KOSPI",
        "country": "Korea",
        "sentiment": "부정",
        "sentiment_reason": "국민연금의 2대 주주로서의 영향력 증가로 인한 경영 불확실성",
        "stock_code": "138930"
      }
    },
    "relations": [
      {
        "source": "국민연금공단",
        "target": "KT",
        "relation_type": "주주",
        "relation_reason": "국민연금이 KT의 주요 주주로서 경영에 영향력을 행사",
        "source_is_listed": false,
        "source_country": "Korea",
        "source_ticker": null,
        "target_is_listed": true,
        "target_country": "Korea",
        "target_ticker": "030200"
      },
      {
        "source": "국민연금공단",
        "target": "포스코홀딩스",
        "relation_type": "주주",
        "relation_reason": "국민연금이 포스코홀딩스의 최대 주주로서 경영에 영향력을 행사",
        "source_is_listed": false,
        "source_country": "Korea",
        "source_ticker": null,
        "target_is_listed": true,
        "target_country": "Korea",
        "target_ticker": "005490"
      },
      {
        "source": "국민연금공단",
        "target": "KB금융",
        "relation_type": "주주",
        "relation_reason": "국민연금이 KB금융의 최대 주주로서 경영에 영향력을 행사",
        "source_is_listed": false,
        "source_country": "Korea",
        "source_ticker": null,
        "target_is_listed": true,
        "target_country": "Korea",
        "target_ticker": "105560"
      },
      {
        "source": "국민연금공단",
        "target": "신한지주",
        "relation_type": "주주",
        "relation_reason": "국민연금이 신한지주의 최대 주주로서 경영에 영향력을 행사",
        "source_is_listed": false,
        "source_country": "Korea",
        "source_ticker": null,
        "target_is_listed": true,
        "target_country": "Korea",
        "target_ticker": "055550"
      },
      {
        "source": "국민연금공단",
        "target": "하나금융지주",
        "relation_type": "주주",
        "relation_reason": "국민연금이 하나금융지주의 최대 주주로서 경영에 영향력을 행사",
        "source_is_listed": false,
        "source_country": "Korea",
        "source_ticker": null,
        "target_is_listed": true,
        "target_country": "Korea",
        "target_ticker": "086790"
      },
      {
        "source": "국민연금공단",
        "target": "우리금융지주",
        "relation_type": "주주",
        "relation_reason": "국민연금이 우리금융지주의 2대 주주로서 경영에 영향력을 행사",
        "source_is_listed": false,
        "source_country": "Korea",
        "source_ticker": null,
        "target_is_listed": true,
        "target_country": "Korea",
        "target_ticker": "316140"
      },
      {
        "source": "국민연금공단",
        "target": "BNK금융지주",
        "relation_type": "주주",
        "relation_reason": "국민연금이 BNK금융지주의 2대 주주로서 경영에 영향력을 행사",
        "source_is_listed": false,
        "source_country": "Korea",
        "source_ticker": null,
        "target_is_listed": true,
        "target_country": "Korea",
        "target_ticker": "138930"
      }
    ]
  }
}