{
  "title": "[인사] 대신파이낸셜그룹 ; 하나금융그룹 ; 한국투자금융지주그룹 등",
  "description": "대신파이낸셜그룹 ; 하나금융그룹 ; 한국투자금융지주그룹 등, 사회",
  "content": "◈대신파이낸셜그룹◇대신증권◎임명&lt;이사대우(영업점장)&gt;▷상무WM센터 김두형◎신규 선임&lt;영업점장&gt;▷수원지점 김용선▷대구센터 황애자▷동대구WM센터 마승희▷전주지점 김광민▷순천WM센터 이승주&lt;부서장&gt;▷업무개발부 지창성▷정보보호부 김덕호▷ECM본부 편도영▷법무지원부 홍경택◎전보&lt;영업점장&gt;▷송도WM센터 윤용광▷사당WM센터 김덕웅▷오산센터 서신영▷청주지점 오용진▷천안센터 고성곤▷목포지점 김준희&lt;부서장&gt;▷기획실장 송하영▷디지털마케팅부 박환기◇대신자산운용◎임명&lt;이사대우(부서장)&gt;▷채권운용본부 임동영◎신규 선임&lt;부서장&gt;▷리스크관리본부 배창범◇대신에프앤아이◎신규 선임&lt;부서장&gt;▷부동산금융1부 권태화▷부동산금융2부 김태중◇대신저축은행◎임명&lt;이사대우(부서장)&gt;▷전략금융부 이재민◎신규 선임&lt;영업점장&gt;▷역삼지점 안제현&lt;부서장&gt;▷경영기획부 김주한▷영업기획부 박성수◎전보&lt;영업점장&gt;▷영업부 유지승&lt;부서장&gt;▷감사부 이남성◇대신자산신탁◎신규 선임&lt;부서장&gt;▷신탁3본부 이세종▷도시정비사업본부 김동현▷영업2본부 옥승재◇대신경제연구소◎임명&lt;이사대우(부서장)&gt;▷전략사업실 양병찬\n\n◈하나금융그룹◇하나금융지주◎임명&lt;부회장&gt;▷미래성장전략부문·그룹전략부문·그룹디지털부문 박성호▷그룹개인금융부문·그룹자산관리부문·그룹CIB부문·그룹지원부문 강성묵&lt;부사장&gt;▷그룹CIB부문 성영수▷그룹개인금융부문 이선용&lt;상무&gt;▷그룹재무총괄 박종무▷그룹글로벌부문 황효구▷그룹브랜드부문 김기홍▷그룹자산관리부문 김영훈▷디지털전략본부 정재욱◎승진&lt;부사장&gt;▷그룹ESG부문 오정택▷경영지원실 이준혁▷그룹인사총괄 김미숙&lt;상무&gt;▷그룹준법감시인 최광일◎전보&lt;부회장&gt;▷그룹글로벌부문·그룹ESG부문·그룹브랜드부문 담당 이은형◇하나은행◎승진&lt;상무&gt;▷자산관리그룹장 김영훈▷영업지원〃 차태근▷글로벌〃 황효구&lt;본부장&gt;▷ICT리빌드본부 계용근▷글로벌사업본부 고영렬▷검사본부 권혁소▷브랜드채널본부 김기홍▷중앙영업그룹소속 김덕순▷〃 김진우▷홍보본부 김창현▷업무지원본부 배준원▷중앙영업그룹소속 서유석▷호남영업그룹소속 우승구▷글로벌영업본부 이병현▷여신관리본부 이영준▷중앙영업그룹소속 이용현▷〃 이윤구▷투자상품본부 이은정▷영남영업그룹소속 이재헌▷중앙영업그룹소속 이혁▷〃 정철▷연금사업본부 조영순▷외환사업본부 진건창▷손님행복본부 홍경택◎전보&lt;부행장&gt;▷디지털그룹장 김소정▷자금시장그룹장 남궁원▷중앙영업그룹대표 전우홍&lt;상무&gt;▷ICT그룹장 박태순▷정보보호본부 이주환&lt;본부장&gt;▷충청영업그룹소속 김세용▷영남〃 김호만▷중앙〃 박영미▷충청〃 이동열▷중앙〃 이동훈▷영남〃 이병직▷중앙〃 이은배▷디지털전략본부 정재욱\n\n◈한국투자금융지주그룹◇한국투자금융지주◎승진&lt;상무&gt;▷RM실장 김용권▷준법지원실장 홍형성▷경영관리담당 김근수▷경영관리담당 유재권◇한국투자증권◎승진&lt;상무&gt;▷디지털본부장 최영목▷PB1본부장 이창호▷PB전략본부장 김도현▷경영지원본부장 이재욱▷운용전략담당 신환종◎신임▷전무 홀세일그룹장 주영근▷상무 홀세일솔루션본부장 김동은▷상무보 에쿼티파생본부장 박태홍▷상무보 IB3본부장 김영우◇한국투자저축은행◎승진▷전무 준법감시인 정성원▷전무 리테일사업본부장 전찬우◎신임▷상무보 IT본부장 김엄상◇한국투자부동산신탁◎신임▷상무보 신탁사업3본부장 박민규◇한국투자신탁운용◎승진▷전무 경영기획총괄 조준환◎신임▷상무 CMO 윤병문\n\n◈한진◎승진&lt;전무&gt;▷박기홍 김현우&lt;상무&gt;▷강영철 윤여노\n\n◈화승그룹◎승진▷화승R&amp;A 부사장 김형진▷화승R&amp;A 상무 김국현▷화승R&amp;A 상무 손영호▷화승코퍼레이션 전무 이성빈▷HSAH 전무 황기영▷화승소재 전무 윤우원▷화승소재 상무 이정일▷화승인더스트리 전무 이찬호▷화승케미칼 이사 김한우▷화승T&amp;C 상무 이문기▷화승네트웍스 상무 정창수\n\n◈HJ중공업◎승진▷상무A 정철상◎임원 선임▷상무보 나승균▷건설부문 상무보 맹인영▷건설부문 〃 정회경▷조선부문 상무보 김보언▷조선부문 〃 박종화\n\n◈이데일리◇이데일리▷편집보도국장 이정훈▷마케팅총괄(상무) 김상헌▷문화부장 강경록◇이데일리엠▷경영총괄(상무보) 이성재▷이코노미스트 편집국장 최은영▷〃 사업국장 오승일▷일간스포츠 연예국장 김은구▷〃 스포츠국장 김성원\n\n◈한국일보▷논설위원 이진희▷논설위원 겸 과학전문기자 임소형▷그래픽뉴스부장 송정근▷산업2부장 겸 기획취재팀장 이영창▷호남취재본부장 박경우▷정책사회부 동물복지전문기자 고은경▷디지털컨버전스팀장 박인혜",
  "published_at": "2022-12-26T18:41:09+09:00",
  "author": "한국경제",
  "image_urls": [],
  "thumbnail_url": "https://static.hankyung.com/img/logo/logo-news-sns.png?v=20201130",
  "content_url": "https://www.hankyung.com/article/2022122621431",
  "publisher": "한국경제",
  "analysis": {
    "companies": {
      "대신파이낸셜그룹": {
        "original_mention": "대신파이낸셜그룹",
        "mapped_name": "대신파이낸셜그룹",
        "listing_status": "비상장",
        "exchange": "",
        "country": "Korea",
        "sentiment": "중립",
        "sentiment_reason": "인사 발표",
        "stock_code": null
      },
      "하나금융그룹": {
        "original_mention": "하나금융그룹",
        "mapped_name": "하나금융그룹",
        "listing_status": "비상장",
        "exchange": "",
        "country": "Korea",
        "sentiment": "중립",
        "sentiment_reason": "인사 발표",
        "stock_code": null
      },
      "한국투자금융지주그룹": {
        "original_mention": "한국투자금융지주그룹",
        "mapped_name": "한국투자금융지주그룹",
        "listing_status": "비상장",
        "exchange": "",
        "country": "Korea",
        "sentiment": "중립",
        "sentiment_reason": "인사 발표",
        "stock_code": null
      },
      "한진": {
        "original_mention": "한진",
        "mapped_name": "한진",
        "listing_status": "상장",
        "exchange": "KOSPI",
        "country": "Korea",
        "sentiment": "중립",
        "sentiment_reason": "인사 발표",
        "stock_code": "002320"
      },
      "화승그룹": {
        "original_mention": "화승그룹",
        "mapped_name": "화승그룹",
        "listing_status": "비상장",
        "exchange": "",
        "country": "Korea",
        "sentiment": "중립",
        "sentiment_reason": "인사 발표",
        "stock_code": null
      },
      "HJ중공업": {
        "original_mention": "HJ중공업",
        "mapped_name": "HJ중공업",
        "listing_status": "상장",
        "exchange": "KOSPI",
        "country": "Korea",
        "sentiment": "중립",
        "sentiment_reason": "인사 발표",
        "stock_code": "097230"
      },
      "이데일리": {
        "original_mention": "이데일리",
        "mapped_name": "이데일리",
        "listing_status": "비상장",
        "exchange": "",
        "country": "Korea",
        "sentiment": "중립",
        "sentiment_reason": "인사 발표",
        "stock_code": null
      },
      "한국일보": {
        "original_mention": "한국일보",
        "mapped_name": "한국일보",
        "listing_status": "비상장",
        "exchange": "",
        "country": "Korea",
        "sentiment": "중립",
        "sentiment_reason": "인사 발표",
        "stock_code": null
      }
    },
    "relations": []
  }
}