{
  "title": "[인사] JB금융지주 ; 우리자산신탁 ; 광주은행 등",
  "description": "JB금융지주 ; 우리자산신탁 ; 광주은행 등, 사회",
  "content": "◈JB금융지주▷부회장 송종욱▷경영지원본부장 김성철▷준법감시인 이광호▷대외협력본부장 최진석▷리스크관리본부장 이승국▷미래성장본부장 박종춘\n\n◈우리자산신탁◎승진&lt;전무&gt;▷신탁4사업본부 정재문&lt;상무&gt;▷신탁2사업본부 최창현◎전보&lt;임원급&gt;▷금융서비스실 상무대우 정혁◎선임&lt;본부장급&gt;▷신탁4사업본부 도시사업팀 본부장 김승정▷신탁5사업본부장 박상권▷경영기획본부 재무회계팀 본부장 서동열▷리스크관리본부 리스크관리팀 본부장 옥경수\n\n◈광주은행◎승진&lt;1급&gt;▷동천동지점 이명인▷첨단금융센터 이상채▷IT기획부 변동하&lt;2급&gt;▷기관영업부 정인성▷논현지점 남신희▷서광주지점 신영수▷순천지점 조규혜▷여수시청로지점 김충식▷영업추진부 김재경▷준법감시부 임석순▷투자금융부 정준영&lt;3급&gt;▷동천동지점 정혜정▷디지털플랫폼부 김민석▷북항지점 김선아▷서동지점 김동훈▷순천지점 이주영▷양림기독병원지점 장재민▷여수지점 양은영▷여신관리부 김승모▷여신기획부 김익정▷여신심사2부 서진형▷역전지점 나은심▷외환사업부 고경윤▷용당동지점 문승희▷인사지원부 김하섭 마형훈▷프로세스혁신부 강경미▷해남지점 박경례▷IT기획부 장진호&lt;4급&gt;▷강남지점 조정탁▷담양지점 한승현▷대치동지점 조순일▷동운지점 문정석▷디지털금융센터 송윤근▷빛가람지점 임성웅▷서울영업부 서인숙▷순천법조타운지점 이화경▷신세계지점 백진우▷신탁연금부 김진아▷양림기독병원지점 백수진▷양산동지점 김주영▷여서동지점 임성실▷여신관리부 김의곤▷여의도지점 이수인▷영광지점 나유진▷영업부 박보람▷외환사업부 김경주▷전남대학교지점 노미성▷종합기획부 임정환▷첨단금융센터 이미희▷카드사업부 이선영▷풍암동지점 김소라▷프로세스혁신부 김소희▷하남공단1금융센터 김주희▷하남공단2금융센터 임태환▷해남지점 김지영▷흑석사거리지점 김미선▷IT개발부 신주형▷IT기획부 김국진▷WM고객부 김윤미&lt;부점장&gt;▷감사부장 남상무▷강진지점장 김종진▷경양로지점장 김태봉▷고객센터장 이호영▷고흥지점장 김희주▷광주시청지점장 강대옥▷금남로지점장 겸 동구청지점장 서경아▷금융소비자보호부장 김우진▷금호동지점장 박진영▷기관영업부장 강홍▷나주지점장 겸 영산포지점장 이연화▷농성동지점장 겸 서구청지점장 박경서▷담양지점장 박영현▷동천동지점장 유정님▷디지털기획부장 박대하▷디지털플랫폼부장 선종윤▷만호마재지점장 김현정▷매곡동지점장 이영숙▷매월동지점장 김재식▷목포지점장 겸 목포시청지점장 김훈▷무안지점장 강효순▷문화동지점장 박은화▷문화전당지점장 김종훈▷봉선동지점장 한미숙▷봉선이마트지점장 박용호▷상무지점장 장용관▷상품개발실장 박문수▷소촌동지점장 김해출▷순천신대지점장 한현주▷신가신창지점장 김규철▷신안동지점장 권택은▷신탁 연금 부장 배인명▷쌍촌동지점장 이재민▷영림기독병원지점장 김순희▷양산동지점장 장명자▷양재지점장 김현성▷여신감리부장 김민수▷여신관리부장 박용진▷여신 심사1부장 유봉재▷여의도지점장 유영학▷연향동지점장 김상용▷영업기획부장 박성숙▷영업추진부장 김두봉▷외환사업부장 이영문▷운암동지점장 백의성▷월곡동지점장 조제완▷율촌 산단지점장 이관연▷인사지원부장 정인성▷일곡동지점장 김재석▷임동지점장 조정섭▷자양동지점장 허철수▷잠실지점장 이선준▷전남대학교지점장 장진희▷전남영업부장 김연기▷조선대학교지점장 강철▷종합기획부장 박성민▷주월지점장 최웅기▷중부지점장 김남귀▷진월동지점장 이명인▷카드사업부장 유동구▷평동공단 금융센터장 문백호▷포용금융센터장 정귀봉▷프로세스혁신 부장 나선진▷하남공단 1 금융센터장 오경재▷하남공단 2 금융센터장 박남규▷학운동지점장 노록곤▷화정지점장 기우태▷ESG 공헌 부장 임환열▷Prime PB 센터장 이선미▷WM 고객부장 김홍화▷여신관리부 개인신용대출관리팀장 김동주▷인사지원부 비서 팀장 김형석▷종합기획부 재무관리팀장 겸 전략기획팀장 박찬진▷WM 고객부 투자상품팀장 박근하\n\n◈경찰청◎승진&lt;경무관&gt;▷부산경찰청 정보화장비과장 박중희▷서울경찰청 홍보담당관 곽병우▷경찰청 감사담당관 김호승▷서울경찰청 경무부 경무기획 유승렬▷경찰청 경비과장 심한철▷경찰청 홍보담당관 김동권▷서울경찰청 경무기획과장 도준수▷서울경찰청 경무부 경무기획 박현수▷경찰청 미래치안정책과장 정창옥▷경찰청 반부패·공공범죄수사과장 송영호▷서울경찰청 안보수사과장 양태언▷경기북부경찰청 경무기획정보화장비과장 유희정▷경기남부경찰청 경무기획과장 김병찬▷서울경찰청 청문감사인권담당관 모상묘▷경찰청 경호과장 박동현▷충북경찰청 충주경찰서장 김철문▷경남경찰청 자치경찰부 정성수▷부산경찰청 수사과장 정성학▷경찰청 복지정책담당관 양영우▷경찰청 과학수사담당관 이종규▷경기북부경찰청 고양경찰서장 김형기▷서울경찰청 제2기동대장 강일원\n\n◈새만금개발청&lt;과장급&gt;▷국제도시과장 천용희\n\n◈한국금융연구원◎승진▷연구위원 김남종\n\n◈한국원자력연구원▷혁신SMR사업단장 김지호\n\n◈한국지능정보사회진흥원&lt;부서장 및 단장급&gt;▷지능데이터본부장 이용진▷공공데이터본부장 정종열▷디지털정부본부장 정준원▷디지털포용본부장 최문실▷운영지원단장 이현동▷빅데이터추진단장 신신애▷공공클라우드사업단장 박세규▷클라우드·플랫폼기술단장 김은주&lt;팀장급&gt;▷경영기획실 기획조정팀장 민성준▷〃 인사총무팀장 김주원▷〃 재무관리팀장 정수현▷정책본부 지능화법제도센터장 김형준▷지능데이터본부 데이터정책팀장 심호찬▷〃 AI데이터1팀장 유호진▷〃 AI데이터2팀장 오현목▷〃 AI데이터활용팀장 손기문▷빅데이터추진단 빅데이터서비스팀장 신다울▷공공데이터본부 공공데이터기획팀장 이동철▷〃 공공데이터인프라팀장 김상준▷〃 데이터기반행정팀장 강경훈▷디지털정부본부 디지털정부서비스팀장 윤억수▷공공클라우드사업단 공공클라우드전환팀장 강현구▷지능형인프라본부 네트워크전략팀장 이경주▷클라우드·플랫폼기술단 클라우드혁신팀장 나성욱▷〃 플랫폼기술전략팀장 윤희근▷디지털포용본부 포용기획팀장 양희인▷〃 역기능대응팀장 변민기\n\n◈금융위원회◎승진&lt;부이사관&gt;▷김연준\n\n◈수협중앙회◎승진&lt;부장급&gt;▷홍보실장 유정호▷부산본부장 임구수▷판매사업부장 김정우▷무역사업단장 임채영▷선원지원부장 박광범▷경영전략실장 박순철▷전남본부장 주홍보▷강서공판장장 신중동&lt;팀장급&gt;▷기획조정실 법무지원팀장 주수빈▷어업양식지원부 양식어업지원팀장 권성수▷공제보험본부 마케팅전략팀장 최수정▷〃 계약관리팀장 서동석▷정책보험부 보험제도팀장 김희정▷수산경제연구원 경영조사실장 김창우▷수산식품연구실 식품연구팀장 배용성▷제주어선안전조업국장 강태수▷천안물류센터장 박정호▷감천항물류센터장 장상현◎전보&lt;부장급&gt;▷상호금융본부장 이옥진▷공제보험〃 양해광▷어선안전조업〃 김풍근▷경제기획부장 김경필▷자재사업〃 강혁중▷연수원장 김성훈▷경남본부장 이용호▷경인〃 이재빈▷준법감시실장 김명철▷회원지원부장 전다윗▷연수원 김두영&lt;팀장급&gt;▷총무부 인사총무팀장 김갑곤▷〃 자산관리팀장 송효진▷회원지원부 회원지원팀장 강성훈▷〃 경영개선팀장 최정인▷상호금융본부 수신지원팀장 최호준▷〃 여신지원단장 이강식▷공제보험본부 공제기획팀장 조두영▷〃 지급심사팀장 이현종▷정책보험부 보험계약팀장 최영동▷자금운용본부 주식운용팀장 정종춘▷〃 기업금융팀장 김정은▷경제기획부 경영지원팀장 조윤형▷리스크관리본부 리스크관리팀장 홍윤정▷조합감사실 감사기획팀장 박수환▷조합감사실 감사2팀장 전재완▷연수원 정회상▷인천어선안전조업국장 김정연▷목포〃 황병천▷통영〃 김대근▷부산〃 김정섭▷경북본부장 권재환▷구리공판장장 현기헌▷자금운용본부 채권운용팀장 조건일▷감사실 일반감사2팀장 김상진▷연수원 부원장 정민식▷상호금융본부 채권관리지원팀장 김길성&lt;부장급 교육&gt;▷양운직 배철우 김동욱&lt;팀장급 교육&gt;▷김용관\n\n◈국립공원공단▷감사 김경순\n\n◈경기주택도시공사▷경영기획본부장 김병효▷주거사업본부장 조우현▷경제진흥본부장 이종선\n\n◈서울대◇사회과학대학▷기획부학장 김석호◇간호대학▷학장 박연환▷교무부학장 최희승▷학생부〃 김현의◇치의학대학원▷원장 권호범▷교무부원장 김선영▷학생부〃 조성대▷연구부〃 안진수◇데이터사이언스대학원▷원장 이재진▷교무부원장 박현우▷학생부〃 이승근\n\n◈한국표준협회◎전보▷인증본부장 김태형▷국방대 파견 김현균\n\n◈강동경희대병원▷심의조정처장 주선형▷기획진료부원장 변재용▷정보전략실장 유승돈▷의료협력실장 최천웅▷적정관리실장 류창우▷감염관리실장 문수연▷강동경희대의대병원 내과부장 겸 임상의학연구소 임상시험센터장 정인경▷〃 수술부장 조대진▷〃 교육수련부장 겸 임상의학연구소 의학연구부장 이상학▷강동경희대한방병원 한방내과장 윤성우\n\n◈문화일보▷논설고문 이철호",
  "published_at": "2023-01-03T17:23:38+09:00",
  "author": "한국경제",
  "image_urls": [],
  "thumbnail_url": "https://static.hankyung.com/img/logo/logo-news-sns.png?v=20201130",
  "content_url": "https://www.hankyung.com/article/2023010394071",
  "publisher": "한국경제",
  "analysis": {
    "companies": {
      "JB금융지주": {
        "original_mention": "JB금융지주",
        "mapped_name": "JB금융지주",
        "listing_status": "상장",
        "exchange": "",
        "country": "Korea",
        "sentiment": "중립",
        "sentiment_reason": "",
        "stock_code": null
      },
      "우리금융지주": {
        "original_mention": "우리자산신탁",
        "mapped_name": "우리금융지주",
        "listing_status": "상장",
        "exchange": "",
        "country": "Korea",
        "sentiment": "중립",
        "sentiment_reason": "",
        "stock_code": null
      }
    },
    "relations": []
  }
}