{
  "title": "대한항공, 유니세프와 기부 캠페인",
  "description": "대한항공, 유니세프와 기부 캠페인, 경제",
  "content": "대한항공은 유니세프 한국위원회와 함께 기부 캠페인 ‘플라이트 포 베터 투모로’(더 나은 내일을 위한 비행)를 시행한다고 24일 밝혔다. 기금 전액은 유니세프의 세계 어린이 지원 사업에 쓰일 예정이다.",
  "published_at": "2025-07-24T18:18:31+09:00",
  "author": "한국경제",
  "image_urls": [],
  "thumbnail_url": "https://static.hankyung.com/img/logo/logo-news-sns.png?v=20201130",
  "content_url": "https://www.hankyung.com/article/2025072403531",
  "publisher": "한국경제",
  "analysis": {
    "companies": {
      "대한항공": {
        "original_mention": "대한항공",
        "mapped_name": "대한항공",
        "listing_status": "상장",
        "exchange": "KOSPI",
        "country": "Korea",
        "sentiment": "긍정",
        "sentiment_reason": "유니세프와의 기부 캠페인 참여로 긍정적인 이미지 강화",
        "stock_code": "003490"
      },
      "유니세프": {
        "original_mention": "유니세프",
        "mapped_name": "유니세프",
        "listing_status": "비상장",
        "exchange": "",
        "country": "Other",
        "sentiment": "긍정",
        "sentiment_reason": "대한항공과의 협력으로 세계 어린이 지원 사업에 기여",
        "stock_code": null
      }
    },
    "relations": [
      {
        "source": "대한항공",
        "target": "유니세프",
        "relation_type": "파트너",
        "relation_reason": "기부 캠페인 협력",
        "source_is_listed": true,
        "source_country": "Korea",
        "source_ticker": "003490",
        "target_is_listed": false,
        "target_country": "Other",
        "target_ticker": null
      }
    ]
  }
}