{
  "title": "기아, 'PV5' 기네스 등재…1회 충전에 693㎞ 달려",
  "description": "기아, PV5 기네스 등재…1회 충전에 693㎞ 달려, 김보형 기자, 경제",
  "content": "[IMG]\n\n                            \n                        \n                        기아의 ‘더 기아 PV5’ 카고 모델 전기차가 최대 적재중량(665kg)을 싣고 693.38km를 달려 기네스 세계 기록을 수립했다.  기아 제공\n\n                    \n                기아의 ‘더 기아 PV5’ 카고 모델이 최대 적재 중량을 싣고, 1회 충전으로 최장 거리인 693.38㎞를 달린 전기 경상용차(eLCV)로 기네스 세계 기록에 등재됐다.\n\n송호성 기아 사장은 “PV5 카고가 세운 기네스 기록은 이동을 넘어 새로운 모빌리티 솔루션을 제공하겠다는 기아의 비전을 보여주는 뜻깊은 성과”라며 “기아의 PBV 차량이 콘셉트에 머무르지 않고 실제 환경에서도 뛰어난 효율성과 실용성을 갖추고 있음을 입증한 것”이라고 강조했다.\n\n이번 기록은 71.2kWh(킬로와트시) 배터리를 탑재한 PV5 카고 4도어(유럽 모델 기준)로 해당 모델의 최대 적재중량인 665㎏을 모두 채운 상태로 지난 9월 독일 프랑크푸르트 북부 일반 도로를 달렸다. 주행 코스는 물류 및 배달 업무를 충분히 재현할 수 있도록 58.2㎞의 도심 및 외곽 도로와 고도 상승 구간을 반복 주행하는 방식으로 구성했다. 주행 과정은 GPS 트래킹과 차량 내부에 설치한 카메라를 통해 기록했다.\n\n주행은 상용차 전문 기자인 조지 바로우와 현대차·기아 유럽 기술센터 선임 엔지니어인 크리스토퍼 니게마이어가 맡았다. 바로우 기자는 “PV5 카고가 최대 적재중량으로 단 한 번 충전에 693㎞ 이상 주행할 수 있다는 점이 인상적이었다”며 “이 기록이 당분간 깨지기는 어려울 것”이라고 했다. 니게마이어 현대차·기아 선임 엔지니어도 “PV5 카고의 PE 시스템을 잘 이해하고 있어 전비 운전을 고려한 주행을 했고, 이번 기록을 통해 PV5 카고의 주행 능력에 감탄했다”고 소감을 전했다.\n\nPV5는 기아 최초의 전동화 전용 목적 맞춤형 차량(PBV)로 PBV 전용 전동화 플랫폼 ‘E-GMP.S’를 기반으로 고객의 다양한 요구에 대응할 수 있도록 개발된 하드웨어와 최적의 비즈니스 환경을 지원하는 소프트웨어 솔루션이 통합된 신개념 차량이다. 이번 기네스 세계 기록을 수립한 PV5 카고는 넉넉한 화물 공간은 물론, 낮은 적재고(지면에서 테일게이트 개구부 최하단까지의 높이)와 뛰어난 공간 활용성을 갖추고 있다.\n\nPV5 카고는 71.2kWh 용량의 배터리를 탑재한 롱레인지 모델과 51.5kWh 용량의 배터리를 탑재한 스탠다드 모델로 구성됐다. 1회 충전 주행가능거리(국내 복합 기준)는 각각 최대 377㎞와 280㎞다. 롱레인지와 스탠다드 모델 모두 350kW(킬로와트)급 충전기로 급속 충전 시 배터리 충전량 10%에서 80%까지 충전하는 데 30분(연구소 자체 측정 기준) 밖에 걸리지 않는다.\n\n기아는 올해 PV5 카고와 패신저 모델을 출시했다. 앞으로 교통약자의 이동 편의성을 위한 차량과 샤시캡, 오픈베드, 내장·냉동탑차 등 PV5의 다양한 라인업을 순차적으로 출시해 전기차 시장에 적극 대응해 나갈 예정이다.\n\n김보형 기자 kph21c@hankyung.com",
  "published_at": "2025-11-03T15:26:40+09:00",
  "author": "김보형",
  "image_urls": [
    "https://img.hankyung.com/photo/202511/AA.42259788.1.jpg"
  ],
  "thumbnail_url": "https://img.hankyung.com/photo/202511/AA.42259788.1.jpg",
  "content_url": "https://www.hankyung.com/article/2025110395441",
  "publisher": "한국경제",
  "analysis": {
    "companies": {
      "기아": {
        "original_mention": "기아",
        "mapped_name": "기아",
        "listing_status": "상장",
        "exchange": "KOSPI",
        "country": "Korea",
        "sentiment": "긍정",
        "sentiment_reason": "기아의 PV5 카고 모델이 기네스 세계 기록을 수립하여 긍정적인 성과를 보여줌.",
        "stock_code": "000270"
      },
      "현대차": {
        "original_mention": "현대차",
        "mapped_name": "현대차",
        "listing_status": "상장",
        "exchange": "KOSPI",
        "country": "Korea",
        "sentiment": "중립",
        "sentiment_reason": "현대차는 기사에서 기아와의 협력 관계로 언급되었으나, 직접적인 성과나 부정적인 요소는 없음.",
        "stock_code": "005380"
      }
    },
    "relations": [
      {
        "source": "기아",
        "target": "현대차",
        "relation_type": "파트너",
        "relation_reason": "현대차·기아 유럽 기술센터 선임 엔지니어가 기아의 PV5 카고 모델 주행에 참여.",
        "source_is_listed": true,
        "source_country": "Korea",
        "source_ticker": "000270",
        "target_is_listed": true,
        "target_country": "Korea",
        "target_ticker": "005380"
      }
    ]
  }
}