{
  "title": "HD현대건설기계·인프라코어 임시주총 통과…내년 통합 출범",
  "description": "HD현대건설기계·인프라코어, 임시주총 통과…내년 통합 출범, 김진원 기자, 경제",
  "content": "국내 최대 건설기계 회사가 내년 1월 탄생한다. HD현대건설기계와 HD현대인프라코어는 16일 각각 임시 주주총회를 열고 합병계약 체결 승인 안건을 참석 주주 99% 이상의 찬성률로 통과시켰다. 양사는 다음달 10일까지 주식매수청구권 행사 기간을 거친 뒤 내년 1월 합병법인 HD건설기계로 공식 출범한다.\n\nHD현대건설기계와 HD현대인프라코어는 지난 7월 합병을 발표했다. 글로벌 건설 경기의 불확실성이 지속되고 업계 경쟁이 심화하는 상황에서 규모의 경제를 통해 시장 장악력을 키우기 위해 통합을 결정했다.\n\n합병법인인 HD건설기계는 2030년 매출 14조8000억원을 달성해 ‘글로벌 톱10’ 건설기계회사가 되는 걸 목표로 하고 있다. 지난해 두 회사의 합산 매출은 8조원으로, 세계시장 점유율은 HD현대인프라코어가 21위, HD현대건설기계가 25위였다. 주력 사업인 건설장비를 비롯해 엔진과 판매후시장(AM) 등 사업 전 영역에서 고르게 성장한다는 전략이다.\n\nHD현대 관계자는 “합병법인에 대한 신뢰와 기대를 보여준 주주들에게 감사드린다”며 “국가대표 건설기계 기업으로서 한국 건설기계 산업 발전의 새로운 이정표를 세우겠다”고 말했다.\n\n김진원 기자 jin1@hankyung.com",
  "published_at": "2025-09-16T19:51:48+09:00",
  "author": "김진원",
  "image_urls": [],
  "thumbnail_url": "https://static.hankyung.com/img/logo/logo-news-sns.png?v=20201130",
  "content_url": "https://www.hankyung.com/article/2025091680761",
  "publisher": "한국경제",
  "analysis": {
    "companies": {
      "HD현대건설기계": {
        "original_mention": "HD현대건설기계",
        "mapped_name": "HD현대건설기계",
        "listing_status": "상장",
        "exchange": "",
        "country": "Korea",
        "sentiment": "중립",
        "sentiment_reason": "합병을 통해 시장 장악력을 키우기 위한 긍정적인 전략이지만, 글로벌 건설 경기의 불확실성으로 인해 중립적인 평가.",
        "stock_code": null
      },
      "HD현대인프라코어": {
        "original_mention": "HD현대인프라코어",
        "mapped_name": "HD현대인프라코어",
        "listing_status": "상장",
        "exchange": "",
        "country": "Korea",
        "sentiment": "중립",
        "sentiment_reason": "합병을 통해 시장 장악력을 키우기 위한 긍정적인 전략이지만, 글로벌 건설 경기의 불확실성으로 인해 중립적인 평가.",
        "stock_code": null
      }
    },
    "relations": [
      {
        "source": "HD현대건설기계",
        "target": "HD현대인프라코어",
        "relation_type": "합병",
        "relation_reason": "양사는 합병을 통해 규모의 경제를 실현하고 시장 장악력을 강화하기로 결정.",
        "source_is_listed": true,
        "source_country": "Korea",
        "source_ticker": null,
        "target_is_listed": true,
        "target_country": "Korea",
        "target_ticker": null
      }
    ]
  }
}