{
  "title": "수성알파시티에 글로벌캠·산업AX연구원 추진…해외 기관과 연계 AI 인재 양성, 기업 실증 연구",
  "description": "수성알파시티에 글로벌캠·산업AX연구원 추진…해외 기관과 연계 AI 인재 양성, 기업 실증 연구, 글로벌 AX 연구허브 DGIST 글로벌 수준의 연구환경 조성 로봇·AI·바이오 등 연구 성과 피지컬 AI 분야 연구도 활발 LG전자·퓨리오사AI 등 협력",
  "content": "[IMG]\n\n                            \n                        \n                         글로벌AX연구허브로 도약하는 DGIST 전경.  DGIST 제공\n                    \n                DGIST가 AX 대표도시를 선언한 대구의 핵심 연구기관이자 글로벌 인재 양성 기관으로 부상하고 있다.\n\nDGIST는 글로벌 AX 대표도시 대구 프로젝트를 위해 학교 밖인 대구수성알파시티에 글로벌 캠퍼스와 산업AX 연구원을 추진하고 있다고 19일 밝혔다.\n\n이건우 DGIST 총장은 “대구가 AI 4대 혁신거점으로 선정된 것은 단순히 지역 차원의 성과가 아니라 한국이 글로벌 AI 경쟁에서 한발 앞서 나갈 수 있는 중요한 계기”라며 “DGIST는 3년 전 대구시가 이 사업의 예비타당성조사 사업을 기획할 때부터 적극적으로 참여했고 앞으로도 긴밀히 협력할 것”이라고 밝혔다.\n\n‘AI 판교’ 프로젝트가 추진되고 있는 수성알파시티에 건립 중인 DGIST 글로벌 캠퍼스는 국제 공동연구와 글로벌 교육을 위한 거점이다. 해외 연구기관, 기업과 연계해 세계적인 AI연구와 인재 양성을 추진한다. 이곳에서는 영어 몰입형 단기학위, 마이크로 크리덴셜 과정, 해외 파트너 랩 연계 프로그램 등을 운영해 대구가 글로벌 인재를 유치하는 중심지가 되도록 할 계획이다. ◇기업과 실증연구 산업AX 연구원 추진DGIST가 새롭게 추진 중인 산업AX 연구원은 ‘AI 전환’을 핵심 비전으로 삼고 있다. 모빌리티, 헬스케어, 로봇, 바이오를 4대 축으로, 지역 기업들과 공동으로 실증 연구를 하고 글로벌 기업과의 협력도 확대한다. 이 총장은 “연구개발을 넘어 산업현장에서 바로 적용할 수 있는 테스트베드와 실증 플랫폼을 구축해 대구가 글로벌 AI 대표 도시가 되는데 실질적인 힘을 보탤 계획”이라고 강조했다. ◇세계적으로 손꼽히는 AI 연구성과DGIST는 AI 분야에서 세계적으로 손꼽히는 대학이자 연구기관으로 변신하고 있다. 인프라 측면에서는 슈퍼컴퓨팅 센터와 반도체 팹 등 첨단 연구 인프라를 갖추고 있고, ‘AI 스타 펠로우십’이나 ‘AI 융합 이노코어(InnoCORE) 연구단’ 같은 대형 국가 과제에 주관기관으로 참여하면서 글로벌 수준의 연구 환경을 조성하고 있다.\n\n박상현 교수(로봇 및 기계전자공학과)팀은 지난해 4월 스탠퍼드와 함께 의료영상 데이터를 활용한 연합학습 기반 다중 장기 영역화 AI를 개발해 환자의 민감한 데이터를 공유하지 않고도 정확도를 높이는 기술을 선보였다. 장재은·권혁준 교수(전기전자컴퓨터공학과)팀은 지난해 5월 차세대 AI 메모리 트랜지스터 공정 기술을 세계 최초로 구현해, 고속·저전력 AI 반도체 분야의 돌파구를 마련했다. 또 권혁준 교수(전기전자컴퓨터공학과)팀도 지난해 AI 전자코를 개발해 95% 이상의 정밀도로 향기를 구분하는 성과를 거두며 웨어러블, 헬스케어, 환경 분야까지 확장 가능성을 보여주고 있다.\n\n바이오·의료 AI도 DGIST의 강점이다. 이윤희(바이오메디컬연구부)·구교권(지능형로봇연구부)연구팀은 올해 7월 원자힘현미경으로 단일 엑소좀의 물리적 특성을 측정하고 AI로 분석해, 폐암 유전자 변이를 96% 정확도로 구별하는 새로운 액체 생검 기술을 제시했다. 조기 진단이라는 의료계의 큰 숙제를 풀 수 있는 혁신적인 성과로 평가된다. ◇피지컬AI분야도 전략적 연구DGIST는 단일 연구성과를 넘어서 ‘피지컬 AI’라는 전략 분야도 제시했다. 단순히 소프트웨어 AI가 아니라, 로봇 같은 물리적 플랫폼에서 인간과 상호작용하며 자율적으로 판단하는 AI다. 이를 위해 ‘엠바디드 AI/피지컬 AI 워크숍’을 세계적 연구자들과 함께 열고, LG전자·퓨리오사AI 등 기업들과도 협력하고 있다. DGIST의 강점이 바로 이런 융합에 있다.\n\n이 총장은 “반도체·로봇·바이오·의료까지, 단일 학문을 넘어선 융합적 AI 연구가 이뤄지고 있고, 학생과 연구자가 글로벌 무대에서 경쟁할 수 있는 토대를 만들어가고 있다”며 “ 앞으로도 DGIST는 ‘작지만 강한 AI 허브’로 자리매김해, 기술과 사회가 공존하는 AI 생태계 구축에 앞장서겠다”고 강조했다.\n\n대구=오경묵 기자 okmook@hankyung.com",
  "published_at": "2025-09-21T16:06:42+09:00",
  "author": "오경묵",
  "image_urls": [
    "https://img.hankyung.com/photo/202509/AA.41794846.1.jpg"
  ],
  "thumbnail_url": "https://img.hankyung.com/photo/202509/AA.41794846.1.jpg",
  "content_url": "https://www.hankyung.com/article/2025092173091",
  "publisher": "한국경제",
  "analysis": {
    "companies": {
      "LG전자": {
        "original_mention": "LG전자",
        "mapped_name": "LG전자",
        "listing_status": "상장",
        "exchange": "KRX",
        "country": "Korea",
        "sentiment": "중립",
        "sentiment_reason": "DGIST와의 협력 언급",
        "stock_code": "066570"
      },
      "퓨리오사AI": {
        "original_mention": "퓨리오사AI",
        "mapped_name": "퓨리오사AI",
        "listing_status": "비상장",
        "exchange": "",
        "country": "Korea",
        "sentiment": "중립",
        "sentiment_reason": "DGIST와의 협력 언급",
        "stock_code": null
      }
    },
    "relations": [
      {
        "source": "LG전자",
        "target": "DGIST",
        "relation_type": "파트너",
        "relation_reason": "AI 연구 협력",
        "source_is_listed": true,
        "source_country": "Korea",
        "source_ticker": "066570",
        "target_is_listed": false,
        "target_country": "Korea",
        "target_ticker": null
      },
      {
        "source": "퓨리오사AI",
        "target": "DGIST",
        "relation_type": "파트너",
        "relation_reason": "AI 연구 협력",
        "source_is_listed": false,
        "source_country": "Korea",
        "source_ticker": null,
        "target_is_listed": false,
        "target_country": "Korea",
        "target_ticker": null
      }
    ]
  }
}